{
  "type": "FeatureCollection",
  "generator": "overpass-turbo",
  "copyright": "The data included in this document is from www.openstreetmap.org. The data is made available under ODbL.",
  "timestamp": "2026-09-08T12:49:25Z",
  "features": [
    {
      "type": "Feature",
      "properties": {
        "@id": "node/425089052",
        "amenity": "charging_station",
        "amperage": "32",
        "authentication:short_message": "yes",
        "bicycle": "no",
        "capacity": "2",
        "operator": "RWE-Effizienz",
        "ref": "BA-0602-4 / BA-0603-0",
        "socket:type2": "2",
        "source": "RWE Effizienz GmbH, Dortmund",
        "source:delivery_date": "2011/01/17",
        "voltage": "400"
      },
      "geometry": {
        "type": "Point",
        "coordinates": [
          13.3227032,
          52.513693
        ]
      },
      "id": "node/425089052"
    },
    {
      "type": "Feature",
      "properties": {
        "@id": "node/429740871",
        "access": "yes",
        "addr:floor": "0",
        "amenity": "charging_station",
        "amperage": "32",
        "authentication:short_message": "yes",
        "brand": "e.on drive",
        "brand:wikidata": "Q2124721",
        "brand:wikipedia": "de:Innogy",
        "capacity": "2",
        "covered": "no",
        "fee": "yes",
        "level": "0",
        "name": "Innogy",
        "opening_hours": "24/7",
        "operator": "E.ON",
        "operator:wikidata": "Q270223",
        "operator:wikipedia": "de:Innogy",
        "payment:mastercard": "yes",
        "payment:visa": "yes",
        "ref": "BA-0500-2 / BA-0501-9",
        "socket:type2": "2",
        "source": "survey",
        "voltage": "400"
      },
      "geometry": {
        "type": "Point",
        "coordinates": [
          13.3808678,
          52.5236617
        ]
      },
      "id": "node/429740871"
    },
    {
      "type": "Feature",
      "properties": {
        "@id": "node/429951629",
        "amenity": "charging_station",
        "amperage": "32",
        "authentication:short_message": "yes",
        "brand": "Innogy",
        "brand:wikidata": "Q2124721",
        "brand:wikipedia": "de:Innogy",
        "capacity": "2",
        "name": "RWE Stromtankstelle E-Mobillity",
        "note:de": "Vor Schaperstraße 17 neben Eckhaus Meinekestraße",
        "operator": "Innogy",
        "operator:wikidata": "Q2124721",
        "operator:wikipedia": "de:Innogy",
        "ref": "BA-0798-1 / BA-0707-5",
        "socket:type2": "2",
        "source": "RWE Effizienz GmbH, Dortmund",
        "source:delivery_date": "2011/01/17",
        "voltage": "400"
      },
      "geometry": {
        "type": "Point",
        "coordinates": [
          13.3290278,
          52.4994055
        ]
      },
      "id": "node/429951629"
    },
    {
      "type": "Feature",
      "properties": {
        "@id": "node/520518082",
        "amenity": "charging_station",
        "amperage": "32",
        "authentication:membership_card": "yes",
        "capacity": "2",
        "name": "Vattenfall InCharge Ladesäule",
        "operator": "Vattenfall",
        "payment:account_cards": "yes",
        "socket:type2": "2"
      },
      "geometry": {
        "type": "Point",
        "coordinates": [
          13.3254003,
          52.5028106
        ]
      },
      "id": "node/520518082"
    },
    {
      "type": "Feature",
      "properties": {
        "@id": "node/610981736",
        "access": "permit",
        "amenity": "charging_station",
        "amperage": "32",
        "authentication:short_message": "yes",
        "capacity": "2",
        "name": "Stromtankstelle",
        "operator": "RWE-Effizienz",
        "ref": "BA-0489-6 / BA-0487-3",
        "socket:type2": "2"
      },
      "geometry": {
        "type": "Point",
        "coordinates": [
          13.2737032,
          52.5358323
        ]
      },
      "id": "node/610981736"
    },
    {
      "type": "Feature",
      "properties": {
        "@id": "node/645567402",
        "addr:housenumber": "2",
        "addr:street": "Cohnstraße",
        "amenity": "charging_station",
        "capacity": "1",
        "opening_hours": "24/7",
        "operator": "Qwello",
        "operator:wikidata": "Q130302686"
      },
      "geometry": {
        "type": "Point",
        "coordinates": [
          13.4465366,
          52.5468267
        ]
      },
      "id": "node/645567402"
    },
    {
      "type": "Feature",
      "properties": {
        "@id": "node/667211393",
        "amenity": "charging_station",
        "amperage": "32",
        "authentication:short_message": "yes",
        "capacity": "2",
        "note:de": "Steubenplatz vor Häusern",
        "operator": "RWE-Effizienz",
        "ref": "BA-0711-5 / BA-0712-1",
        "socket:type2": "2",
        "source": "RWE Effizienz GmbH, Dortmund",
        "source:delivery_date": "2011/01/17",
        "voltage": "400"
      },
      "geometry": {
        "type": "Point",
        "coordinates": [
          13.2613337,
          52.5164617
        ]
      },
      "id": "node/667211393"
    },
    {
      "type": "Feature",
      "properties": {
        "@id": "node/694566615",
        "amenity": "charging_station",
        "amperage": "32",
        "authentication:short_message": "yes",
        "capacity": "2",
        "note:de": "Kurfürstendamm / Schlüterstraße Mittelstreifen vor Kurfürstendamm",
        "opening_hours": "24/7",
        "operator": "RWE-Effizienz",
        "payment:account_cards": "yes",
        "ref": "BA-0499-4 / BA-0502-5",
        "socket:type2": "2",
        "source": "RWE Effizienz GmbH, Dortmund",
        "source:delivery_date": "2011/01/17",
        "voltage": "400"
      },
      "geometry": {
        "type": "Point",
        "coordinates": [
          13.3168897,
          52.5009144
        ]
      },
      "id": "node/694566615"
    },
    {
      "type": "Feature",
      "properties": {
        "@id": "node/704002935",
        "amenity": "charging_station",
        "amperage": "32",
        "authentication:short_message": "yes",
        "bicycle": "no",
        "capacity": "2",
        "note:de": "Güntzel Straße vor ADAC neben Haus Nr. Bundesallee",
        "operator": "RWE-Effizienz",
        "ref": "BA-0622-0 / BA-0623-7",
        "socket:type2": "2",
        "source": "RWE Effizienz GmbH, Dortmund",
        "source:delivery_date": "2011/01/17",
        "voltage": "400"
      },
      "geometry": {
        "type": "Point",
        "coordinates": [
          13.3304639,
          52.4909329
        ]
      },
      "id": "node/704002935"
    },
    {
      "type": "Feature",
      "properties": {
        "@id": "node/718678233",
        "amenity": "charging_station",
        "amperage": "32",
        "authentication:short_message": "yes",
        "brand": "Innogy",
        "brand:wikidata": "Q2124721",
        "capacity": "2",
        "name": "Innogy",
        "operator": "Innogy",
        "operator:wikidata": "Q2124721",
        "ref": "BA-0709-8 / BA-0710-9",
        "socket:type2": "2",
        "source": "RWE Effizienz GmbH, Dortmund",
        "source:delivery_date": "2011/01/17",
        "voltage": "400"
      },
      "geometry": {
        "type": "Point",
        "coordinates": [
          13.2727125,
          52.5085609
        ]
      },
      "id": "node/718678233"
    },
    {
      "type": "Feature",
      "properties": {
        "@id": "node/769334936",
        "access": "no",
        "amenity": "charging_station",
        "authentication:app": "yes",
        "authentication:nfc": "yes",
        "brand": "Innogy",
        "brand:wikidata": "Q2124721",
        "brand:wikipedia": "de:Innogy",
        "capacity": "2",
        "contact:phone": "0800 2255793",
        "contact:website": "https://www.epowerdirect.com/",
        "fee": "yes",
        "motorcar": "yes",
        "name": "Innogy",
        "opening_hours": "24/7",
        "operator": "Innogy",
        "operator:wikidata": "Q2124721",
        "operator:wikipedia": "de:Innogy",
        "parking:fee": "no",
        "ref": "BD-1540-1;BD-1551-6",
        "socket:type2": "2",
        "socket:type2:output": "22 kW"
      },
      "geometry": {
        "type": "Point",
        "coordinates": [
          13.408923,
          52.5104425
        ]
      },
      "id": "node/769334936"
    },
    {
      "type": "Feature",
      "properties": {
        "@id": "node/822840995",
        "amenity": "charging_station",
        "amperage": "32",
        "authentication:short_message": "yes",
        "bicycle": "no",
        "capacity": "2",
        "note:de": "Kantstraße / Ecke Wilmersdorfer Straße gegenüber Kantstraße",
        "operator": "RWE-Effizienz",
        "ref": "BA-0693-4 / BA-0593-5",
        "socket:type2": "2",
        "source": "RWE Effizienz GmbH, Dortmund",
        "source:delivery_date": "2011/01/17",
        "voltage": "400"
      },
      "geometry": {
        "type": "Point",
        "coordinates": [
          13.3062754,
          52.5068111
        ]
      },
      "id": "node/822840995"
    },
    {
      "type": "Feature",
      "properties": {
        "@id": "node/829829425",
        "amenity": "charging_station",
        "amperage": "32",
        "authentication:short_message": "yes",
        "capacity": "2",
        "note:de": "Fritz-Wildung-Straße / Ecke Cunostraße",
        "operator": "RWE-Effizienz",
        "ref": "BA-0652-5 / BA-0653-1",
        "socket:type2": "2",
        "source": "RWE Effizienz GmbH, Dortmund",
        "source:delivery_date": "2011/01/17",
        "voltage": "400"
      },
      "geometry": {
        "type": "Point",
        "coordinates": [
          13.2964507,
          52.4837637
        ]
      },
      "id": "node/829829425"
    },
    {
      "type": "Feature",
      "properties": {
        "@id": "node/848161504",
        "amenity": "charging_station",
        "amperage": "32",
        "authentication:short_message": "yes",
        "bicycle": "no",
        "capacity": "2",
        "operator": "RWE-Effizienz",
        "ref": "BA-0512-3 / BA-0594-1",
        "socket:type2": "2",
        "source": "RWE Effizienz GmbH, Dortmund",
        "source:delivery_date": "2011/01/17",
        "voltage": "400"
      },
      "geometry": {
        "type": "Point",
        "coordinates": [
          13.3000519,
          52.5050441
        ]
      },
      "id": "node/848161504"
    },
    {
      "type": "Feature",
      "properties": {
        "@id": "node/896321945",
        "amenity": "charging_station",
        "bus": "designated",
        "capacity": "2"
      },
      "geometry": {
        "type": "Point",
        "coordinates": [
          13.589487,
          52.5124279
        ]
      },
      "id": "node/896321945"
    },
    {
      "type": "Feature",
      "properties": {
        "@id": "node/948984236",
        "amenity": "charging_station",
        "amperage": "32",
        "authentication:short_message": "yes",
        "bicycle": "no",
        "brand": "E.ON Drive",
        "brand:wikidata": "Q126650419",
        "brand:wikipedia": "de:Innogy",
        "capacity": "2",
        "check_date": "2025-11-28",
        "name": "Innogy",
        "note:de": "Linkstraße /Ecke Gabriele-Terger Promenade",
        "operator": "E.ON",
        "operator:wikidata": "Q270223",
        "operator:wikipedia": "de:Innogy",
        "ref": "BA-0875-9 / BA-0876-5",
        "socket:type2": "2",
        "voltage": "400"
      },
      "geometry": {
        "type": "Point",
        "coordinates": [
          13.3765722,
          52.5082445
        ]
      },
      "id": "node/948984236"
    },
    {
      "type": "Feature",
      "properties": {
        "@id": "node/951715914",
        "addr:suburb": "Charlottenburg",
        "amenity": "charging_station",
        "amperage": "32",
        "authentication:short_message": "yes",
        "capacity": "2",
        "note:de": "Savignyplatz (Nord) vor Knesebeckstraße",
        "operator": "RWE-Effizienz",
        "ref": "BA-0601-8 / BA-0600-1",
        "socket:type2": "2",
        "source": "RWE Effizienz GmbH, Dortmund",
        "source:delivery_date": "2011/01/17",
        "voltage": "400"
      },
      "geometry": {
        "type": "Point",
        "coordinates": [
          13.3223562,
          52.506542
        ]
      },
      "id": "node/951715914"
    },
    {
      "type": "Feature",
      "properties": {
        "@id": "node/951715921",
        "amenity": "charging_station",
        "amperage": "32",
        "authentication:short_message": "yes",
        "bicycle": "no",
        "brand": "Innogy",
        "brand:wikidata": "Q2124721",
        "brand:wikipedia": "de:Innogy",
        "capacity": "2",
        "name": "Innogy",
        "note:de": "Savignyplatz (Süd) gegenüber Savignyplatz",
        "operator": "Innogy",
        "operator:wikidata": "Q2124721",
        "operator:wikipedia": "de:Innogy",
        "ref": "BA-0658-3 / BA-0604-7",
        "ref:EU:EVSE": "DE*UFC*E01020*1;DE*UFC*E01020*2",
        "socket:type2": "2",
        "voltage": "400"
      },
      "geometry": {
        "type": "Point",
        "coordinates": [
          13.3229279,
          52.5055709
        ]
      },
      "id": "node/951715921"
    },
    {
      "type": "Feature",
      "properties": {
        "@id": "node/972435022",
        "access": "private",
        "amenity": "charging_station"
      },
      "geometry": {
        "type": "Point",
        "coordinates": [
          13.5466399,
          52.426589
        ]
      },
      "id": "node/972435022"
    },
    {
      "type": "Feature",
      "properties": {
        "@id": "node/1104278129",
        "amenity": "charging_station",
        "amperage": "32",
        "authentication:membership_card": "yes",
        "capacity": "3",
        "operator": "Vattenfall",
        "socket:type2": "2",
        "wheelchair": "limited"
      },
      "geometry": {
        "type": "Point",
        "coordinates": [
          13.5115476,
          52.5346286
        ]
      },
      "id": "node/1104278129"
    },
    {
      "type": "Feature",
      "properties": {
        "@id": "node/1184068018",
        "amenity": "charging_station",
        "amperage": "32;16",
        "authentication:membership_card": "yes",
        "bicycle": "no",
        "capacity": "2",
        "name": "Vattenfall Ladesäule",
        "operator": "Vattenfall",
        "ref": "015 016",
        "socket:type2": "2"
      },
      "geometry": {
        "type": "Point",
        "coordinates": [
          13.3773368,
          52.5097676
        ]
      },
      "id": "node/1184068018"
    },
    {
      "type": "Feature",
      "properties": {
        "@id": "node/1244643565",
        "amenity": "charging_station",
        "amperage": "32",
        "authentication:membership_card": "yes",
        "capacity": "2",
        "opening_hours": "24/7",
        "operator": "Vattenfall",
        "ref": "11016",
        "socket:type2": "2"
      },
      "geometry": {
        "type": "Point",
        "coordinates": [
          13.3390018,
          52.5028673
        ]
      },
      "id": "node/1244643565"
    },
    {
      "type": "Feature",
      "properties": {
        "@id": "node/1244644142",
        "amenity": "charging_station",
        "amperage": "32",
        "authentication:short_message": "yes",
        "brand": "E.ON Drive",
        "brand:wikidata": "Q126650419",
        "capacity": "2",
        "fee": "yes",
        "note:de": "Jüdenstraße vor rotem Rathaus",
        "operator": "E.ON",
        "operator:wikidata": "Q270223",
        "ref": "BA-0504-8 / BA-0503-1",
        "socket:type2": "2",
        "source": "RWE Effizienz GmbH, Dortmund",
        "source:delivery_date": "2011/01/17",
        "voltage": "400",
        "wheelchair": "no"
      },
      "geometry": {
        "type": "Point",
        "coordinates": [
          13.4091253,
          52.5187782
        ]
      },
      "id": "node/1244644142"
    },
    {
      "type": "Feature",
      "properties": {
        "@id": "node/1244656914",
        "amenity": "charging_station",
        "authentication:short_message": "yes",
        "capacity": "2",
        "operator": "RWE-Effizienz"
      },
      "geometry": {
        "type": "Point",
        "coordinates": [
          13.3549562,
          52.5058153
        ]
      },
      "id": "node/1244656914"
    },
    {
      "type": "Feature",
      "properties": {
        "@id": "node/1245844409",
        "access": "yes",
        "amenity": "charging_station",
        "authentication:short_message": "yes",
        "bicycle": "no",
        "brand": "E.ON Drive",
        "brand:wikidata": "Q126650419",
        "brand:wikipedia": "de:E.ON",
        "capacity": "2",
        "fee": "yes",
        "name": "e.on",
        "note:de": "Luisenstraße hinter Invalidenstraße/Platz vor neuem Tor",
        "opening_hours": "24/7",
        "operator": "E.ON",
        "operator:wikidata": "Q270223",
        "ref": "BB-6117-3 / BB-6172-0",
        "socket:type2": "2",
        "socket:type2:current": "32",
        "socket:type2:output": "22 kW",
        "socket:type2:voltage": "400",
        "wheelchair": "yes"
      },
      "geometry": {
        "type": "Point",
        "coordinates": [
          13.3788405,
          52.5286924
        ]
      },
      "id": "node/1245844409"
    },
    {
      "type": "Feature",
      "properties": {
        "@id": "node/1254306707",
        "amenity": "charging_station",
        "amperage": "32",
        "authentication:short_message": "yes",
        "bicycle": "no",
        "brand": "Innogy",
        "brand:wikidata": "Q2124721",
        "brand:wikipedia": "de:Innogy",
        "capacity": "2",
        "name": "Innogy",
        "note:de": "Mollstraße / Berolinastraße",
        "opening_hours": "24/7",
        "operator": "Innogy",
        "operator:wikidata": "Q2124721",
        "operator:wikipedia": "de:Innogy",
        "ref": "BA-0877-1 / BA-0878-8",
        "socket:type2": "2",
        "voltage": "400"
      },
      "geometry": {
        "type": "Point",
        "coordinates": [
          13.4214658,
          52.5242832
        ]
      },
      "id": "node/1254306707"
    },
    {
      "type": "Feature",
      "properties": {
        "@id": "node/1256825689",
        "amenity": "charging_station",
        "amperage": "32",
        "authentication:short_message": "yes",
        "bicycle": "no",
        "capacity": "2",
        "note:de": "Flensburger Straße / Claudiusstraße",
        "operator": "RWE-Effizienz",
        "ref": "BA-0016-3 / BA-0105-8",
        "socket:type2": "2",
        "source": "RWE Effizienz GmbH, Dortmund",
        "source:delivery_date": "2011/01/17",
        "voltage": "400",
        "wikimedia_commons": "File:20240311 xl 0704-Ladestation Flensburger Straße, BA-0016-3 - BA-0105-8.jpg"
      },
      "geometry": {
        "type": "Point",
        "coordinates": [
          13.3456778,
          52.5203502
        ]
      },
      "id": "node/1256825689"
    },
    {
      "type": "Feature",
      "properties": {
        "@id": "node/1272542302",
        "amenity": "charging_station",
        "amperage": "32",
        "authentication:short_message": "yes",
        "brand": "Innogy",
        "brand:wikidata": "Q2124721",
        "capacity": "2",
        "name": "Innogy",
        "note:de": "Torgauerstraße (EUREF)",
        "operator": "Innogy",
        "operator:wikidata": "Q2124721",
        "ref": "BA-0742-6 / BA-0726-5",
        "socket:type2": "2",
        "source": "RWE Effizienz GmbH, Dortmund",
        "source:delivery_date": "2011/01/17",
        "voltage": "400"
      },
      "geometry": {
        "type": "Point",
        "coordinates": [
          13.3572887,
          52.4822945
        ]
      },
      "id": "node/1272542302"
    },
    {
      "type": "Feature",
      "properties": {
        "@id": "node/1272542304",
        "amenity": "charging_station",
        "amperage": "32",
        "authentication:short_message": "yes",
        "bicycle": "no",
        "brand": "Innogy",
        "brand:wikidata": "Q2124721",
        "capacity": "2",
        "name": "Innogy",
        "note:de": "Stülerstraße / Corneliusstraße",
        "operator": "Innogy",
        "operator:wikidata": "Q2124721",
        "ref": "BA-0079-1 / BA-0340-7",
        "socket:type2": "2",
        "source": "RWE Effizienz GmbH, Dortmund",
        "source:delivery_date": "2011/01/17",
        "voltage": "400"
      },
      "geometry": {
        "type": "Point",
        "coordinates": [
          13.3490613,
          52.5077924
        ]
      },
      "id": "node/1272542304"
    },
    {
      "type": "Feature",
      "properties": {
        "@id": "node/1272542305",
        "amenity": "charging_station",
        "amperage": "20",
        "bicycle": "no",
        "brand": "Innogy",
        "brand:wikidata": "Q2124721",
        "brand:wikipedia": "de:Innogy",
        "capacity": "2",
        "name": "Innogy",
        "note:de": "Lützowplatz",
        "opening_hours": "24/7",
        "operator": "Innogy",
        "operator:wikidata": "Q2124721",
        "operator:wikipedia": "de:Innogy",
        "ref": "BA-0735-7",
        "socket:type2": "2",
        "source": "survey",
        "voltage": "250"
      },
      "geometry": {
        "type": "Point",
        "coordinates": [
          13.3530258,
          52.5040992
        ]
      },
      "id": "node/1272542305"
    },
    {
      "type": "Feature",
      "properties": {
        "@id": "node/1272542307",
        "amenity": "charging_station",
        "brand": "Innogy",
        "brand:wikidata": "Q2124721",
        "brand:wikipedia": "de:Innogy",
        "capacity": "2",
        "name": "Innogy",
        "operator": "Innogy",
        "operator:wikidata": "Q2124721",
        "operator:wikipedia": "de:Innogy"
      },
      "geometry": {
        "type": "Point",
        "coordinates": [
          13.3152195,
          52.4932261
        ]
      },
      "id": "node/1272542307"
    },
    {
      "type": "Feature",
      "properties": {
        "@id": "node/1272542308",
        "amenity": "charging_station",
        "amperage": "32",
        "authentication:short_message": "yes",
        "capacity": "2",
        "note:de": "Schloßstraße vor Sammlung Berggruen",
        "operator": "RWE-Effizienz",
        "ref": "BA-0587-2 / BA-0588-9",
        "socket:type2": "2",
        "source": "RWE Effizienz GmbH, Dortmund",
        "source:delivery_date": "2011/01/17",
        "survey:date": "2023-05-14",
        "voltage": "400"
      },
      "geometry": {
        "type": "Point",
        "coordinates": [
          13.2957182,
          52.5189122
        ]
      },
      "id": "node/1272542308"
    },
    {
      "type": "Feature",
      "properties": {
        "@id": "node/1272542309",
        "amenity": "charging_station",
        "amperage": "32",
        "authentication:short_message": "yes",
        "bicycle": "no",
        "brand": "Innogy",
        "brand:wikidata": "Q2124721",
        "brand:wikipedia": "de:Innogy",
        "capacity": "2",
        "name": "Innogy",
        "note:de": "Otto-Suhr-Allee Nähe Rathaus Charlottenburg",
        "operator": "Innogy",
        "operator:wikidata": "Q2124721",
        "operator:wikipedia": "de:Innogy",
        "socket:type2": "2",
        "voltage": "400"
      },
      "geometry": {
        "type": "Point",
        "coordinates": [
          13.3093935,
          52.5166568
        ]
      },
      "id": "node/1272542309"
    },
    {
      "type": "Feature",
      "properties": {
        "@id": "node/1272542310",
        "amenity": "charging_station",
        "amperage": "32",
        "authentication:short_message": "yes",
        "bicycle": "no",
        "brand": "Innogy",
        "brand:wikidata": "Q2124721",
        "brand:wikipedia": "de:Innogy",
        "capacity": "2",
        "name": "Innogy",
        "note:de": "Fasanenstraße Südwest vor Eckhaus Kantstraße",
        "operator": "Innogy",
        "operator:wikidata": "Q2124721",
        "operator:wikipedia": "de:Innogy",
        "socket:type2": "2",
        "voltage": "400"
      },
      "geometry": {
        "type": "Point",
        "coordinates": [
          13.3277305,
          52.5052849
        ]
      },
      "id": "node/1272542310"
    },
    {
      "type": "Feature",
      "properties": {
        "@id": "node/1272542311",
        "amenity": "charging_station",
        "amperage": "32",
        "authentication:short_message": "yes",
        "bicycle": "no",
        "capacity": "2",
        "operator": "RWE-Effizienz",
        "ref": "BA-0514-6 / BA-0512-2",
        "socket:type2": "2",
        "source": "RWE Effizienz GmbH, Dortmund",
        "source:delivery_date": "2011/01/17",
        "voltage": "400"
      },
      "geometry": {
        "type": "Point",
        "coordinates": [
          13.3296903,
          52.5129619
        ]
      },
      "id": "node/1272542311"
    },
    {
      "type": "Feature",
      "properties": {
        "@id": "node/1272843199",
        "amenity": "charging_station",
        "amperage": "32",
        "authentication:short_message": "yes",
        "bicycle": "no",
        "capacity": "2",
        "operator": "RWE-Effizienz",
        "ref": "BA-0621-4 / BA-0649-1",
        "socket:type2": "2",
        "source": "RWE Effizienz GmbH, Dortmund",
        "source:delivery_date": "2011/01/17",
        "voltage": "400"
      },
      "geometry": {
        "type": "Point",
        "coordinates": [
          13.4049979,
          52.5357727
        ]
      },
      "id": "node/1272843199"
    },
    {
      "type": "Feature",
      "properties": {
        "@id": "node/1272843200",
        "amenity": "charging_station",
        "amperage": "32",
        "authentication:short_message": "yes",
        "bicycle": "no",
        "brand": "Innogy",
        "brand:wikidata": "Q2124721",
        "brand:wikipedia": "de:Innogy",
        "capacity": "2",
        "name": "Innogy",
        "note:de": "Bellevuestraße (Sony Center)",
        "operator": "Innogy",
        "operator:wikidata": "Q2124721",
        "operator:wikipedia": "de:Innogy",
        "ref": "BA-0626-6 / BA-0624-3",
        "socket:type2": "2",
        "source": "RWE Effizienz GmbH, Dortmund",
        "source:delivery_date": "2011/01/17",
        "voltage": "400",
        "wheelchair": "yes"
      },
      "geometry": {
        "type": "Point",
        "coordinates": [
          13.373005,
          52.5106964
        ]
      },
      "id": "node/1272843200"
    },
    {
      "type": "Feature",
      "properties": {
        "@id": "node/1272843201",
        "amenity": "charging_station",
        "amperage": "32",
        "authentication:short_message": "yes",
        "capacity": "2",
        "description": "Parkhaus Ebene P -1 Platz A14",
        "level": "-1",
        "note:de": "Grunerstraße; Parkhaus ALEXA Säule Rechts",
        "operator": "RWE-Effizienz",
        "ref": "BA-0627-2 / BA-0618-0",
        "socket:type2": "2",
        "source": "RWE Effizienz GmbH, Dortmund",
        "source:delivery_date": "2011/01/17",
        "voltage": "400"
      },
      "geometry": {
        "type": "Point",
        "coordinates": [
          13.4163073,
          52.5194446
        ]
      },
      "id": "node/1272843201"
    },
    {
      "type": "Feature",
      "properties": {
        "@id": "node/1272843202",
        "amenity": "charging_station",
        "amperage": "32",
        "authentication:short_message": "yes",
        "capacity": "2",
        "operator": "RWE-Effizienz",
        "ref": "BA-0873-6 / BA-0874-2",
        "socket:type2": "2",
        "source": "RWE Effizienz GmbH, Dortmund",
        "source:delivery_date": "2011/01/17",
        "voltage": "400"
      },
      "geometry": {
        "type": "Point",
        "coordinates": [
          13.3624986,
          52.5231736
        ]
      },
      "id": "node/1272843202"
    },
    {
      "type": "Feature",
      "properties": {
        "@id": "node/1272843203",
        "access": "yes",
        "amenity": "charging_station",
        "authentication:short_message": "yes",
        "bicycle": "no",
        "brand": "e.on",
        "bus": "no",
        "capacity": "2",
        "covered": "no",
        "fee": "yes",
        "hgv": "no",
        "maxstay:conditional": "4 hours @ (08:00-18:00)",
        "motorcar": "yes",
        "name": "e.on",
        "network": "innogy eRoaming",
        "opening_hours": "24/7",
        "operator": "E.ON",
        "operator:wikidata": "Q270223",
        "payment:mastercard": "yes",
        "payment:paypal": "yes",
        "payment:visa": "yes",
        "ref": "BA-0656-0 / BA-0657-7",
        "scooter": "no",
        "socket:type2": "2",
        "socket:type2:current": "32",
        "socket:type2:voltage": "400",
        "source": "survey"
      },
      "geometry": {
        "type": "Point",
        "coordinates": [
          13.368906,
          52.5359212
        ]
      },
      "id": "node/1272843203"
    },
    {
      "type": "Feature",
      "properties": {
        "@id": "node/1272843208",
        "amenity": "charging_station",
        "amperage": "32",
        "bicycle": "no",
        "brand": "Innogy",
        "brand:wikidata": "Q2124721",
        "brand:wikipedia": "de:Innogy",
        "capacity": "2",
        "name": "Innogy",
        "note:de": "Neue Jüdenstraße (Stralauer Straße)",
        "operator": "Innogy",
        "operator:wikidata": "Q2124721",
        "operator:wikipedia": "de:Innogy",
        "ref": "BA-0882-8 / BA-0881-1",
        "socket:type2": "2",
        "voltage": "400"
      },
      "geometry": {
        "type": "Point",
        "coordinates": [
          13.4104696,
          52.5158774
        ]
      },
      "id": "node/1272843208"
    },
    {
      "type": "Feature",
      "properties": {
        "@id": "node/1272843210",
        "access": "yes",
        "amenity": "charging_station",
        "amperage": "32",
        "authentication:short_message": "yes",
        "bicycle": "no",
        "brand": "Innogy",
        "brand:wikidata": "Q2124721",
        "brand:wikipedia": "de:Innogy",
        "capacity": "2",
        "fee": "yes",
        "name": "Innogy",
        "note:de": "Torstraße / Bergstraße",
        "opening_hours": "24/7",
        "operator": "Innogy",
        "operator:wikidata": "Q2124721",
        "operator:wikipedia": "de:Innogy",
        "ref": "BA-0552-6 / BA-0470-0",
        "socket:type2": "2",
        "voltage": "400",
        "wheelchair": "limited"
      },
      "geometry": {
        "type": "Point",
        "coordinates": [
          13.3958905,
          52.5291161
        ]
      },
      "id": "node/1272843210"
    },
    {
      "type": "Feature",
      "properties": {
        "@id": "node/1272843213",
        "access": "yes",
        "addr:floor": "0",
        "amenity": "charging_station",
        "amperage": "32",
        "authentication:short_message": "yes",
        "bicycle": "no",
        "brand": "Innogy",
        "brand:wikidata": "Q2124721",
        "brand:wikipedia": "de:Innogy",
        "capacity": "2",
        "covered": "no",
        "fee": "yes",
        "level": "0",
        "name": "Innogy",
        "operator": "Innogy",
        "operator:wikidata": "Q2124721",
        "operator:wikipedia": "de:Innogy",
        "ref": "BA-0655-4 / BA-0654-8",
        "socket:type2": "2",
        "source": "survey",
        "source:delivery_date": "2011/01/17",
        "voltage": "400"
      },
      "geometry": {
        "type": "Point",
        "coordinates": [
          13.395779,
          52.5343904
        ]
      },
      "id": "node/1272843213"
    },
    {
      "type": "Feature",
      "properties": {
        "@id": "node/1272843214",
        "amenity": "charging_station",
        "amperage": "32",
        "authentication:short_message": "yes",
        "capacity": "2",
        "description": "Parkhaus Ebene P -1 Platz A14",
        "level": "-1",
        "note:de": "Grunerstraße; Parkhaus ALEXA Säule Links",
        "operator": "RWE-Effizienz",
        "ref": "BA-0507-7 / BA-0498-8",
        "socket:type2": "2",
        "source": "RWE Effizienz GmbH, Dortmund",
        "source:delivery_date": "2011/01/17",
        "voltage": "400"
      },
      "geometry": {
        "type": "Point",
        "coordinates": [
          13.4162781,
          52.5194901
        ]
      },
      "id": "node/1272843214"
    },
    {
      "type": "Feature",
      "properties": {
        "@id": "node/1272843215",
        "amenity": "charging_station",
        "amperage": "32",
        "authentication:short_message": "yes",
        "bicycle": "no",
        "brand": "Innogy",
        "brand:wikidata": "Q2124721",
        "brand:wikipedia": "de:Innogy",
        "capacity": "2",
        "name": "Innogy",
        "operator": "Innogy",
        "operator:wikidata": "Q2124721",
        "operator:wikipedia": "de:Innogy",
        "ref": "BA-0879-4;BA-0880-5",
        "socket:type2": "2",
        "voltage": "400"
      },
      "geometry": {
        "type": "Point",
        "coordinates": [
          13.3897356,
          52.5156102
        ]
      },
      "id": "node/1272843215"
    },
    {
      "type": "Feature",
      "properties": {
        "@id": "node/1530453608",
        "access": "yes",
        "addr:floor": "0",
        "amenity": "charging_station",
        "amperage": "32",
        "authentication:short_message": "yes",
        "brand": "E.ON Drive",
        "brand:wikidata": "Q126650419",
        "capacity": "2",
        "colour": "grey",
        "covered": "no",
        "fee": "yes",
        "level": "0",
        "location": "Veteranenstraße / Fehrbelliner Straße",
        "opening_hours": "24/7",
        "operator": "E.ON",
        "operator:wikidata": "Q270223",
        "ref": "BA-0725-9 / BA-0721-3",
        "socket:type2": "2",
        "source": "survey",
        "voltage": "400",
        "wheelchair": "no"
      },
      "geometry": {
        "type": "Point",
        "coordinates": [
          13.4031415,
          52.5338804
        ]
      },
      "id": "node/1530453608"
    },
    {
      "type": "Feature",
      "properties": {
        "@id": "node/1605143588",
        "amenity": "charging_station",
        "amperage": "32",
        "authentication:membership_card": "yes",
        "capacity": "2",
        "name": "Vattenfall Ladesäule",
        "operator": "Vattenfall",
        "socket:type2": "2"
      },
      "geometry": {
        "type": "Point",
        "coordinates": [
          13.3284141,
          52.5076258
        ]
      },
      "id": "node/1605143588"
    },
    {
      "type": "Feature",
      "properties": {
        "@id": "node/1800765521",
        "amenity": "charging_station",
        "amperage": "32",
        "authentication:short_message": "yes",
        "bicycle": "no",
        "capacity": "2",
        "operator": "RWE-Effizienz",
        "ref": "BA-9247-3 / BA-9259-4",
        "socket:type2": "2"
      },
      "geometry": {
        "type": "Point",
        "coordinates": [
          13.3236889,
          52.4751236
        ]
      },
      "id": "node/1800765521"
    },
    {
      "type": "Feature",
      "properties": {
        "@id": "node/1808988262",
        "amenity": "charging_station",
        "authentication:nfc": "yes",
        "brand": "Innogy",
        "brand:wikidata": "Q2124721",
        "brand:wikipedia": "de:Innogy",
        "capacity": "2",
        "contact:phone": "0800 2255793",
        "contact:website": "https://www.epowerdirect.com/",
        "fee": "yes",
        "motorcar": "yes",
        "name": "Innogy",
        "opening_hours": "24/7",
        "operator": "Innogy",
        "operator:wikidata": "Q2124721",
        "operator:wikipedia": "de:Innogy",
        "parking:fee": "no",
        "ref": "BD-1738-2;BD-1737-6",
        "socket:type2": "2",
        "socket:type2:output": "22 kW",
        "wheelchair": "limited"
      },
      "geometry": {
        "type": "Point",
        "coordinates": [
          13.4435393,
          52.4840615
        ]
      },
      "id": "node/1808988262"
    },
    {
      "type": "Feature",
      "properties": {
        "@id": "node/1813041526",
        "amenity": "charging_station",
        "brand": "Innogy",
        "brand:wikidata": "Q2124721",
        "brand:wikipedia": "de:Innogy",
        "capacity": "2",
        "name": "RWE Autostrom",
        "operator": "Innogy",
        "operator:wikidata": "Q2124721",
        "operator:wikipedia": "de:Innogy"
      },
      "geometry": {
        "type": "Point",
        "coordinates": [
          13.3435698,
          52.5050567
        ]
      },
      "id": "node/1813041526"
    },
    {
      "type": "Feature",
      "properties": {
        "@id": "node/1863169238",
        "amenity": "charging_station",
        "amperage": "32",
        "authentication:short_message": "yes",
        "brand": "Innogy",
        "brand:wikidata": "Q2124721",
        "brand:wikipedia": "de:Innogy",
        "capacity": "2",
        "name": "Innogy",
        "operator": "Innogy",
        "operator:wikidata": "Q2124721",
        "operator:wikipedia": "de:Innogy",
        "ref": "BA-2114-9 / BA-2092-2",
        "socket:type2": "2"
      },
      "geometry": {
        "type": "Point",
        "coordinates": [
          13.5877711,
          52.5109131
        ]
      },
      "id": "node/1863169238"
    },
    {
      "type": "Feature",
      "properties": {
        "@id": "node/2021286658",
        "amenity": "charging_station",
        "amperage": "32",
        "authentication:short_message": "yes",
        "capacity": "2",
        "operator": "RWE-Effizienz",
        "ref": "BA-2319-9 / BA-2308-4",
        "socket:type2": "2"
      },
      "geometry": {
        "type": "Point",
        "coordinates": [
          13.2274076,
          52.5286025
        ]
      },
      "id": "node/2021286658"
    },
    {
      "type": "Feature",
      "properties": {
        "@id": "node/2180068985",
        "amenity": "charging_station",
        "amperage": "32",
        "authentication:short_message": "yes",
        "bicycle": "no",
        "capacity": "2",
        "operator": "RWE-Effizienz",
        "ref": "BA-9369-1 / BA-9391-5",
        "socket:type2": "2"
      },
      "geometry": {
        "type": "Point",
        "coordinates": [
          13.5265544,
          52.4811114
        ]
      },
      "id": "node/2180068985"
    },
    {
      "type": "Feature",
      "properties": {
        "@id": "node/2304892034",
        "access": "yes",
        "amenity": "charging_station",
        "amperage": "32",
        "bicycle": "no",
        "capacity": "2",
        "check_date": "2026-07-18",
        "operator": "Eon",
        "socket:type2": "2"
      },
      "geometry": {
        "type": "Point",
        "coordinates": [
          13.6121456,
          52.5128338
        ]
      },
      "id": "node/2304892034"
    },
    {
      "type": "Feature",
      "properties": {
        "@id": "node/2315708533",
        "amenity": "charging_station",
        "name": "EASTON HOUSE",
        "operator": "Goldbeck Parking Service",
        "socket:type2": "yes",
        "website": "https://goldbeck-parking.de/parkplatzsuche#/p/7207/EASTON%20HOUSE"
      },
      "geometry": {
        "type": "Point",
        "coordinates": [
          13.4309777,
          52.5119392
        ]
      },
      "id": "node/2315708533"
    },
    {
      "type": "Feature",
      "properties": {
        "@id": "node/2361317277",
        "amenity": "charging_station",
        "amperage": "32",
        "authentication:short_message": "yes",
        "brand": "E.ON Drive",
        "brand:wikidata": "Q126650419",
        "capacity": "2",
        "operator": "E.ON",
        "operator:wikidata": "Q270223",
        "ref": "BA-2080-1 / BA-2069-2",
        "socket:type2": "2"
      },
      "geometry": {
        "type": "Point",
        "coordinates": [
          13.4240035,
          52.4860926
        ]
      },
      "id": "node/2361317277"
    },
    {
      "type": "Feature",
      "properties": {
        "@id": "node/2494363157",
        "amenity": "charging_station",
        "amperage": "32",
        "authentication:short_message": "yes",
        "capacity": "2",
        "operator": "RWE-Effizienz",
        "ref": "BA-0717-3 / BA-0719-6",
        "socket:type2": "2"
      },
      "geometry": {
        "type": "Point",
        "coordinates": [
          13.3248397,
          52.5622928
        ]
      },
      "id": "node/2494363157"
    },
    {
      "type": "Feature",
      "properties": {
        "@id": "node/2619607794",
        "amenity": "charging_station",
        "amperage": "32",
        "authentication:short_message": "yes",
        "capacity": "2",
        "operator": "RWE-Effizienz",
        "ref": "BA-1214-3 / BA-1232-7",
        "socket:type2": "2"
      },
      "geometry": {
        "type": "Point",
        "coordinates": [
          13.3869166,
          52.440041
        ]
      },
      "id": "node/2619607794"
    },
    {
      "type": "Feature",
      "properties": {
        "@id": "node/2621930687",
        "amenity": "charging_station",
        "amperage": "32",
        "authentication:short_message": "yes",
        "capacity": "2",
        "operator": "RWE-Effizienz",
        "ref": "BA-9287-7 / BA-9249-6",
        "socket:type2": "2"
      },
      "geometry": {
        "type": "Point",
        "coordinates": [
          13.4661717,
          52.5229941
        ]
      },
      "id": "node/2621930687"
    },
    {
      "type": "Feature",
      "properties": {
        "@id": "node/2621930688",
        "amenity": "charging_station",
        "amperage": "32",
        "authentication:short_message": "yes",
        "capacity": "2",
        "operator": "RWE-Effizienz",
        "ref": "BA-2166-2 / BA-2167-9",
        "socket:type2": "2"
      },
      "geometry": {
        "type": "Point",
        "coordinates": [
          13.5012126,
          52.54837
        ]
      },
      "id": "node/2621930688"
    },
    {
      "type": "Feature",
      "properties": {
        "@id": "node/2625584866",
        "amenity": "charging_station",
        "amperage": "32",
        "bicycle": "no",
        "capacity": "3",
        "description": "Betreuung durch das Geschäft gegenüber",
        "operator": "Lautlos durch Deutschland",
        "socket:type2": "2"
      },
      "geometry": {
        "type": "Point",
        "coordinates": [
          13.3824953,
          52.5122248
        ]
      },
      "id": "node/2625584866"
    },
    {
      "type": "Feature",
      "properties": {
        "@id": "node/2625607659",
        "amenity": "charging_station",
        "amperage": "32;16",
        "authentication:membership_card": "yes",
        "bicycle": "no",
        "capacity": "2",
        "operator": "Vattenfall",
        "socket:type2": "2"
      },
      "geometry": {
        "type": "Point",
        "coordinates": [
          13.3895627,
          52.5111557
        ]
      },
      "id": "node/2625607659"
    },
    {
      "type": "Feature",
      "properties": {
        "@id": "node/2625969061",
        "amenity": "charging_station",
        "amperage": "32",
        "authentication:short_message": "yes",
        "capacity": "2",
        "operator": "RWE-Effizienz",
        "socket:type2": "2",
        "source": "survey",
        "voltage": "400"
      },
      "geometry": {
        "type": "Point",
        "coordinates": [
          13.3895496,
          52.509474
        ]
      },
      "id": "node/2625969061"
    },
    {
      "type": "Feature",
      "properties": {
        "@id": "node/2628752233",
        "amenity": "charging_station",
        "amperage": "32",
        "authentication:membership_card": "yes",
        "authentication:phone_call": "yes",
        "authentication:short_message": "yes",
        "brand": "Innogy",
        "brand:wikidata": "Q2124721",
        "brand:wikipedia": "de:Innogy",
        "capacity": "2",
        "fee": "yes",
        "name": "Innogy",
        "opening_hours": "24/7",
        "operator": "Innogy",
        "operator:wikidata": "Q2124721",
        "operator:wikipedia": "de:Innogy",
        "ref": "BA-2337-2 / BA-2303-3",
        "socket:type2": "2"
      },
      "geometry": {
        "type": "Point",
        "coordinates": [
          13.3711718,
          52.4693553
        ]
      },
      "id": "node/2628752233"
    },
    {
      "type": "Feature",
      "properties": {
        "@id": "node/2655325123",
        "amenity": "charging_station",
        "amperage": "32",
        "authentication:short_message": "yes",
        "capacity": "2",
        "operator": "RWE-Effizienz",
        "ref": "BA-2072-6 / BA-2082-4",
        "socket:type2": "2"
      },
      "geometry": {
        "type": "Point",
        "coordinates": [
          13.4570142,
          52.4731897
        ]
      },
      "id": "node/2655325123"
    },
    {
      "type": "Feature",
      "properties": {
        "@id": "node/2655446845",
        "amenity": "charging_station",
        "amperage": "32",
        "authentication:membership_card": "yes",
        "capacity": "2",
        "description": "Parkhaus Platz A2",
        "operator": "Vattenfall",
        "ref": "015 002",
        "socket:type2": "2"
      },
      "geometry": {
        "type": "Point",
        "coordinates": [
          13.388575,
          52.5496895
        ]
      },
      "id": "node/2655446845"
    },
    {
      "type": "Feature",
      "properties": {
        "@id": "node/2655446849",
        "amenity": "charging_station",
        "amperage": "32",
        "authentication:membership_card": "yes",
        "bicycle": "no",
        "capacity": "2",
        "description": "Parkhaus Platz A2",
        "operator": "Shell Recharge Solutions",
        "operator:wikidata": "Q105883058",
        "socket:type2": "2"
      },
      "geometry": {
        "type": "Point",
        "coordinates": [
          13.3886643,
          52.5496895
        ]
      },
      "id": "node/2655446849"
    },
    {
      "type": "Feature",
      "properties": {
        "@id": "node/2655704130",
        "amenity": "charging_station",
        "amperage": "32",
        "authentication:short_message": "yes",
        "bicycle": "no",
        "capacity": "2",
        "motorcar": "yes",
        "operator": "RWE-Effizienz",
        "ref": "BA-9373-1/ BA-9365-6",
        "socket:type2": "2"
      },
      "geometry": {
        "type": "Point",
        "coordinates": [
          13.4475393,
          52.47774
        ]
      },
      "id": "node/2655704130"
    },
    {
      "type": "Feature",
      "properties": {
        "@id": "node/2655710254",
        "amenity": "charging_station",
        "amperage": "32",
        "authentication:short_message": "yes",
        "bicycle": "no",
        "capacity": "2",
        "operator": "RWE-Effizienz",
        "ref": "BA-8586-2/ BA-8587-9",
        "socket:type2": "2"
      },
      "geometry": {
        "type": "Point",
        "coordinates": [
          13.4435298,
          52.4699688
        ]
      },
      "id": "node/2655710254"
    },
    {
      "type": "Feature",
      "properties": {
        "@id": "node/2655720119",
        "amenity": "charging_station",
        "authentication:app": "yes",
        "authentication:nfc": "yes",
        "brand": "Innogy",
        "brand:wikidata": "Q2124721",
        "brand:wikipedia": "de:Innogy",
        "capacity": "2",
        "contact:phone": "0800 2255793",
        "contact:website": "https://www.epowerdirect.com/",
        "fee": "yes",
        "motorcar": "yes",
        "name": "Innogy",
        "opening_hours": "24/7",
        "operator": "Innogy",
        "operator:wikidata": "Q2124721",
        "operator:wikipedia": "de:Innogy",
        "parking:fee": "no",
        "ref": "BD-1840-9;BD-1850-7",
        "socket:type2": "2",
        "socket:type2:output": "11 kW"
      },
      "geometry": {
        "type": "Point",
        "coordinates": [
          13.4273564,
          52.4776318
        ]
      },
      "id": "node/2655720119"
    },
    {
      "type": "Feature",
      "properties": {
        "@id": "node/2655738460",
        "amenity": "charging_station",
        "amperage": "32",
        "authentication:membership_card": "yes",
        "capacity": "2",
        "opening_hours": "Mo-Fr 07:00-18:00; Sa 08:00-12:00",
        "operator": "Vattenfall",
        "ref": "015 030",
        "socket:type2": "2"
      },
      "geometry": {
        "type": "Point",
        "coordinates": [
          13.3697308,
          52.4639726
        ]
      },
      "id": "node/2655738460"
    },
    {
      "type": "Feature",
      "properties": {
        "@id": "node/2655747054",
        "amenity": "charging_station",
        "amperage": "32",
        "authentication:membership_card": "yes",
        "capacity": "2",
        "operator": "Vattenfall",
        "ref": "015 031",
        "socket:type2": "2"
      },
      "geometry": {
        "type": "Point",
        "coordinates": [
          13.3671862,
          52.4645858
        ]
      },
      "id": "node/2655747054"
    },
    {
      "type": "Feature",
      "properties": {
        "@id": "node/2655749051",
        "amenity": "charging_station",
        "amperage": "32",
        "authentication:membership_card": "yes",
        "description": "Im Parkhaus",
        "layer": "-1",
        "level": "-1",
        "opening_hours": "Mo-Fr 06:00-24:00; Sa 09:00-21:00",
        "operator": "Vattenfall",
        "ref": "015032",
        "socket:type2": "2"
      },
      "geometry": {
        "type": "Point",
        "coordinates": [
          13.2625582,
          52.4377116
        ]
      },
      "id": "node/2655749051"
    },
    {
      "type": "Feature",
      "properties": {
        "@id": "node/2655752876",
        "amenity": "charging_station",
        "amperage": "32",
        "authentication:membership_card": "yes",
        "capacity": "2",
        "operator": "Vattenfall",
        "ref": "015 057",
        "socket:type2": "2"
      },
      "geometry": {
        "type": "Point",
        "coordinates": [
          13.3305892,
          52.4668399
        ]
      },
      "id": "node/2655752876"
    },
    {
      "type": "Feature",
      "properties": {
        "@id": "node/2655755059",
        "amenity": "charging_station",
        "amperage": "32",
        "authentication:membership_card": "yes",
        "bicycle": "no",
        "capacity": "2",
        "operator": "Berliner Stadtwerke",
        "operator:wikidata": "Q21969102",
        "socket:type2": "2",
        "wheelchair": "yes"
      },
      "geometry": {
        "type": "Point",
        "coordinates": [
          13.328155,
          52.4679198
        ]
      },
      "id": "node/2655755059"
    },
    {
      "type": "Feature",
      "properties": {
        "@id": "node/2656124594",
        "amenity": "charging_station",
        "amperage": "32",
        "authentication:short_message": "yes",
        "capacity": "2",
        "operator": "RWE-Effizienz",
        "ref": "BA-9329-9 / BA-9352-9",
        "socket:type2": "2"
      },
      "geometry": {
        "type": "Point",
        "coordinates": [
          13.3401519,
          52.4701125
        ]
      },
      "id": "node/2656124594"
    },
    {
      "type": "Feature",
      "properties": {
        "@id": "node/2656132414",
        "amenity": "charging_station",
        "amperage": "32",
        "authentication:short_message": "yes",
        "bicycle": "no",
        "capacity": "2",
        "operator": "RWE-Effizienz",
        "ref": "BA-1229-3 / BA-1203-9",
        "socket:type2": "2"
      },
      "geometry": {
        "type": "Point",
        "coordinates": [
          13.3280099,
          52.4717224
        ]
      },
      "id": "node/2656132414"
    },
    {
      "type": "Feature",
      "properties": {
        "@id": "node/2656141483",
        "amenity": "charging_station",
        "amperage": "32",
        "authentication:membership_card": "yes",
        "capacity": "2",
        "description": "Im Parkhaus",
        "operator": "Vattenfall",
        "socket:type2": "2"
      },
      "geometry": {
        "type": "Point",
        "coordinates": [
          13.3257133,
          52.4651333
        ]
      },
      "id": "node/2656141483"
    },
    {
      "type": "Feature",
      "properties": {
        "@id": "node/2656148395",
        "amenity": "charging_station",
        "amperage": "32",
        "authentication:short_message": "yes",
        "capacity": "2",
        "operator": "RWE-Effizienz",
        "ref": "BA-9338-8 / BA-9395-0",
        "socket:type2": "2"
      },
      "geometry": {
        "type": "Point",
        "coordinates": [
          13.3409367,
          52.4885352
        ]
      },
      "id": "node/2656148395"
    },
    {
      "type": "Feature",
      "properties": {
        "@id": "node/2704141949",
        "amenity": "charging_station",
        "amperage": "32",
        "capacity": "2",
        "operator": "Berliner-Energie-Zentrum",
        "socket:type2": "2"
      },
      "geometry": {
        "type": "Point",
        "coordinates": [
          13.3671447,
          52.4645893
        ]
      },
      "id": "node/2704141949"
    },
    {
      "type": "Feature",
      "properties": {
        "@id": "node/2758018654",
        "amenity": "charging_station",
        "amperage": "32",
        "authentication:membership_card": "yes",
        "capacity": "1",
        "operator": "Vattenfall",
        "ref": "015 037",
        "socket:type2": "2"
      },
      "geometry": {
        "type": "Point",
        "coordinates": [
          13.4578258,
          52.4859772
        ]
      },
      "id": "node/2758018654"
    },
    {
      "type": "Feature",
      "properties": {
        "@id": "node/2763458038",
        "amenity": "charging_station",
        "brand": "Innogy",
        "brand:wikidata": "Q2124721",
        "brand:wikipedia": "de:Innogy",
        "capacity": "2",
        "name": "Innogy",
        "operator": "Innogy",
        "operator:wikidata": "Q2124721",
        "operator:wikipedia": "de:Innogy"
      },
      "geometry": {
        "type": "Point",
        "coordinates": [
          13.469,
          52.5311751
        ]
      },
      "id": "node/2763458038"
    },
    {
      "type": "Feature",
      "properties": {
        "@id": "node/3005662528",
        "access": "customers",
        "amenity": "charging_station",
        "capacity": "2",
        "operator": "Cariad SE"
      },
      "geometry": {
        "type": "Point",
        "coordinates": [
          13.3205022,
          52.523789
        ]
      },
      "id": "node/3005662528"
    },
    {
      "type": "Feature",
      "properties": {
        "@id": "node/3005662529",
        "access": "customers",
        "amenity": "charging_station",
        "capacity": "2",
        "operator": "Cariad SE"
      },
      "geometry": {
        "type": "Point",
        "coordinates": [
          13.3203912,
          52.5237079
        ]
      },
      "id": "node/3005662529"
    },
    {
      "type": "Feature",
      "properties": {
        "@id": "node/3084992724",
        "amenity": "charging_station"
      },
      "geometry": {
        "type": "Point",
        "coordinates": [
          13.5275592,
          52.4269521
        ]
      },
      "id": "node/3084992724"
    },
    {
      "type": "Feature",
      "properties": {
        "@id": "node/3102618505",
        "amenity": "charging_station",
        "amperage": "32",
        "authentication:nfc": "yes",
        "capacity": "2",
        "name": "EVLink",
        "operator": "DB Mobility Logistics AG",
        "socket:type2": "2"
      },
      "geometry": {
        "type": "Point",
        "coordinates": [
          13.3637919,
          52.4756239
        ]
      },
      "id": "node/3102618505"
    },
    {
      "type": "Feature",
      "properties": {
        "@id": "node/3239492621",
        "amenity": "charging_station",
        "authentication:membership_card": "yes",
        "bicycle": "no",
        "capacity": "1",
        "description": "An der Straßenlaterne",
        "operator": "Allego",
        "operator:wikidata": "Q75560554",
        "socket:type2": "1",
        "wheelchair": "yes"
      },
      "geometry": {
        "type": "Point",
        "coordinates": [
          13.3275363,
          52.467127
        ]
      },
      "id": "node/3239492621"
    },
    {
      "type": "Feature",
      "properties": {
        "@id": "node/3345975080",
        "access": "yes",
        "amenity": "charging_station",
        "brand": "Tesla Supercharger",
        "brand:wikidata": "Q17089620",
        "capacity": "12",
        "fee": "yes",
        "name": "Berlin EUREF Supercharger",
        "operator": "Tesla",
        "operator:wikidata": "Q478214",
        "short_name": "Tesla",
        "website": "https://www.tesla.com/en_eu/findus?bounds=52.48984512751922%2C13.385409841491702%2C52.46851686613005%2C13.316745290710452&location=berlineurefcampussupercharger"
      },
      "geometry": {
        "type": "Point",
        "coordinates": [
          13.3567071,
          52.4817012
        ]
      },
      "id": "node/3345975080"
    },
    {
      "type": "Feature",
      "properties": {
        "@id": "node/3369872791",
        "amenity": "charging_station",
        "capacity": "1",
        "operator": "BMWi (www.bmwi.de)"
      },
      "geometry": {
        "type": "Point",
        "coordinates": [
          13.3267185,
          52.5101915
        ]
      },
      "id": "node/3369872791"
    },
    {
      "type": "Feature",
      "properties": {
        "@id": "node/3750596638",
        "access": "yes",
        "amenity": "charging_station",
        "amperage": "16",
        "bicycle": "no",
        "capacity": "2",
        "operator": "Allego",
        "operator:wikidata": "Q75560554",
        "socket:type2": "2",
        "socket:type2:output": "11 kW"
      },
      "geometry": {
        "type": "Point",
        "coordinates": [
          13.5276823,
          52.4325441
        ]
      },
      "id": "node/3750596638"
    },
    {
      "type": "Feature",
      "properties": {
        "@id": "node/3755425425",
        "access": "yes",
        "amenity": "charging_station",
        "capacity": "2",
        "operator": "Allego",
        "operator:wikidata": "Q75560554",
        "ref": "DEALLEGO0000321",
        "socket:type2": "2",
        "website": "https://www.allego.eu"
      },
      "geometry": {
        "type": "Point",
        "coordinates": [
          13.3165375,
          52.4401368
        ]
      },
      "id": "node/3755425425"
    },
    {
      "type": "Feature",
      "properties": {
        "@id": "node/3835849557",
        "amenity": "charging_station",
        "capacity": "2",
        "charge": "0.38 EUR/kWh",
        "contact:phone": "+49 30 233210000",
        "contact:website": "https://www.allego.eu/de-de/elektromobilisten/ladestation-finden",
        "fee": "yes",
        "motorcar": "yes",
        "opening_hours": "24/7",
        "operator": "Allego",
        "operator:wikidata": "Q75560554",
        "payment:american_express": "yes",
        "payment:mastercard": "yes",
        "payment:sepa": "yes",
        "payment:visa": "yes",
        "payment:vpay": "yes",
        "ref": "DEALLEGO000204",
        "socket:type2": "2",
        "socket:type2:current": "16",
        "socket:type2:output": "11 kW"
      },
      "geometry": {
        "type": "Point",
        "coordinates": [
          13.4137294,
          52.5520773
        ]
      },
      "id": "node/3835849557"
    },
    {
      "type": "Feature",
      "properties": {
        "@id": "node/3842743345",
        "amenity": "charging_station",
        "authentication:membership_card": "yes",
        "authentication:none": "yes",
        "brand": "Innogy",
        "brand:wikidata": "Q2124721",
        "brand:wikipedia": "de:Innogy",
        "capacity": "2",
        "fee": "yes",
        "motorcar": "yes",
        "name": "Innogy",
        "operator": "Innogy",
        "operator:wikidata": "Q2124721",
        "operator:wikipedia": "de:Innogy",
        "parking:fee": "no",
        "socket:type2": "2",
        "socket:type2:current": "32 A",
        "socket:type2:output": "22 kW",
        "socket:type2:voltage": "400"
      },
      "geometry": {
        "type": "Point",
        "coordinates": [
          13.5136147,
          52.5055895
        ]
      },
      "id": "node/3842743345"
    },
    {
      "type": "Feature",
      "properties": {
        "@id": "node/3904044913",
        "amenity": "charging_station",
        "capacity": "2",
        "operator": "Berliner Stadtwerke",
        "operator:wikidata": "Q21969102",
        "socket:type2": "2"
      },
      "geometry": {
        "type": "Point",
        "coordinates": [
          13.4985772,
          52.5448064
        ]
      },
      "id": "node/3904044913"
    },
    {
      "type": "Feature",
      "properties": {
        "@id": "node/3909236558",
        "amenity": "charging_station",
        "capacity": "2",
        "operator": "Allego",
        "operator:wikidata": "Q75560554",
        "socket:type2": "2"
      },
      "geometry": {
        "type": "Point",
        "coordinates": [
          13.4318347,
          52.5356203
        ]
      },
      "id": "node/3909236558"
    },
    {
      "type": "Feature",
      "properties": {
        "@id": "node/3909239338",
        "amenity": "charging_station",
        "bicycle": "no",
        "capacity": "2",
        "opening_hours": "24/7",
        "operator": "Allego",
        "operator:wikidata": "Q75560554",
        "ref": "DEALLEGO0000861;DEALLEGO0000862",
        "socket:type2": "2"
      },
      "geometry": {
        "type": "Point",
        "coordinates": [
          13.4261692,
          52.5317531
        ]
      },
      "id": "node/3909239338"
    },
    {
      "type": "Feature",
      "properties": {
        "@id": "node/3909239339",
        "amenity": "charging_station",
        "bicycle": "no",
        "capacity": "2",
        "operator": "Allego",
        "operator:wikidata": "Q75560554",
        "ref": "DEALLEGO000073",
        "socket:type2": "2",
        "socket:type2:current": "16"
      },
      "geometry": {
        "type": "Point",
        "coordinates": [
          13.4173827,
          52.5433447
        ]
      },
      "id": "node/3909239339"
    },
    {
      "type": "Feature",
      "properties": {
        "@id": "node/3914624535",
        "amenity": "charging_station",
        "capacity": "2",
        "opening_hours": "24/7",
        "operator": "Vattenfall"
      },
      "geometry": {
        "type": "Point",
        "coordinates": [
          13.4333286,
          52.5502569
        ]
      },
      "id": "node/3914624535"
    },
    {
      "type": "Feature",
      "properties": {
        "@id": "node/3916774164",
        "amenity": "charging_station",
        "bicycle": "no",
        "capacity": "2",
        "comment": "Nur für Flinkster",
        "operator": "Vattenfall",
        "socket:type2": "2"
      },
      "geometry": {
        "type": "Point",
        "coordinates": [
          13.4270634,
          52.5450466
        ]
      },
      "id": "node/3916774164"
    },
    {
      "type": "Feature",
      "properties": {
        "@id": "node/4010339077",
        "amenity": "charging_station",
        "bicycle": "no",
        "capacity": "2",
        "operator": "be emobil"
      },
      "geometry": {
        "type": "Point",
        "coordinates": [
          13.463119,
          52.5146306
        ]
      },
      "id": "node/4010339077"
    },
    {
      "type": "Feature",
      "properties": {
        "@id": "node/4011362358",
        "amenity": "charging_station",
        "capacity": "2",
        "operator": "Freie Universität"
      },
      "geometry": {
        "type": "Point",
        "coordinates": [
          13.2931323,
          52.453801
        ]
      },
      "id": "node/4011362358"
    },
    {
      "type": "Feature",
      "properties": {
        "@id": "node/4012951094",
        "amenity": "charging_station",
        "authentication:app": "yes",
        "authentication:nfc": "yes",
        "bicycle": "no",
        "capacity": "2",
        "check_date": "2026-03-12",
        "contact:phone": "+49 30 233210000",
        "fee": "yes",
        "motorcar": "yes",
        "opening_hours": "24/7",
        "operator": "Berliner Stadtwerke",
        "operator:wikidata": "Q21969102",
        "parking:fee": "no",
        "payment:cash": "yes",
        "payment:credit_cards": "yes",
        "payment:debit_cards": "yes",
        "ref": "DEALLEGO000146",
        "socket:type2": "2",
        "socket:type2:output": "11 kW"
      },
      "geometry": {
        "type": "Point",
        "coordinates": [
          13.4135965,
          52.4935219
        ]
      },
      "id": "node/4012951094"
    },
    {
      "type": "Feature",
      "properties": {
        "@id": "node/4054600588",
        "amenity": "charging_station",
        "bicycle": "no",
        "capacity": "2",
        "operator": "beBerlin"
      },
      "geometry": {
        "type": "Point",
        "coordinates": [
          13.3848881,
          52.4526277
        ]
      },
      "id": "node/4054600588"
    },
    {
      "type": "Feature",
      "properties": {
        "@id": "node/4152700990",
        "amenity": "charging_station",
        "bicycle": "no",
        "capacity": "2",
        "opening_hours": "24/7",
        "operator": "Shell Recharge Solutions",
        "operator:wikidata": "Q105883058",
        "ref": "DEALLEGO0000751;DEALLEGO0000752",
        "socket:type2": "2"
      },
      "geometry": {
        "type": "Point",
        "coordinates": [
          13.4425038,
          52.5337031
        ]
      },
      "id": "node/4152700990"
    },
    {
      "type": "Feature",
      "properties": {
        "@id": "node/4212982117",
        "amenity": "charging_station",
        "bicycle": "no",
        "capacity": "5",
        "motorcar": "yes"
      },
      "geometry": {
        "type": "Point",
        "coordinates": [
          13.1979623,
          52.5693194
        ]
      },
      "id": "node/4212982117"
    },
    {
      "type": "Feature",
      "properties": {
        "@id": "node/4226875722",
        "amenity": "charging_station",
        "bicycle": "no",
        "capacity": "2",
        "motorcar": "yes",
        "opening_hours": "24/7",
        "operator": "Shell Recharge Solutions",
        "operator:wikidata": "Q105883058",
        "ref": "DEALLEGO0000721;DEALLEGO0000722",
        "socket:type2": "2"
      },
      "geometry": {
        "type": "Point",
        "coordinates": [
          13.4149113,
          52.5336105
        ]
      },
      "id": "node/4226875722"
    },
    {
      "type": "Feature",
      "properties": {
        "@id": "node/4319305629",
        "amenity": "charging_station",
        "capacity": "2",
        "motorcar": "yes",
        "operator": "be-emobil.de"
      },
      "geometry": {
        "type": "Point",
        "coordinates": [
          13.4508426,
          52.5151805
        ]
      },
      "id": "node/4319305629"
    },
    {
      "type": "Feature",
      "properties": {
        "@id": "node/4326710254",
        "amenity": "charging_station",
        "name": "Be emobil",
        "operator": "Allego",
        "operator:wikidata": "Q75560554"
      },
      "geometry": {
        "type": "Point",
        "coordinates": [
          13.3002933,
          52.5212204
        ]
      },
      "id": "node/4326710254"
    },
    {
      "type": "Feature",
      "properties": {
        "@id": "node/4327639990",
        "amenity": "charging_station",
        "capacity": "2",
        "contact:phone": "+49 30 233210000",
        "contact:website": "https://www.allego.eu/de-de/elektromobilisten/ladestation-finden",
        "fee": "yes",
        "motorcar": "yes",
        "opening_hours": "24/7",
        "operator": "Allego",
        "operator:wikidata": "Q75560554",
        "parking:fee": "no"
      },
      "geometry": {
        "type": "Point",
        "coordinates": [
          13.3044037,
          52.5174751
        ]
      },
      "id": "node/4327639990"
    },
    {
      "type": "Feature",
      "properties": {
        "@id": "node/4341318826",
        "amenity": "charging_station",
        "amperage": "32",
        "authentication:short_message": "yes",
        "brand": "Innogy",
        "brand:wikidata": "Q2124721",
        "brand:wikipedia": "de:Innogy",
        "capacity": "1",
        "motorcar": "yes",
        "name": "Innogy",
        "opening_hours": "24/7",
        "operator": "Innogy",
        "operator:wikidata": "Q2124721",
        "operator:wikipedia": "de:Innogy",
        "ref": "BA-2102-8 / BA-2070-3",
        "socket:type2": "2",
        "voltage": "400"
      },
      "geometry": {
        "type": "Point",
        "coordinates": [
          13.3809476,
          52.5228575
        ]
      },
      "id": "node/4341318826"
    },
    {
      "type": "Feature",
      "properties": {
        "@id": "node/4383838587",
        "amenity": "charging_station",
        "authentication:app": "yes",
        "authentication:nfc": "yes",
        "capacity": "2",
        "contact:website": "https://www.allego.eu/de-de/elektromobilisten/ladestation-finden",
        "fee": "yes",
        "motorcar": "yes",
        "opening_hours": "24/7",
        "operator": "Allego",
        "operator:wikidata": "Q75560554",
        "parking:fee": "no",
        "ref": "DEALLEGO001127",
        "socket:type2": "2",
        "socket:type2:output": "11 kW"
      },
      "geometry": {
        "type": "Point",
        "coordinates": [
          13.4288033,
          52.4834435
        ]
      },
      "id": "node/4383838587"
    },
    {
      "type": "Feature",
      "properties": {
        "@id": "node/4389143841",
        "amenity": "charging_station",
        "authentication:app": "yes",
        "authentication:nfc": "yes",
        "capacity": "2",
        "contact:phone": "+49 30 233210000",
        "contact:website": "https://www.allego.eu/de-de/elektromobilisten/ladestation-finden",
        "fee": "yes",
        "motorcar": "yes",
        "opening_hours": "24/7",
        "operator": "Allego",
        "operator:wikidata": "Q75560554",
        "parking:fee": "no",
        "ref": "DEALLEGO000190",
        "socket:type2": "2",
        "socket:type2:output": "11 kW"
      },
      "geometry": {
        "type": "Point",
        "coordinates": [
          13.4543603,
          52.4743456
        ]
      },
      "id": "node/4389143841"
    },
    {
      "type": "Feature",
      "properties": {
        "@id": "node/4409469499",
        "amenity": "charging_station",
        "amperage": "22",
        "authentication:none": "yes",
        "capacity": "1",
        "fee": "no",
        "motorcar": "no",
        "opening_hours": "24/7",
        "operator": "Vattenfall",
        "socket:chademo": "1",
        "socket:type2": "1",
        "socket:type2_combo": "1"
      },
      "geometry": {
        "type": "Point",
        "coordinates": [
          13.3721779,
          52.4703364
        ]
      },
      "id": "node/4409469499"
    },
    {
      "type": "Feature",
      "properties": {
        "@id": "node/4409472084",
        "amenity": "charging_station",
        "amperage": "50",
        "authentication:membership_card": "yes",
        "authentication:phone_call": "yes",
        "authentication:short_message": "yes",
        "brand": "Innogy",
        "brand:wikidata": "Q2124721",
        "brand:wikipedia": "de:Innogy",
        "capacity": "2",
        "fee": "yes",
        "motorcar": "no",
        "opening_hours": "24/7",
        "operator": "Innogy",
        "operator:wikidata": "Q2124721",
        "operator:wikipedia": "de:Innogy",
        "socket:chademo": "1",
        "socket:type2": "2",
        "socket:type2_combo": "1"
      },
      "geometry": {
        "type": "Point",
        "coordinates": [
          13.3707266,
          52.4691966
        ]
      },
      "id": "node/4409472084"
    },
    {
      "type": "Feature",
      "properties": {
        "@id": "node/4409477380",
        "amenity": "charging_station",
        "amperage": "50",
        "authentication:none": "yes",
        "bicycle": "no",
        "capacity": "2",
        "description": "Triplelader 50 kW",
        "fee": "no",
        "motorcar": "yes",
        "opening_hours": "Mo-Sa 08:00-22:00",
        "operator": "Lidl",
        "operator:wikidata": "Q151954",
        "operator:wikipedia": "en:Lidl",
        "scooter": "no",
        "socket:chademo": "1",
        "socket:type2": "1",
        "socket:type2_combo": "1"
      },
      "geometry": {
        "type": "Point",
        "coordinates": [
          13.3511644,
          52.4831704
        ]
      },
      "id": "node/4409477380"
    },
    {
      "type": "Feature",
      "properties": {
        "@id": "node/4477116815",
        "amenity": "charging_station",
        "capacity": "2",
        "motorcar": "yes",
        "opening_hours": "24/7",
        "operator": "Allego",
        "operator:wikidata": "Q75560554",
        "ref": "DEALLEGO0000791",
        "socket:type2": "2"
      },
      "geometry": {
        "type": "Point",
        "coordinates": [
          13.3299489,
          52.510267
        ]
      },
      "id": "node/4477116815"
    },
    {
      "type": "Feature",
      "properties": {
        "@id": "node/4561948710",
        "access": "yes",
        "addr:floor": "0",
        "amenity": "charging_station",
        "amperage": "16",
        "authentication:membership_card": "yes",
        "capacity": "2",
        "covered": "no",
        "fee": "yes",
        "level": "0",
        "operator": "be-emobil",
        "ref": "DEALLEGO0001561",
        "socket:type2": "2",
        "source": "survey"
      },
      "geometry": {
        "type": "Point",
        "coordinates": [
          13.4198956,
          52.4902137
        ]
      },
      "id": "node/4561948710"
    },
    {
      "type": "Feature",
      "properties": {
        "@id": "node/4588282389",
        "amenity": "charging_station",
        "bicycle": "no",
        "capacity": "2",
        "operator": "Allego",
        "operator:wikidata": "Q75560554"
      },
      "geometry": {
        "type": "Point",
        "coordinates": [
          13.3027984,
          52.4878309
        ]
      },
      "id": "node/4588282389"
    },
    {
      "type": "Feature",
      "properties": {
        "@id": "node/4593219613",
        "access": "customers",
        "amenity": "charging_station",
        "capacity": "2",
        "fee": "no",
        "motorcar": "yes",
        "opening_hours": "Mo-Sa 08:00-21:00",
        "operator": "Lidl",
        "operator:wikidata": "Q151954",
        "operator:wikipedia": "en:Lidl",
        "socket:chademo": "1",
        "socket:chademo:output": "50 kW",
        "socket:type2": "1",
        "socket:type2:output": "43 kW",
        "socket:type2_combo": "1",
        "socket:type2_combo:output": "50 kW"
      },
      "geometry": {
        "type": "Point",
        "coordinates": [
          13.3674146,
          52.6034448
        ]
      },
      "id": "node/4593219613"
    },
    {
      "type": "Feature",
      "properties": {
        "@id": "node/4593219614",
        "access": "customers",
        "amenity": "charging_station",
        "bicycle": "yes",
        "capacity": "3",
        "motorcar": "no",
        "opening_hours": "Mo-Sa 08:00-21:00",
        "operator": "Lidl",
        "operator:wikidata": "Q151954",
        "operator:wikipedia": "en:Lidl",
        "socket:schuko": "3"
      },
      "geometry": {
        "type": "Point",
        "coordinates": [
          13.3676334,
          52.6038663
        ]
      },
      "id": "node/4593219614"
    },
    {
      "type": "Feature",
      "properties": {
        "@id": "node/4597240936",
        "amenity": "charging_station",
        "bicycle": "no",
        "brand": "Innogy",
        "brand:wikidata": "Q2124721",
        "brand:wikipedia": "de:Innogy",
        "capacity": "2",
        "operator": "Innogy",
        "operator:wikidata": "Q2124721",
        "operator:wikipedia": "de:Innogy"
      },
      "geometry": {
        "type": "Point",
        "coordinates": [
          13.4810164,
          52.5029874
        ]
      },
      "id": "node/4597240936"
    },
    {
      "type": "Feature",
      "properties": {
        "@id": "node/4600305229",
        "amenity": "charging_station",
        "amperage": "16",
        "capacity": "2",
        "operator": "Allego",
        "operator:wikidata": "Q75560554",
        "ref": "DEALLEGO000117"
      },
      "geometry": {
        "type": "Point",
        "coordinates": [
          13.4906316,
          52.4673656
        ]
      },
      "id": "node/4600305229"
    },
    {
      "type": "Feature",
      "properties": {
        "@id": "node/4605700439",
        "access": "yes",
        "amenity": "charging_station",
        "bicycle": "no",
        "capacity": "2",
        "operator": "E.ON",
        "operator:wikidata": "Q270223",
        "operator:wikipedia": "de:E.ON",
        "socket:type2:output": "11 kW"
      },
      "geometry": {
        "type": "Point",
        "coordinates": [
          13.5385471,
          52.4288945
        ]
      },
      "id": "node/4605700439"
    },
    {
      "type": "Feature",
      "properties": {
        "@id": "node/4662885608",
        "amenity": "charging_station",
        "bicycle": "no",
        "capacity": "2",
        "motorcar": "yes",
        "operator": "Allego",
        "operator:wikidata": "Q75560554"
      },
      "geometry": {
        "type": "Point",
        "coordinates": [
          13.4289925,
          52.5256324
        ]
      },
      "id": "node/4662885608"
    },
    {
      "type": "Feature",
      "properties": {
        "@id": "node/4662885609",
        "amenity": "charging_station",
        "authentication:membership_card": "yes",
        "bicycle": "no",
        "capacity": "2",
        "fee": "yes",
        "motorcar": "yes",
        "name": "Elektro Ladestation (vorübergehend defekt)",
        "operator": "be emobil",
        "socket:type2": "2"
      },
      "geometry": {
        "type": "Point",
        "coordinates": [
          13.4377206,
          52.5200935
        ]
      },
      "id": "node/4662885609"
    },
    {
      "type": "Feature",
      "properties": {
        "@id": "node/4692970768",
        "amenity": "charging_station",
        "authentication:membership_card": "yes",
        "authentication:nfc": "yes",
        "capacity": "2",
        "fee": "yes",
        "motorcar": "yes",
        "operator": "Shell Recharge Solutions",
        "operator:wikidata": "Q105883058",
        "socket:type2": "1"
      },
      "geometry": {
        "type": "Point",
        "coordinates": [
          13.5250664,
          52.4923557
        ]
      },
      "id": "node/4692970768"
    },
    {
      "type": "Feature",
      "properties": {
        "@id": "node/4692974288",
        "access": "yes",
        "amenity": "charging_station",
        "authentication:nfc": "yes",
        "bicycle": "no",
        "capacity": "2",
        "fee": "yes",
        "motorcar": "yes",
        "name": "be emobil",
        "opening_hours": "24/7",
        "operator": "be emobil",
        "ref": "www.plugsurfing.de",
        "socket:type2": "2"
      },
      "geometry": {
        "type": "Point",
        "coordinates": [
          13.5024349,
          52.4981179
        ]
      },
      "id": "node/4692974288"
    },
    {
      "type": "Feature",
      "properties": {
        "@id": "node/4692975241",
        "amenity": "charging_station",
        "authentication:nfc": "yes",
        "capacity": "2",
        "fee": "yes",
        "motorcar": "yes",
        "name": "be emobil",
        "opening_hours": "24/7",
        "operator": "be emobil",
        "ref": "www.plugsurfing.de",
        "socket:type2": "2"
      },
      "geometry": {
        "type": "Point",
        "coordinates": [
          13.2694746,
          52.5197369
        ]
      },
      "id": "node/4692975241"
    },
    {
      "type": "Feature",
      "properties": {
        "@id": "node/4707494923",
        "amenity": "charging_station",
        "authentication:none": "yes",
        "bicycle": "yes",
        "capacity": "3",
        "fee": "no",
        "motorcar": "no",
        "name": "E-Bike Ladestation",
        "opening_hours": "Mo-Sa 08:00-22:00",
        "operator": "Lidl",
        "scooter": "yes",
        "socket:schuko": "3"
      },
      "geometry": {
        "type": "Point",
        "coordinates": [
          13.3513787,
          52.4830352
        ]
      },
      "id": "node/4707494923"
    },
    {
      "type": "Feature",
      "properties": {
        "@id": "node/4717364494",
        "access": "yes",
        "addr:floor": "0",
        "amenity": "charging_station",
        "capacity": "2",
        "covered": "no",
        "fee": "yes",
        "level": "0",
        "operator": "Allego",
        "operator:wikidata": "Q75560554",
        "ref": "DEALLEGO001015",
        "socket:type2": "2",
        "socket:type2:output": "11 kW",
        "source": "survey"
      },
      "geometry": {
        "type": "Point",
        "coordinates": [
          13.4033197,
          52.5352943
        ]
      },
      "id": "node/4717364494"
    },
    {
      "type": "Feature",
      "properties": {
        "@id": "node/4757389019",
        "amenity": "charging_station",
        "capacity": "1",
        "description": "An der Straßenlaterne",
        "operator": "Allego",
        "operator:wikidata": "Q75560554",
        "socket:type2": "1"
      },
      "geometry": {
        "type": "Point",
        "coordinates": [
          13.4616389,
          52.5308575
        ]
      },
      "id": "node/4757389019"
    },
    {
      "type": "Feature",
      "properties": {
        "@id": "node/4771561729",
        "access": "yes",
        "amenity": "charging_station",
        "amperage": "16",
        "authentication:app": "yes",
        "authentication:nfc": "yes",
        "bicycle": "no",
        "capacity": "2",
        "contact:phone": "+49 30 233210000",
        "fee": "yes",
        "motorcar": "yes",
        "opening_hours": "24/7",
        "operator": "Berliner Stadtwerke",
        "operator:wikidata": "Q21969102",
        "parking:fee": "no",
        "payment:mastercard": "yes",
        "payment:paypal": "yes",
        "payment:visa": "yes",
        "ref": "DE*BSW*E604789*789;DE*BSW*E603752*752",
        "socket:type2": "2",
        "socket:type2:output": "11 kW"
      },
      "geometry": {
        "type": "Point",
        "coordinates": [
          13.4269049,
          52.4783471
        ]
      },
      "id": "node/4771561729"
    },
    {
      "type": "Feature",
      "properties": {
        "@id": "node/4779494434",
        "access": "private",
        "amenity": "charging_station"
      },
      "geometry": {
        "type": "Point",
        "coordinates": [
          13.3205455,
          52.5226575
        ]
      },
      "id": "node/4779494434"
    },
    {
      "type": "Feature",
      "properties": {
        "@id": "node/4779494435",
        "access": "private",
        "amenity": "charging_station"
      },
      "geometry": {
        "type": "Point",
        "coordinates": [
          13.3203992,
          52.522542
        ]
      },
      "id": "node/4779494435"
    },
    {
      "type": "Feature",
      "properties": {
        "@id": "node/4818965626",
        "amenity": "charging_station",
        "amperage": "32",
        "authentication:membership_card": "yes",
        "authentication:nfc": "yes",
        "authentication:short_message": "no",
        "bicycle": "no",
        "capacity": "2",
        "fee": "yes",
        "motorcar": "yes",
        "opening_hours": "24/7",
        "operator": "be-emobil",
        "ref": "Own, NewMotion",
        "scooter": "no",
        "socket:type2": "2",
        "truck": "yes",
        "voltage": "230"
      },
      "geometry": {
        "type": "Point",
        "coordinates": [
          13.517828,
          52.5343418
        ]
      },
      "id": "node/4818965626"
    },
    {
      "type": "Feature",
      "properties": {
        "@id": "node/4834614289",
        "amenity": "charging_station",
        "bicycle": "no",
        "capacity": "2",
        "operator": "Allego",
        "operator:wikidata": "Q75560554"
      },
      "geometry": {
        "type": "Point",
        "coordinates": [
          13.3495437,
          52.4883635
        ]
      },
      "id": "node/4834614289"
    },
    {
      "type": "Feature",
      "properties": {
        "@id": "node/4834635639",
        "amenity": "charging_station",
        "bicycle": "no",
        "capacity": "2",
        "operator": "Allego",
        "operator:wikidata": "Q75560554"
      },
      "geometry": {
        "type": "Point",
        "coordinates": [
          13.3545032,
          52.4873567
        ]
      },
      "id": "node/4834635639"
    },
    {
      "type": "Feature",
      "properties": {
        "@id": "node/4834635640",
        "amenity": "charging_station",
        "bicycle": "no",
        "capacity": "2",
        "operator": "Allego",
        "operator:wikidata": "Q75560554"
      },
      "geometry": {
        "type": "Point",
        "coordinates": [
          13.3613804,
          52.4853683
        ]
      },
      "id": "node/4834635640"
    },
    {
      "type": "Feature",
      "properties": {
        "@id": "node/4875628124",
        "amenity": "charging_station",
        "capacity": "2",
        "operator": "be emobil"
      },
      "geometry": {
        "type": "Point",
        "coordinates": [
          13.2970512,
          52.5104873
        ]
      },
      "id": "node/4875628124"
    },
    {
      "type": "Feature",
      "properties": {
        "@id": "node/4931253122",
        "amenity": "charging_station",
        "amperage": "16",
        "authentication:membership_card": "Ubitricitykabel",
        "authentication:nfc": "yes",
        "bicycle": "no",
        "brand": "ubitricity",
        "brand:wikidata": "Q113699692",
        "camera:direction": "130",
        "camera:mount": "wall",
        "camera:type": "fixed",
        "capacity": "1",
        "fee": "yes",
        "motorcar": "yes",
        "name": "ubitricty Laterne",
        "operator": "ubitricity",
        "operator:wikidata": "Q113699692",
        "ref": "own, goingelectric",
        "socket:type2": "1",
        "support": "street_lamp",
        "surveillance": "outdoor",
        "surveillance:type": "camera",
        "surveillance:zone": "building",
        "voltage": "230"
      },
      "geometry": {
        "type": "Point",
        "coordinates": [
          13.5069054,
          52.5087297
        ]
      },
      "id": "node/4931253122"
    },
    {
      "type": "Feature",
      "properties": {
        "@id": "node/4953495663",
        "amenity": "charging_station",
        "capacity": "2",
        "operator": "Allego",
        "operator:wikidata": "Q75560554",
        "socket:type2": "2"
      },
      "geometry": {
        "type": "Point",
        "coordinates": [
          13.3409945,
          52.5549993
        ]
      },
      "id": "node/4953495663"
    },
    {
      "type": "Feature",
      "properties": {
        "@id": "node/5046985465",
        "amenity": "charging_station",
        "capacity": "2",
        "fee": "yes",
        "name": "be emobil",
        "operator": "Allego",
        "operator:wikidata": "Q75560554",
        "ref": "DEALLEGO000162",
        "socket:type2": "2",
        "socket:type2:current": "16",
        "socket:type2:output": "11 kW"
      },
      "geometry": {
        "type": "Point",
        "coordinates": [
          13.3913809,
          52.5449498
        ]
      },
      "id": "node/5046985465"
    },
    {
      "type": "Feature",
      "properties": {
        "@id": "node/5052672118",
        "amenity": "charging_station",
        "amperage": "16",
        "authentication:membership_card": "yes",
        "authentication:nfc": "yes",
        "capacity": "2",
        "fee": "yes",
        "motorcar": "yes",
        "name": "Be Emobil",
        "opening_hours": "24/7",
        "operator": "Allego",
        "operator:wikidata": "Q75560554",
        "socket:type2": "2",
        "socket:type2:output": "7,4kw",
        "truck": "no",
        "voltage": "230"
      },
      "geometry": {
        "type": "Point",
        "coordinates": [
          13.5248811,
          52.4918642
        ]
      },
      "id": "node/5052672118"
    },
    {
      "type": "Feature",
      "properties": {
        "@id": "node/5052922945",
        "amenity": "charging_station",
        "amperage": "32",
        "authentication:none": "yes",
        "capacity": "1",
        "fee": "no",
        "motorcar": "yes",
        "opening_hours": "Mo-Sa 10:00-21:00",
        "operator": "IKEA",
        "operator:wikidata": "Q54078",
        "operator:wikipedia": "en:IKEA",
        "socket:chademo": "1",
        "socket:chademo:output": "20 kW",
        "socket:type2": "1",
        "socket:type2:output": "20 kW",
        "socket:type2_combo": "1",
        "socket:type2_combo:output": "20 kW",
        "voltage": "400"
      },
      "geometry": {
        "type": "Point",
        "coordinates": [
          13.5126286,
          52.5343097
        ]
      },
      "id": "node/5052922945"
    },
    {
      "type": "Feature",
      "properties": {
        "@id": "node/5052922946",
        "amenity": "charging_station",
        "amperage": "32",
        "authentication:none": "yes",
        "capacity": "1",
        "fee": "no",
        "motorcar": "yes",
        "opening_hours": "Mo-Sa 10:00-21:00",
        "operator": "IKEA",
        "operator:wikidata": "Q54078",
        "operator:wikipedia": "en:IKEA",
        "socket:chademo": "1",
        "socket:chademo:output": "20 kW",
        "socket:type2": "1",
        "socket:type2:output": "20 kW",
        "socket:type2_combo": "1",
        "socket:type2_combo:output": "20 kW",
        "voltage": "400"
      },
      "geometry": {
        "type": "Point",
        "coordinates": [
          13.5127011,
          52.5343138
        ]
      },
      "id": "node/5052922946"
    },
    {
      "type": "Feature",
      "properties": {
        "@id": "node/5052922947",
        "amenity": "charging_station",
        "amperage": "32",
        "authentication:none": "yes",
        "capacity": "1",
        "fee": "no",
        "motorcar": "yes",
        "opening_hours": "Mo-Sa 10:00-21:00",
        "operator": "IKEA",
        "operator:wikidata": "Q54078",
        "operator:wikipedia": "en:IKEA",
        "socket:chademo": "1",
        "socket:chademo:output": "20 kW",
        "socket:type2": "1",
        "socket:type2:output": "20 kW",
        "socket:type2_combo": "1",
        "socket:type2_combo:output": "20 kW",
        "voltage": "400"
      },
      "geometry": {
        "type": "Point",
        "coordinates": [
          13.5127644,
          52.5343184
        ]
      },
      "id": "node/5052922947"
    },
    {
      "type": "Feature",
      "properties": {
        "@id": "node/5052933623",
        "amenity": "charging_station",
        "capacity": "2",
        "operator": "Vattenfall"
      },
      "geometry": {
        "type": "Point",
        "coordinates": [
          13.3351396,
          52.4726423
        ]
      },
      "id": "node/5052933623"
    },
    {
      "type": "Feature",
      "properties": {
        "@id": "node/5098075563",
        "amenity": "charging_station",
        "amperage": "32",
        "authentication:membership_card": "yes",
        "capacity": "2",
        "opening_hours": "24/7",
        "operator": "Vattenfall",
        "socket:type2": "2"
      },
      "geometry": {
        "type": "Point",
        "coordinates": [
          13.441621,
          52.5310161
        ]
      },
      "id": "node/5098075563"
    },
    {
      "type": "Feature",
      "properties": {
        "@id": "node/5098139041",
        "amenity": "charging_station",
        "brand": "TotalEnergies",
        "brand:wikidata": "Q154037",
        "capacity": "1",
        "opening_hours": "24/7",
        "operator": "TotalEnergies",
        "operator:wikidata": "Q154037",
        "operator:wikipedia": "en:TotalEnergies",
        "socket:chademo": "1",
        "socket:type2": "1"
      },
      "geometry": {
        "type": "Point",
        "coordinates": [
          13.4416533,
          52.5310084
        ]
      },
      "id": "node/5098139041"
    },
    {
      "type": "Feature",
      "properties": {
        "@id": "node/5111721849",
        "access": "yes",
        "amenity": "charging_station",
        "bicycle": "no",
        "capacity": "2",
        "fee": "yes",
        "operator": "Allego",
        "operator:wikidata": "Q75560554",
        "ref:EU:EVSE": "DE*ALLEGO*0034231;DE*ALLEGO*0034232",
        "socket:type2_combo": "2",
        "socket:type2_combo:output": "150 kW"
      },
      "geometry": {
        "type": "Point",
        "coordinates": [
          13.4066149,
          52.5364265
        ]
      },
      "id": "node/5111721849"
    },
    {
      "type": "Feature",
      "properties": {
        "@id": "node/5111721850",
        "amenity": "charging_station",
        "capacity": "2",
        "operator": "Allego",
        "operator:wikidata": "Q75560554",
        "socket:type2": "2"
      },
      "geometry": {
        "type": "Point",
        "coordinates": [
          13.318858,
          52.481323
        ]
      },
      "id": "node/5111721850"
    },
    {
      "type": "Feature",
      "properties": {
        "@id": "node/5111721851",
        "access": "yes",
        "amenity": "charging_station",
        "bicycle": "no",
        "capacity": "2",
        "charge": "0.38 EUR/kWh",
        "contact:phone": "+49 30 233210000",
        "contact:website": "https://www.allego.eu/de-de/elektromobilisten/ladestation-finden",
        "fee": "yes",
        "motorcar": "yes",
        "opening_hours": "24/7",
        "operator": "Allego",
        "operator:wikidata": "Q75560554",
        "payment:american_express": "yes",
        "payment:mastercard": "yes",
        "payment:sepa": "yes",
        "payment:visa": "yes",
        "payment:vpay": "yes",
        "ref": "DEALLEGO0001771",
        "socket:type2": "2",
        "socket:type2:current": "16",
        "socket:type2:output": "11 kW"
      },
      "geometry": {
        "type": "Point",
        "coordinates": [
          13.4069011,
          52.5397044
        ]
      },
      "id": "node/5111721851"
    },
    {
      "type": "Feature",
      "properties": {
        "@id": "node/5111721852",
        "amenity": "charging_station",
        "capacity": "2",
        "operator": "Allego",
        "operator:wikidata": "Q75560554",
        "socket:type2": "2"
      },
      "geometry": {
        "type": "Point",
        "coordinates": [
          13.4390281,
          52.5420232
        ]
      },
      "id": "node/5111721852"
    },
    {
      "type": "Feature",
      "properties": {
        "@id": "node/5111721853",
        "amenity": "charging_station",
        "capacity": "2",
        "operator": "Allego",
        "operator:wikidata": "Q75560554",
        "socket:type2": "2"
      },
      "geometry": {
        "type": "Point",
        "coordinates": [
          13.4386461,
          52.547029
        ]
      },
      "id": "node/5111721853"
    },
    {
      "type": "Feature",
      "properties": {
        "@id": "node/5111721854",
        "amenity": "charging_station",
        "capacity": "2",
        "operator": "Allego",
        "operator:wikidata": "Q75560554",
        "socket:type2": "2"
      },
      "geometry": {
        "type": "Point",
        "coordinates": [
          13.4259846,
          52.567805
        ]
      },
      "id": "node/5111721854"
    },
    {
      "type": "Feature",
      "properties": {
        "@id": "node/5111721855",
        "amenity": "charging_station",
        "bicycle": "no",
        "capacity": "2",
        "motorcar": "yes",
        "operator": "Allego",
        "operator:wikidata": "Q75560554",
        "ref:EU:EVSE": "DE*BSW*E603388*388",
        "socket:type2": "2"
      },
      "geometry": {
        "type": "Point",
        "coordinates": [
          13.4557573,
          52.5488993
        ]
      },
      "id": "node/5111721855"
    },
    {
      "type": "Feature",
      "properties": {
        "@id": "node/5111721856",
        "access": "yes",
        "amenity": "charging_station",
        "bicycle": "no",
        "capacity": "2",
        "fee": "yes",
        "operator": "Allego",
        "operator:wikidata": "Q75560554",
        "socket:type2": "2",
        "socket:type2:output": "11 kW"
      },
      "geometry": {
        "type": "Point",
        "coordinates": [
          13.3971174,
          52.5347023
        ]
      },
      "id": "node/5111721856"
    },
    {
      "type": "Feature",
      "properties": {
        "@id": "node/5111769134",
        "amenity": "charging_station",
        "capacity": "1",
        "note": "Lamppost/Lichtmast",
        "operator": "Allego",
        "operator:wikidata": "Q75560554",
        "socket:type2": "1"
      },
      "geometry": {
        "type": "Point",
        "coordinates": [
          13.5431269,
          52.5535826
        ]
      },
      "id": "node/5111769134"
    },
    {
      "type": "Feature",
      "properties": {
        "@id": "node/5111769135",
        "amenity": "charging_station",
        "bicycle": "no",
        "capacity": "1",
        "note": "Lamppost/Lichtmast",
        "operator": "Allego",
        "operator:wikidata": "Q75560554",
        "socket:type2": "1"
      },
      "geometry": {
        "type": "Point",
        "coordinates": [
          13.3283448,
          52.4769685
        ]
      },
      "id": "node/5111769135"
    },
    {
      "type": "Feature",
      "properties": {
        "@id": "node/5111769136",
        "amenity": "charging_station",
        "capacity": "1",
        "note": "Lamppost/Lichtmast",
        "operator": "Allego",
        "operator:wikidata": "Q75560554",
        "socket:type2": "1"
      },
      "geometry": {
        "type": "Point",
        "coordinates": [
          13.5056158,
          52.5372775
        ]
      },
      "id": "node/5111769136"
    },
    {
      "type": "Feature",
      "properties": {
        "@id": "node/5111769137",
        "amenity": "charging_station",
        "bicycle": "no",
        "capacity": "1",
        "note": "Lamppost/Lichtmast",
        "operator": "Allego",
        "operator:wikidata": "Q75560554",
        "socket:type2": "1"
      },
      "geometry": {
        "type": "Point",
        "coordinates": [
          13.3336076,
          52.4715429
        ]
      },
      "id": "node/5111769137"
    },
    {
      "type": "Feature",
      "properties": {
        "@id": "node/5111769138",
        "amenity": "charging_station",
        "capacity": "1",
        "note": "Lamppost/Lichtmast",
        "operator": "Allego",
        "operator:wikidata": "Q75560554",
        "socket:type2": "1"
      },
      "geometry": {
        "type": "Point",
        "coordinates": [
          13.1397833,
          52.5293759
        ]
      },
      "id": "node/5111769138"
    },
    {
      "type": "Feature",
      "properties": {
        "@id": "node/5111769139",
        "amenity": "charging_station",
        "capacity": "2",
        "operator": "Allego",
        "operator:wikidata": "Q75560554",
        "socket:type2": "2"
      },
      "geometry": {
        "type": "Point",
        "coordinates": [
          13.1954744,
          52.5332379
        ]
      },
      "id": "node/5111769139"
    },
    {
      "type": "Feature",
      "properties": {
        "@id": "node/5111769140",
        "amenity": "charging_station",
        "capacity": "1",
        "note": "Lamppost/Lichtmast",
        "operator": "Allego",
        "operator:wikidata": "Q75560554",
        "socket:type2": "1",
        "socket:type2:output": "3,7 kW"
      },
      "geometry": {
        "type": "Point",
        "coordinates": [
          13.3297115,
          52.5637724
        ]
      },
      "id": "node/5111769140"
    },
    {
      "type": "Feature",
      "properties": {
        "@id": "node/5111769141",
        "amenity": "charging_station",
        "capacity": "2",
        "operator": "Allego",
        "operator:wikidata": "Q75560554",
        "socket:type2": "2"
      },
      "geometry": {
        "type": "Point",
        "coordinates": [
          13.5664636,
          52.5552331
        ]
      },
      "id": "node/5111769141"
    },
    {
      "type": "Feature",
      "properties": {
        "@id": "node/5111769142",
        "amenity": "charging_station",
        "bicycle": "no",
        "capacity": "2",
        "operator": "Allego",
        "operator:wikidata": "Q75560554",
        "socket:type2": "2"
      },
      "geometry": {
        "type": "Point",
        "coordinates": [
          13.4802243,
          52.5230385
        ]
      },
      "id": "node/5111769142"
    },
    {
      "type": "Feature",
      "properties": {
        "@id": "node/5111780186",
        "amenity": "charging_station",
        "capacity": "2",
        "fee": "yes",
        "motorcar": "yes",
        "opening_hours": "24/7",
        "operator": "Allego",
        "operator:wikidata": "Q75560554",
        "socket:chademo": "1",
        "socket:chademo:output": "50 kW",
        "socket:type2": "1",
        "socket:type2:output": "43 kW",
        "socket:type2_combo": "1",
        "socket:type2_combo:output": "50 kW"
      },
      "geometry": {
        "type": "Point",
        "coordinates": [
          13.2936235,
          52.577336
        ]
      },
      "id": "node/5111780186"
    },
    {
      "type": "Feature",
      "properties": {
        "@id": "node/5111780187",
        "access": "yes",
        "amenity": "charging_station",
        "capacity": "2",
        "check_date": "2026-05-11",
        "name": "Berliner Stadtwerke Ladestation",
        "operator": "Berliner Stadtwerke",
        "operator:wikidata": "Q21969102",
        "payment:app": "yes",
        "payment:credit_cards": "yes",
        "payment:paypal": "yes",
        "socket:type2": "2",
        "website": "https://berlinerstadtwerke.de/"
      },
      "geometry": {
        "type": "Point",
        "coordinates": [
          13.2812104,
          52.5905056
        ]
      },
      "id": "node/5111780187"
    },
    {
      "type": "Feature",
      "properties": {
        "@id": "node/5111780188",
        "amenity": "charging_station",
        "bicycle": "no",
        "capacity": "2",
        "operator": "Allego",
        "operator:wikidata": "Q75560554",
        "socket:type2": "2"
      },
      "geometry": {
        "type": "Point",
        "coordinates": [
          13.3540389,
          52.547087
        ]
      },
      "id": "node/5111780188"
    },
    {
      "type": "Feature",
      "properties": {
        "@id": "node/5111793397",
        "amenity": "charging_station",
        "bicycle": "no",
        "capacity": "2",
        "covered": "no",
        "operator": "Allego",
        "operator:wikidata": "Q75560554",
        "socket:type2": "2"
      },
      "geometry": {
        "type": "Point",
        "coordinates": [
          13.3662756,
          52.5234348
        ]
      },
      "id": "node/5111793397"
    },
    {
      "type": "Feature",
      "properties": {
        "@id": "node/5111793398",
        "access": "yes",
        "amenity": "charging_station",
        "bicycle": "no",
        "capacity": "2",
        "covered": "no",
        "fee": "yes",
        "operator": "Berliner Stadtwerke",
        "operator:wikidata": "Q21969102",
        "socket:type2": "2",
        "socket:type2:output": "11 kW",
        "source": "survey"
      },
      "geometry": {
        "type": "Point",
        "coordinates": [
          13.3778238,
          52.5318013
        ]
      },
      "id": "node/5111793398"
    },
    {
      "type": "Feature",
      "properties": {
        "@id": "node/5111793399",
        "access": "yes",
        "amenity": "charging_station",
        "bicycle": "no",
        "capacity": "2",
        "fee": "yes",
        "motorcar": "yes",
        "opening_hours": "24/7",
        "operator": "Berliner Stadtwerke",
        "operator:wikidata": "Q21969102",
        "parking:fee": "no",
        "ref:EU:EVSE": "DE*BSW*E603484*484;DE*BSW*E603484*485",
        "socket:type2": "2",
        "socket:type2:output": "11 kW"
      },
      "geometry": {
        "type": "Point",
        "coordinates": [
          13.3702585,
          52.534234
        ]
      },
      "id": "node/5111793399"
    },
    {
      "type": "Feature",
      "properties": {
        "@id": "node/5111793400",
        "access": "yes",
        "amenity": "charging_station",
        "bicycle": "no",
        "capacity": "2",
        "covered": "no",
        "fee": "yes",
        "level": "0",
        "motorcar": "yes",
        "operator": "Berliner Stadtwerke",
        "operator:wikidata": "Q21969102",
        "payment:credit_cards": "yes",
        "payment:mastercard": "yes",
        "payment:paypal": "yes",
        "payment:visa": "yes",
        "socket:type2": "2",
        "socket:type2:output": "11 kW"
      },
      "geometry": {
        "type": "Point",
        "coordinates": [
          13.3711516,
          52.5401676
        ]
      },
      "id": "node/5111793400"
    },
    {
      "type": "Feature",
      "properties": {
        "@id": "node/5111793401",
        "access": "yes",
        "amenity": "charging_station",
        "bicycle": "no",
        "capacity": "2",
        "covered": "no",
        "fee": "yes",
        "motorcar": "yes",
        "operator": "Berliner Stadtwerke",
        "operator:wikidata": "Q21969102",
        "payment:credit_cards": "yes",
        "payment:paypal": "yes",
        "socket:type2": "2",
        "socket:type2:output": "11 kW",
        "source": "local knowledge"
      },
      "geometry": {
        "type": "Point",
        "coordinates": [
          13.3690134,
          52.5461758
        ]
      },
      "id": "node/5111793401"
    },
    {
      "type": "Feature",
      "properties": {
        "@id": "node/5172540088",
        "amenity": "charging_station",
        "capacity": "2",
        "operator": "Allego",
        "operator:wikidata": "Q75560554"
      },
      "geometry": {
        "type": "Point",
        "coordinates": [
          13.4097147,
          52.5043174
        ]
      },
      "id": "node/5172540088"
    },
    {
      "type": "Feature",
      "properties": {
        "@id": "node/5197091613",
        "amenity": "charging_station",
        "capacity": "2",
        "operator": "Allego",
        "operator:wikidata": "Q75560554"
      },
      "geometry": {
        "type": "Point",
        "coordinates": [
          13.3297602,
          52.4814158
        ]
      },
      "id": "node/5197091613"
    },
    {
      "type": "Feature",
      "properties": {
        "@id": "node/5206949473",
        "amenity": "charging_station",
        "capacity": "2",
        "operator": "be emobil",
        "socket:type2": "2"
      },
      "geometry": {
        "type": "Point",
        "coordinates": [
          13.3324515,
          52.5241311
        ]
      },
      "id": "node/5206949473"
    },
    {
      "type": "Feature",
      "properties": {
        "@id": "node/5206949475",
        "amenity": "charging_station",
        "bicycle": "no",
        "capacity": "2",
        "operator": "be emobil",
        "socket:type2": "2"
      },
      "geometry": {
        "type": "Point",
        "coordinates": [
          13.3011386,
          52.525891
        ]
      },
      "id": "node/5206949475"
    },
    {
      "type": "Feature",
      "properties": {
        "@id": "node/5206949476",
        "amenity": "charging_station",
        "capacity": "2",
        "operator": "be emobil",
        "socket:type2": "2"
      },
      "geometry": {
        "type": "Point",
        "coordinates": [
          13.3000877,
          52.5355637
        ]
      },
      "id": "node/5206949476"
    },
    {
      "type": "Feature",
      "properties": {
        "@id": "node/5214561869",
        "amenity": "charging_station",
        "capacity": "2",
        "operator": "Allego",
        "operator:wikidata": "Q75560554",
        "ref": "DEALLEGO0001831"
      },
      "geometry": {
        "type": "Point",
        "coordinates": [
          13.322954,
          52.5106206
        ]
      },
      "id": "node/5214561869"
    },
    {
      "type": "Feature",
      "properties": {
        "@id": "node/5218747959",
        "amenity": "charging_station",
        "amperage": "16",
        "capacity": "2",
        "operator": "be emobil",
        "socket:type2": "2"
      },
      "geometry": {
        "type": "Point",
        "coordinates": [
          13.3089556,
          52.4953516
        ]
      },
      "id": "node/5218747959"
    },
    {
      "type": "Feature",
      "properties": {
        "@id": "node/5249519721",
        "amenity": "charging_station",
        "capacity": "1",
        "operator": "Vattenfall"
      },
      "geometry": {
        "type": "Point",
        "coordinates": [
          13.5708221,
          52.5419505
        ]
      },
      "id": "node/5249519721"
    },
    {
      "type": "Feature",
      "properties": {
        "@id": "node/5283382439",
        "amenity": "charging_station",
        "capacity": "2",
        "operator": "Wirelane"
      },
      "geometry": {
        "type": "Point",
        "coordinates": [
          13.5255113,
          52.4553873
        ]
      },
      "id": "node/5283382439"
    },
    {
      "type": "Feature",
      "properties": {
        "@id": "node/5306766491",
        "amenity": "charging_station",
        "brand": "Innogy",
        "brand:wikidata": "Q2124721",
        "brand:wikipedia": "de:Innogy",
        "level": "-2",
        "name": "Innogy",
        "operator": "Innogy",
        "operator:wikidata": "Q2124721",
        "operator:wikipedia": "de:Innogy",
        "ref": "BA-2022-5;BA-2034-6;BA-2491-2;BA-2501-8;BA-2537-0;BA-2548-5",
        "socket:type2": "8"
      },
      "geometry": {
        "type": "Point",
        "coordinates": [
          13.3729027,
          52.5087524
        ]
      },
      "id": "node/5306766491"
    },
    {
      "type": "Feature",
      "properties": {
        "@id": "node/5306783763",
        "amenity": "charging_station",
        "capacity": "2",
        "fee": "yes",
        "opening_hours": "24/7",
        "operator": "be emobil",
        "ref": "DEALLEGO0000621;DEALLEGO0000622",
        "socket:type2": "2"
      },
      "geometry": {
        "type": "Point",
        "coordinates": [
          13.3808066,
          52.5047684
        ]
      },
      "id": "node/5306783763"
    },
    {
      "type": "Feature",
      "properties": {
        "@id": "node/5306791206",
        "amenity": "charging_station",
        "bicycle": "no",
        "description": "Parkplatz K023",
        "layer": "-1",
        "level": "-1",
        "opening_hours": "24/7",
        "socket:type2": "1"
      },
      "geometry": {
        "type": "Point",
        "coordinates": [
          13.3836694,
          52.5038403
        ]
      },
      "id": "node/5306791206"
    },
    {
      "type": "Feature",
      "properties": {
        "@id": "node/5306803868",
        "amenity": "charging_station",
        "capacity": "2",
        "opening_hours": "24/7",
        "operator": "be emobil",
        "ref": "DEALLEGO0000431;DEALLEGO0000432",
        "socket:type2": "2"
      },
      "geometry": {
        "type": "Point",
        "coordinates": [
          13.40753,
          52.5000202
        ]
      },
      "id": "node/5306803868"
    },
    {
      "type": "Feature",
      "properties": {
        "@id": "node/5306805885",
        "amenity": "charging_station",
        "capacity": "2",
        "operator": "Gewobag"
      },
      "geometry": {
        "type": "Point",
        "coordinates": [
          13.4078381,
          52.5004609
        ]
      },
      "id": "node/5306805885"
    },
    {
      "type": "Feature",
      "properties": {
        "@id": "node/5306812102",
        "access": "no",
        "amenity": "charging_station",
        "capacity": "2",
        "opening_hours": "\"currently closed\"",
        "operator": "be emobil",
        "ref": "DEALLEGO0001521;DEALLEGO0001522",
        "socket:type2": "2"
      },
      "geometry": {
        "type": "Point",
        "coordinates": [
          13.4155767,
          52.5133848
        ]
      },
      "id": "node/5306812102"
    },
    {
      "type": "Feature",
      "properties": {
        "@id": "node/5324273698",
        "amenity": "charging_station",
        "authentication:app": "yes",
        "authentication:nfc": "yes",
        "capacity": "2",
        "contact:phone": "+49 30 233210000",
        "contact:website": "https://www.allego.eu/de-de/elektromobilisten/ladestation-finden",
        "fee": "yes",
        "motorcar": "yes",
        "opening_hours": "24/7",
        "operator": "Allego",
        "operator:wikidata": "Q75560554",
        "parking:fee": "no",
        "ref": "DEALLEGO001199",
        "socket:type2": "2",
        "socket:type2:output": "11 kW"
      },
      "geometry": {
        "type": "Point",
        "coordinates": [
          13.4298651,
          52.4684204
        ]
      },
      "id": "node/5324273698"
    },
    {
      "type": "Feature",
      "properties": {
        "@id": "node/5325280983",
        "amenity": "charging_station",
        "amperage": "32",
        "authentication:nfc": "yes",
        "authentication:short_message": "yes",
        "capacity": "2",
        "fee": "no",
        "motorcar": "yes",
        "opening_hours": "24/7",
        "ref": "own",
        "socket:type2": "2",
        "voltage": "230"
      },
      "geometry": {
        "type": "Point",
        "coordinates": [
          13.6240089,
          52.5017262
        ]
      },
      "id": "node/5325280983"
    },
    {
      "type": "Feature",
      "properties": {
        "@id": "node/5325280984",
        "amenity": "charging_station",
        "amperage": "32",
        "authentication:nfc": "yes",
        "authentication:short_message": "yes",
        "capacity": "2",
        "fee": "no",
        "motorcar": "yes",
        "opening_hours": "24/7",
        "ref": "own",
        "socket:type2": "2",
        "voltage": "230"
      },
      "geometry": {
        "type": "Point",
        "coordinates": [
          13.6239308,
          52.5017801
        ]
      },
      "id": "node/5325280984"
    },
    {
      "type": "Feature",
      "properties": {
        "@id": "node/5325280985",
        "addr:city": "Berlin",
        "addr:housenumber": "85",
        "addr:postcode": "12623",
        "addr:street": "Alt-Mahlsdorf",
        "amenity": "charging_station",
        "amperage": "32",
        "authentication:nfc": "yes",
        "authentication:short_message": "yes",
        "capacity": "2",
        "fee": "no",
        "motorcar": "yes",
        "opening_hours": "24/7",
        "ref": "own",
        "socket:type2": "2",
        "voltage": "230"
      },
      "geometry": {
        "type": "Point",
        "coordinates": [
          13.624233,
          52.5027792
        ]
      },
      "id": "node/5325280985"
    },
    {
      "type": "Feature",
      "properties": {
        "@id": "node/5354651133",
        "addr:city": "Berlin",
        "addr:housenumber": "4",
        "addr:postcode": "10245",
        "addr:street": "Glasbläserallee",
        "amenity": "charging_station",
        "amperage": "16",
        "bicycle": "no",
        "capacity": "2",
        "operator": "Allego",
        "operator:wikidata": "Q75560554",
        "socket:type2": "2"
      },
      "geometry": {
        "type": "Point",
        "coordinates": [
          13.467548,
          52.4962365
        ]
      },
      "id": "node/5354651133"
    },
    {
      "type": "Feature",
      "properties": {
        "@id": "node/5355176012",
        "addr:city": "Berlin",
        "addr:country": "DE",
        "addr:housenumber": "17",
        "addr:postcode": "13597",
        "addr:street": "Schürstraße",
        "amenity": "charging_station",
        "capacity": "2",
        "operator": "Allego",
        "operator:wikidata": "Q75560554",
        "socket:type2": "2"
      },
      "geometry": {
        "type": "Point",
        "coordinates": [
          13.207832,
          52.5328609
        ]
      },
      "id": "node/5355176012"
    },
    {
      "type": "Feature",
      "properties": {
        "@id": "node/5386387402",
        "amenity": "charging_station",
        "bicycle": "no",
        "capacity": "2",
        "charge": "0.38 EUR/kWh",
        "contact:phone": "+49 30 233210000",
        "contact:website": "https://www.allego.eu/de-de/elektromobilisten/ladestation-finden",
        "fee": "yes",
        "motorcar": "yes",
        "opening_hours": "24/7",
        "operator": "Allego",
        "operator:wikidata": "Q75560554",
        "payment:american_express": "yes",
        "payment:mastercard": "yes",
        "payment:sepa": "yes",
        "payment:visa": "yes",
        "payment:vpay": "yes",
        "ref": "DEALLEGO0000162",
        "socket:type2": "2",
        "socket:type2:current": "16",
        "socket:type2:output": "11 kW"
      },
      "geometry": {
        "type": "Point",
        "coordinates": [
          13.4085118,
          52.5537431
        ]
      },
      "id": "node/5386387402"
    },
    {
      "type": "Feature",
      "properties": {
        "@id": "node/5386945870",
        "amenity": "charging_station",
        "bicycle": "no",
        "capacity": "2",
        "operator": "be emobile",
        "ref": "DEALLEGO000194",
        "socket:type2": "2",
        "socket:type2:current": "16"
      },
      "geometry": {
        "type": "Point",
        "coordinates": [
          13.4125537,
          52.558665
        ]
      },
      "id": "node/5386945870"
    },
    {
      "type": "Feature",
      "properties": {
        "@id": "node/5386945871",
        "amenity": "charging_station",
        "capacity": "2",
        "charge": "0.38 EUR/kWh",
        "contact:phone": "+49 30 233210000",
        "contact:website": "https://www.allego.eu/de-de/elektromobilisten/ladestation-finden",
        "fee": "yes",
        "motorcar": "yes",
        "opening_hours": "24/7",
        "operator": "Allego",
        "operator:wikidata": "Q75560554",
        "payment:american_express": "yes",
        "payment:mastercard": "yes",
        "payment:sepa": "yes",
        "payment:visa": "yes",
        "payment:vpay": "yes",
        "ref": "DEALLEGO0001272",
        "socket:type2": "2",
        "socket:type2:current": "16",
        "socket:type2:output": "11 kW"
      },
      "geometry": {
        "type": "Point",
        "coordinates": [
          13.4123198,
          52.5487121
        ]
      },
      "id": "node/5386945871"
    },
    {
      "type": "Feature",
      "properties": {
        "@id": "node/5386945872",
        "amenity": "charging_station",
        "bicycle": "no",
        "capacity": "2",
        "operator": "Allego",
        "operator:wikidata": "Q75560554",
        "ref": "DEALLEGO000206",
        "socket:type2": "2",
        "socket:type2:current": "16"
      },
      "geometry": {
        "type": "Point",
        "coordinates": [
          13.4153377,
          52.5441773
        ]
      },
      "id": "node/5386945872"
    },
    {
      "type": "Feature",
      "properties": {
        "@id": "node/5389661102",
        "amenity": "charging_station",
        "bicycle": "no",
        "capacity": "2",
        "fee": "yes",
        "operator": "Berliner Stadtwerke",
        "operator:wikidata": "Q21969102",
        "ref": "DEALLEGO000181",
        "socket:type2": "2",
        "socket:type2:current": "16",
        "socket:type2:output": "11 kW"
      },
      "geometry": {
        "type": "Point",
        "coordinates": [
          13.391086,
          52.5282104
        ]
      },
      "id": "node/5389661102"
    },
    {
      "type": "Feature",
      "properties": {
        "@id": "node/5467791002",
        "amenity": "charging_station",
        "authentication:app": "yes",
        "authentication:nfc": "yes",
        "bicycle": "no",
        "capacity": "2",
        "contact:phone": "+49 30 233210000",
        "contact:website": "https://www.allego.eu/de-de/elektromobilisten/ladestation-finden",
        "fee": "yes",
        "motorcar": "yes",
        "opening_hours": "24/7",
        "operator": "Allego",
        "operator:wikidata": "Q75560554",
        "parking:fee": "no",
        "ref": "DEALLEGO000050",
        "socket:type2": "2",
        "socket:type2:output": "11 kW"
      },
      "geometry": {
        "type": "Point",
        "coordinates": [
          13.4279419,
          52.47489
        ]
      },
      "id": "node/5467791002"
    },
    {
      "type": "Feature",
      "properties": {
        "@id": "node/5486805946",
        "amenity": "charging_station",
        "capacity": "2",
        "note": "ID: DEALLEGO0000382",
        "operator": "Allego",
        "operator:wikidata": "Q75560554",
        "website": "http://www.be-emobil.de"
      },
      "geometry": {
        "type": "Point",
        "coordinates": [
          13.3837292,
          52.4951187
        ]
      },
      "id": "node/5486805946"
    },
    {
      "type": "Feature",
      "properties": {
        "@id": "node/5490916765",
        "amenity": "charging_station",
        "capacity": "2",
        "fee": "yes",
        "motorcar": "yes",
        "operator": "Allego",
        "operator:wikidata": "Q75560554",
        "socket:type2": "2",
        "socket:type2:output": "11 kW"
      },
      "geometry": {
        "type": "Point",
        "coordinates": [
          13.3613293,
          52.5548682
        ]
      },
      "id": "node/5490916765"
    },
    {
      "type": "Feature",
      "properties": {
        "@id": "node/5528908178",
        "amenity": "charging_station",
        "capacity": "2",
        "operator": "Allego",
        "operator:wikidata": "Q75560554"
      },
      "geometry": {
        "type": "Point",
        "coordinates": [
          13.3464383,
          52.4825305
        ]
      },
      "id": "node/5528908178"
    },
    {
      "type": "Feature",
      "properties": {
        "@id": "node/5611813688",
        "access": "yes",
        "amenity": "charging_station",
        "authentication:membership_card": "only",
        "bicycle": "no",
        "capacity": "1",
        "hgv": "no",
        "maxstay:conditional": "4 @ (08:00-18:00)",
        "motorcar": "yes",
        "opening_hours": "24/7",
        "operator": "Shell Recharge Solutions",
        "operator:wikidata": "Q105883058",
        "parking:fee": "no",
        "website": "http://www.be-emobil.de"
      },
      "geometry": {
        "type": "Point",
        "coordinates": [
          13.3269516,
          52.4735465
        ]
      },
      "id": "node/5611813688"
    },
    {
      "type": "Feature",
      "properties": {
        "@id": "node/5744011873",
        "amenity": "charging_station",
        "authentication:nfc": "yes",
        "authentication:none": "yes",
        "capacity": "3",
        "fee": "no",
        "motorcar": "yes",
        "noname": "yes",
        "opening_hours": "Mo-Sa 10:00-21:00",
        "operator": "IKEA",
        "operator:wikidata": "Q54078",
        "output": "20kw",
        "socket:chademo": "3",
        "socket:type2": "3",
        "socket:type2_combo": "3",
        "truck": "yes",
        "voltage": "400"
      },
      "geometry": {
        "type": "Point",
        "coordinates": [
          13.2167912,
          52.5283629
        ]
      },
      "id": "node/5744011873"
    },
    {
      "type": "Feature",
      "properties": {
        "@id": "node/5792072670",
        "amenity": "charging_station",
        "capacity": "2",
        "charging_station:output": "22 kW",
        "motorcar": "yes",
        "name": "Ladesäule 2x11 kW Typ 2 Ringbahnstr. 131",
        "opening_hours": "24/7",
        "operator": "Berliner Stadtwerke",
        "operator:wikidata": "Q21969102",
        "socket:chademo": "0",
        "socket:type2": "2",
        "socket:type2:current": "16",
        "socket:type2:output": "11 kW",
        "socket:type2:voltage": "400",
        "socket:type2_combo": "0"
      },
      "geometry": {
        "type": "Point",
        "coordinates": [
          13.3752277,
          52.4685949
        ]
      },
      "id": "node/5792072670"
    },
    {
      "type": "Feature",
      "properties": {
        "@id": "node/5792105382",
        "amenity": "charging_station",
        "brand": "Innogy",
        "brand:wikidata": "Q2124721",
        "brand:wikipedia": "de:Innogy",
        "capacity": "2",
        "name": "Innogy",
        "operator": "Innogy",
        "operator:wikidata": "Q2124721",
        "operator:wikipedia": "de:Innogy"
      },
      "geometry": {
        "type": "Point",
        "coordinates": [
          13.371278,
          52.4694249
        ]
      },
      "id": "node/5792105382"
    },
    {
      "type": "Feature",
      "properties": {
        "@id": "node/5798344780",
        "amenity": "charging_station",
        "capacity": "2"
      },
      "geometry": {
        "type": "Point",
        "coordinates": [
          13.2108362,
          52.5586876
        ]
      },
      "id": "node/5798344780"
    },
    {
      "type": "Feature",
      "properties": {
        "@id": "node/5846759376",
        "access": "private",
        "amenity": "charging_station",
        "capacity": "1",
        "name": "Ladesäule Tierparkbahn",
        "operator": "Tierpark Berlin-Friedrichsfelde GmbH",
        "socket:chademo": "1"
      },
      "geometry": {
        "type": "Point",
        "coordinates": [
          13.5268896,
          52.4993463
        ]
      },
      "id": "node/5846759376"
    },
    {
      "type": "Feature",
      "properties": {
        "@id": "node/5848091341",
        "amenity": "charging_station",
        "amperage": "16",
        "authentication:nfc": "yes",
        "bicycle": "no",
        "capacity": "2",
        "fee": "no",
        "motorcar": "yes",
        "name": "bemobil",
        "opening_hours": "24/7",
        "operator": "Allego",
        "operator:wikidata": "Q75560554",
        "socket:type2": "2",
        "voltage": "230"
      },
      "geometry": {
        "type": "Point",
        "coordinates": [
          13.4777166,
          52.5017877
        ]
      },
      "id": "node/5848091341"
    },
    {
      "type": "Feature",
      "properties": {
        "@id": "node/5848116762",
        "access": "yes",
        "addr:floor": "0",
        "amenity": "charging_station",
        "amperage": "16",
        "authentication:nfc": "yes",
        "bicycle": "no",
        "capacity": "2",
        "check_date": "2026-05-22",
        "contact:phone": "+49 30 2331000",
        "covered": "no",
        "fee": "yes",
        "level": "0",
        "motorcar": "yes",
        "opening_hours": "24/7",
        "operator": "Berliner Stadtwerke",
        "operator:wikidata": "Q21969102",
        "payment:mastercard": "yes",
        "payment:paypal": "yes",
        "payment:visa": "yes",
        "ref": "DE*BSW*E603970*970;DE*BSW*E603971*971",
        "socket:type2": "2",
        "source": "survey",
        "voltage": "230"
      },
      "geometry": {
        "type": "Point",
        "coordinates": [
          13.4669816,
          52.5072514
        ]
      },
      "id": "node/5848116762"
    },
    {
      "type": "Feature",
      "properties": {
        "@id": "node/5848129813",
        "amenity": "charging_station",
        "amperage": "16",
        "authentication:nfc": "yes",
        "bicycle": "yes",
        "brand": "Shell Recharge",
        "brand:wikidata": "Q105883058",
        "capacity": "1",
        "fee": "yes",
        "motorcar": "yes",
        "opening_hours": "Mo-Sa 07:45-22:00",
        "operator": "Shell Recharge",
        "operator:wikidata": "Q105883058",
        "scooter": "yes",
        "socket:type2": "1",
        "voltage": "230"
      },
      "geometry": {
        "type": "Point",
        "coordinates": [
          13.4766874,
          52.51474
        ]
      },
      "id": "node/5848129813"
    },
    {
      "type": "Feature",
      "properties": {
        "@id": "node/5848129814",
        "amenity": "charging_station",
        "amperage": "16",
        "authentication:nfc": "yes",
        "bicycle": "yes",
        "brand": "Shell Recharge",
        "brand:wikidata": "Q105883058",
        "capacity": "1",
        "fee": "yes",
        "motorcar": "yes",
        "opening_hours": "Mo-Sa 07:45-22:00",
        "operator": "Shell Recharge",
        "operator:wikidata": "Q105883058",
        "scooter": "yes",
        "socket:type2": "1",
        "voltage": "230"
      },
      "geometry": {
        "type": "Point",
        "coordinates": [
          13.4766267,
          52.5147553
        ]
      },
      "id": "node/5848129814"
    },
    {
      "type": "Feature",
      "properties": {
        "@id": "node/5848129815",
        "amenity": "charging_station",
        "amperage": "32",
        "authentication:nfc": "yes",
        "authentication:phone_call": "no",
        "bicycle": "yes",
        "capacity": "2",
        "fee": "yes",
        "motorcar": "yes",
        "name": "Vattenfall",
        "opening_hours": "Mo-Sa 07:45-22:00",
        "operator": "Vattenfall Europe AG",
        "scooter": "yes",
        "socket:schuko": "2",
        "socket:type2": "2",
        "voltage": "230"
      },
      "geometry": {
        "type": "Point",
        "coordinates": [
          13.4762981,
          52.5148454
        ]
      },
      "id": "node/5848129815"
    },
    {
      "type": "Feature",
      "properties": {
        "@id": "node/5848133163",
        "amenity": "charging_station",
        "amperage": "32",
        "authentication:nfc": "yes",
        "bicycle": "no",
        "brand": "Innogy",
        "brand:wikidata": "Q2124721",
        "brand:wikipedia": "de:Innogy",
        "capacity": "2",
        "check_date": "2026-06-21",
        "fee": "yes",
        "motorcar": "yes",
        "name": "RWE",
        "opening_hours": "24/7",
        "operator": "Innogy",
        "operator:wikidata": "Q2124721",
        "operator:wikipedia": "de:Innogy",
        "socket:type2": "2",
        "voltage": "230"
      },
      "geometry": {
        "type": "Point",
        "coordinates": [
          13.4800206,
          52.5161499
        ]
      },
      "id": "node/5848133163"
    },
    {
      "type": "Feature",
      "properties": {
        "@id": "node/5848137471",
        "amenity": "charging_station",
        "amperage": "32",
        "authentication:nfc": "yes",
        "bicycle": "no",
        "brand": "Innogy",
        "brand:wikidata": "Q2124721",
        "brand:wikipedia": "de:Innogy",
        "capacity": "2",
        "fee": "yes",
        "motorcar": "yes",
        "name": "Innogy",
        "opening_hours": "24/7",
        "operator": "Innogy",
        "operator:wikidata": "Q2124721",
        "operator:wikipedia": "de:Innogy",
        "scooter": "yes",
        "socket:type2": "2",
        "voltage": "230"
      },
      "geometry": {
        "type": "Point",
        "coordinates": [
          13.4977148,
          52.5118476
        ]
      },
      "id": "node/5848137471"
    },
    {
      "type": "Feature",
      "properties": {
        "@id": "node/5848150908",
        "amenity": "charging_station",
        "amperage": "32",
        "authentication:nfc": "yes",
        "brand": "Innogy",
        "brand:wikidata": "Q2124721",
        "brand:wikipedia": "de:Innogy",
        "capacity": "2",
        "fee": "yes",
        "motorcar": "yes",
        "name": "Innogy",
        "opening_hours": "24/7",
        "operator": "Innogy",
        "operator:wikidata": "Q2124721",
        "operator:wikipedia": "de:Innogy",
        "scooter": "yes",
        "socket:type2": "2",
        "voltage": "230"
      },
      "geometry": {
        "type": "Point",
        "coordinates": [
          13.5542594,
          52.5137628
        ]
      },
      "id": "node/5848150908"
    },
    {
      "type": "Feature",
      "properties": {
        "@id": "node/5903594227",
        "amenity": "charging_station",
        "amperage": "16",
        "authentication:nfc": "yes",
        "capacity": "2",
        "fee": "yes",
        "motorcar": "yes",
        "name": "Be-Emobil",
        "opening_hours": "24/7",
        "ref": "own",
        "scooter": "yes",
        "socket:type2": "2",
        "truck": "yes",
        "voltage": "230"
      },
      "geometry": {
        "type": "Point",
        "coordinates": [
          13.3873074,
          52.4802779
        ]
      },
      "id": "node/5903594227"
    },
    {
      "type": "Feature",
      "properties": {
        "@id": "node/5903604628",
        "amenity": "charging_station",
        "amperage": "32",
        "authentication:nfc": "no",
        "authentication:none": "yes",
        "bicycle": "no",
        "capacity": "1",
        "fee": "no",
        "motorcar": "yes",
        "operator": "IKEA",
        "operator:wikidata": "Q54078",
        "operator:wikipedia": "en:IKEA",
        "scooter": "yes",
        "socket:chademo": "1",
        "socket:chademo:output": "20",
        "socket:type2": "1",
        "socket:type2:output": "22",
        "socket:type2_combo": "1",
        "truck": "yes",
        "voltage": "400"
      },
      "geometry": {
        "type": "Point",
        "coordinates": [
          13.3679033,
          52.4698417
        ]
      },
      "id": "node/5903604628"
    },
    {
      "type": "Feature",
      "properties": {
        "@id": "node/5903604629",
        "amenity": "charging_station",
        "amperage": "32",
        "authentication:nfc": "no",
        "authentication:none": "yes",
        "bicycle": "no",
        "capacity": "1",
        "fee": "no",
        "motorcar": "yes",
        "operator": "IKEA",
        "operator:wikidata": "Q54078",
        "operator:wikipedia": "en:IKEA",
        "scooter": "yes",
        "socket:chademo": "1",
        "socket:chademo:output": "20",
        "socket:type2": "1",
        "socket:type2:output": "22",
        "socket:type2_combo": "1",
        "truck": "yes",
        "voltage": "400"
      },
      "geometry": {
        "type": "Point",
        "coordinates": [
          13.367824,
          52.4698441
        ]
      },
      "id": "node/5903604629"
    },
    {
      "type": "Feature",
      "properties": {
        "@id": "node/5903604630",
        "amenity": "charging_station",
        "amperage": "32",
        "authentication:nfc": "no",
        "authentication:none": "yes",
        "bicycle": "no",
        "capacity": "1",
        "fee": "no",
        "motorcar": "yes",
        "operator": "IKEA",
        "operator:wikidata": "Q54078",
        "operator:wikipedia": "en:IKEA",
        "scooter": "yes",
        "socket:chademo": "1",
        "socket:chademo:output": "20",
        "socket:type2": "1",
        "socket:type2:output": "22",
        "socket:type2_combo": "1",
        "truck": "yes",
        "voltage": "400"
      },
      "geometry": {
        "type": "Point",
        "coordinates": [
          13.3676725,
          52.4698465
        ]
      },
      "id": "node/5903604630"
    },
    {
      "type": "Feature",
      "properties": {
        "@id": "node/5938935138",
        "amenity": "charging_station",
        "bicycle": "no",
        "capacity": "1",
        "contact:website": "https://newmotion.com",
        "name": "Thenewmotion",
        "opening_hours": "24/7",
        "operator": "Shell Recharge Solutions",
        "operator:wikidata": "Q105883058"
      },
      "geometry": {
        "type": "Point",
        "coordinates": [
          13.487016,
          52.5076139
        ]
      },
      "id": "node/5938935138"
    },
    {
      "type": "Feature",
      "properties": {
        "@id": "node/5967204000",
        "amenity": "charging_station",
        "bicycle": "no",
        "brand": "Shell Recharge",
        "brand:wikidata": "Q105883058",
        "capacity": "1",
        "highway": "street_lamp",
        "operator": "Shell Recharge",
        "operator:wikidata": "Q105883058",
        "ref": "DEALLEGO0002901",
        "socket:type2": "1"
      },
      "geometry": {
        "type": "Point",
        "coordinates": [
          13.3944516,
          52.5897945
        ]
      },
      "id": "node/5967204000"
    },
    {
      "type": "Feature",
      "properties": {
        "@id": "node/5999199371",
        "amenity": "charging_station",
        "bicycle": "no",
        "capacity": "2",
        "fee": "yes",
        "opening_hours": "24/7",
        "operator": "Shell Recharge Solutions",
        "operator:wikidata": "Q105883058",
        "ref": "DEALLEGO0000181;DEALLEGO0000182",
        "socket:type2": "2"
      },
      "geometry": {
        "type": "Point",
        "coordinates": [
          13.2865617,
          52.5194175
        ]
      },
      "id": "node/5999199371"
    },
    {
      "type": "Feature",
      "properties": {
        "@id": "node/5999204761",
        "access": "yes",
        "amenity": "charging_station",
        "bicycle": "no",
        "capacity": "2",
        "fee": "yes",
        "opening_hours": "24/7",
        "operator": "Berliner Stadtwerke",
        "operator:wikidata": "Q21969102",
        "socket:type2": "2"
      },
      "geometry": {
        "type": "Point",
        "coordinates": [
          13.2889713,
          52.5130457
        ]
      },
      "id": "node/5999204761"
    },
    {
      "type": "Feature",
      "properties": {
        "@id": "node/5999208819",
        "amenity": "charging_station",
        "opening_hours": "24/7",
        "operator": "Fast-e",
        "socket:chademo": "1",
        "socket:type2": "1",
        "socket:type2_combo": "1"
      },
      "geometry": {
        "type": "Point",
        "coordinates": [
          13.2746259,
          52.51924
        ]
      },
      "id": "node/5999208819"
    },
    {
      "type": "Feature",
      "properties": {
        "@id": "node/5999220803",
        "amenity": "charging_station",
        "bicycle": "no",
        "capacity": "2",
        "opening_hours": "24/7",
        "operator": "Shell Recharge Solutions",
        "operator:wikidata": "Q105883058",
        "ref": "DEALLEGO0000351;DEALLEGO0000352",
        "socket:type2": "2"
      },
      "geometry": {
        "type": "Point",
        "coordinates": [
          13.2852863,
          52.5071033
        ]
      },
      "id": "node/5999220803"
    },
    {
      "type": "Feature",
      "properties": {
        "@id": "node/5999228459",
        "amenity": "charging_station",
        "capacity": "2",
        "opening_hours": "24/7",
        "operator": "Shell Recharge Solutions",
        "operator:wikidata": "Q105883058",
        "ref": "DEALLEGO0000961;DEALLEGO0000962",
        "socket:type2": "2"
      },
      "geometry": {
        "type": "Point",
        "coordinates": [
          13.3036857,
          52.5034456
        ]
      },
      "id": "node/5999228459"
    },
    {
      "type": "Feature",
      "properties": {
        "@id": "node/5999229570",
        "amenity": "charging_station",
        "bicycle": "no",
        "capacity": "2",
        "opening_hours": "24/7",
        "operator": "Shell Recharge Solutions",
        "operator:wikidata": "Q105883058",
        "ref": "DEALLEGO0000341;DEALLEGO0000342",
        "socket:type2": "2"
      },
      "geometry": {
        "type": "Point",
        "coordinates": [
          13.317666,
          52.5057514
        ]
      },
      "id": "node/5999229570"
    },
    {
      "type": "Feature",
      "properties": {
        "@id": "node/5999241071",
        "amenity": "charging_station",
        "bicycle": "no",
        "brand": "Shell Recharge",
        "brand:wikidata": "Q105883058",
        "capacity": "2",
        "opening_hours": "24/7",
        "operator": "Shell Recharge",
        "operator:wikidata": "Q105883058",
        "ref": "DEALLEGO0001721;DEALLEGO0001722",
        "socket:type2": "2"
      },
      "geometry": {
        "type": "Point",
        "coordinates": [
          13.3527117,
          52.503564
        ]
      },
      "id": "node/5999241071"
    },
    {
      "type": "Feature",
      "properties": {
        "@id": "node/5999247152",
        "amenity": "charging_station",
        "capacity": "2",
        "contact:phone": "+49 30 233210000",
        "contact:website": "https://www.allego.eu/de-de/elektromobilisten/ladestation-finden",
        "fee": "yes",
        "motorcar": "yes",
        "opening_hours": "24/7",
        "operator": "Allego",
        "operator:wikidata": "Q75560554",
        "ref": "DEALLEGO001003",
        "socket:type2": "2"
      },
      "geometry": {
        "type": "Point",
        "coordinates": [
          13.359548,
          52.4987163
        ]
      },
      "id": "node/5999247152"
    },
    {
      "type": "Feature",
      "properties": {
        "@id": "node/5999258166",
        "amenity": "charging_station",
        "bicycle": "no",
        "capacity": "2",
        "check_date": "2025-11-20",
        "fee": "yes",
        "opening_hours": "24/7",
        "operator": "Berliner Stadtwerke",
        "operator:wikidata": "Q21969102",
        "ref": "DEALLEGO0001111;DEALLEGO0001112",
        "socket:type2": "2"
      },
      "geometry": {
        "type": "Point",
        "coordinates": [
          13.3790016,
          52.5108534
        ]
      },
      "id": "node/5999258166"
    },
    {
      "type": "Feature",
      "properties": {
        "@id": "node/5999271518",
        "access": "private",
        "amenity": "charging_station",
        "capacity": "2",
        "socket:chademo": "1",
        "socket:type2": "1",
        "socket:type2_combo": "1"
      },
      "geometry": {
        "type": "Point",
        "coordinates": [
          13.3771614,
          52.5298609
        ]
      },
      "id": "node/5999271518"
    },
    {
      "type": "Feature",
      "properties": {
        "@id": "node/5999271519",
        "access": "private",
        "amenity": "charging_station",
        "capacity": "2",
        "socket:chademo": "1",
        "socket:type2": "1",
        "socket:type2_combo": "1"
      },
      "geometry": {
        "type": "Point",
        "coordinates": [
          13.3772164,
          52.5298029
        ]
      },
      "id": "node/5999271519"
    },
    {
      "type": "Feature",
      "properties": {
        "@id": "node/5999282755",
        "amenity": "charging_station",
        "capacity": "2",
        "operator": "be-emobil",
        "ref": "DEALLEGO0001771;DEALLEGO0001772",
        "socket:type2": "2",
        "wheelchair": "no"
      },
      "geometry": {
        "type": "Point",
        "coordinates": [
          13.4004423,
          52.5808693
        ]
      },
      "id": "node/5999282755"
    },
    {
      "type": "Feature",
      "properties": {
        "@id": "node/5999284428",
        "amenity": "charging_station",
        "capacity": "2",
        "opening_hours": "24/7",
        "operator": "Shell Recharge Solutions",
        "operator:wikidata": "Q105883058",
        "ref": "DEALLEGO0000611;DEALLEGO0000612",
        "socket:type2": "2"
      },
      "geometry": {
        "type": "Point",
        "coordinates": [
          13.4058181,
          52.5661683
        ]
      },
      "id": "node/5999284428"
    },
    {
      "type": "Feature",
      "properties": {
        "@id": "node/5999304544",
        "amenity": "charging_station",
        "bicycle": "no",
        "brand": "Shell Recharge",
        "brand:wikidata": "Q105883058",
        "capacity": "2",
        "opening_hours": "24/7",
        "operator": "Shell Recharge",
        "operator:wikidata": "Q105883058",
        "ref": "DEALLEGO0001891;DEALLEGO0001892",
        "socket:type2": "2"
      },
      "geometry": {
        "type": "Point",
        "coordinates": [
          13.4128864,
          52.5243914
        ]
      },
      "id": "node/5999304544"
    },
    {
      "type": "Feature",
      "properties": {
        "@id": "node/6042233504",
        "access": "yes",
        "amenity": "charging_station",
        "bicycle": "no",
        "bus": "no",
        "capacity": "2",
        "hgv": "no",
        "motorcar": "yes",
        "operator": "Allego",
        "operator:wikidata": "Q75560554",
        "scooter": "no",
        "socket:type2": "1",
        "website": "http://www.be-emobil.de"
      },
      "geometry": {
        "type": "Point",
        "coordinates": [
          13.3929456,
          52.4890623
        ]
      },
      "id": "node/6042233504"
    },
    {
      "type": "Feature",
      "properties": {
        "@id": "node/6051432705",
        "amenity": "charging_station",
        "amperage": "16",
        "authentication:membership_card": "yes",
        "capacity": "2",
        "charging_station:output": "11kW",
        "fee": "yes",
        "network": "be emobil",
        "operator": "Allego",
        "operator:wikidata": "Q75560554",
        "ref": "DEALLEGO000128",
        "socket:type2": "2"
      },
      "geometry": {
        "type": "Point",
        "coordinates": [
          13.3941554,
          52.4858946
        ]
      },
      "id": "node/6051432705"
    },
    {
      "type": "Feature",
      "properties": {
        "@id": "node/6071183636",
        "amenity": "charging_station",
        "capacity": "3",
        "operator": "Juicebox"
      },
      "geometry": {
        "type": "Point",
        "coordinates": [
          13.4480372,
          52.4935249
        ]
      },
      "id": "node/6071183636"
    },
    {
      "type": "Feature",
      "properties": {
        "@id": "node/6104419206",
        "amenity": "charging_station",
        "authentication:none": "yes",
        "bicycle": "no",
        "capacity": "2",
        "charging_station:output": "98kW",
        "fee": "no",
        "motorcar": "yes",
        "opening_hours": "Mo-Fr 07:00-23:59, Sa 07:00-23:30",
        "operator": "Kaufland",
        "operator:wikidata": "Q685967",
        "operator:wikipedia": "de:Kaufland",
        "socket:chademo": "1",
        "socket:chademo:output": "50kW",
        "socket:type2": "1",
        "socket:type2:output": "43kW",
        "socket:type2_combo": "1",
        "socket:type2_combo:output": "50kW"
      },
      "geometry": {
        "type": "Point",
        "coordinates": [
          13.3727347,
          52.5587833
        ]
      },
      "id": "node/6104419206"
    },
    {
      "type": "Feature",
      "properties": {
        "@id": "node/6124152278",
        "amenity": "charging_station",
        "bicycle": "no",
        "capacity": "2",
        "operator": "be emobil",
        "socket:type2": "2"
      },
      "geometry": {
        "type": "Point",
        "coordinates": [
          13.3279877,
          52.5210257
        ]
      },
      "id": "node/6124152278"
    },
    {
      "type": "Feature",
      "properties": {
        "@id": "node/6138813769",
        "amenity": "charging_station",
        "bicycle": "no",
        "capacity": "2",
        "motorcar": "yes",
        "operator": "Berliner Stadtwerke"
      },
      "geometry": {
        "type": "Point",
        "coordinates": [
          13.5557783,
          52.5072066
        ]
      },
      "id": "node/6138813769"
    },
    {
      "type": "Feature",
      "properties": {
        "@id": "node/6147253846",
        "amenity": "charging_station",
        "capacity": "1",
        "note": "Laternenladestelle mit Parkplatz",
        "opening_hours": "24/7",
        "operator": "Allego",
        "operator:wikidata": "Q75560554",
        "ref": "DEALLEGO001052",
        "socket:type2": "1"
      },
      "geometry": {
        "type": "Point",
        "coordinates": [
          13.3215428,
          52.4270659
        ]
      },
      "id": "node/6147253846"
    },
    {
      "type": "Feature",
      "properties": {
        "@id": "node/6147847406",
        "amenity": "charging_station",
        "capacity": "1",
        "note": "Laternenladestelle mit Parkplatz",
        "opening_hours": "24/7",
        "operator": "Allego",
        "operator:wikidata": "Q75560554",
        "ref": "DEALLEGO001051",
        "socket:type2": "1"
      },
      "geometry": {
        "type": "Point",
        "coordinates": [
          13.3271821,
          52.4301619
        ]
      },
      "id": "node/6147847406"
    },
    {
      "type": "Feature",
      "properties": {
        "@id": "node/6147856017",
        "amenity": "charging_station",
        "capacity": "2",
        "note": "Ladestelle mit Parkplatz",
        "opening_hours": "24/7",
        "operator": "Allego",
        "operator:wikidata": "Q75560554",
        "ref": "DEALLEGO001008",
        "socket:type2": "2"
      },
      "geometry": {
        "type": "Point",
        "coordinates": [
          13.3136044,
          52.4271696
        ]
      },
      "id": "node/6147856017"
    },
    {
      "type": "Feature",
      "properties": {
        "@id": "node/6149538870",
        "amenity": "charging_station",
        "capacity": "1",
        "note": "Laternenladestelle mit Parkplatz",
        "opening_hours": "24/7",
        "operator": "Allego",
        "operator:wikidata": "Q75560554",
        "ref": "DEALLEGO000297",
        "socket:type2": "1"
      },
      "geometry": {
        "type": "Point",
        "coordinates": [
          13.3050376,
          52.4100533
        ]
      },
      "id": "node/6149538870"
    },
    {
      "type": "Feature",
      "properties": {
        "@id": "node/6153608321",
        "amenity": "charging_station",
        "bicycle": "no",
        "capacity": "2",
        "operator": "Allego",
        "operator:wikidata": "Q75560554"
      },
      "geometry": {
        "type": "Point",
        "coordinates": [
          13.3599862,
          52.4885102
        ]
      },
      "id": "node/6153608321"
    },
    {
      "type": "Feature",
      "properties": {
        "@id": "node/6167488717",
        "amenity": "charging_station",
        "authentication:membership_card": "yes",
        "authentication:nfc": "yes",
        "capacity": "2",
        "fee": "no",
        "opening_hours": "24/7",
        "operator": "BIO COMPANY GmbH",
        "socket:type2": "2",
        "socket:type2:current": "16;32"
      },
      "geometry": {
        "type": "Point",
        "coordinates": [
          13.5241317,
          52.4812211
        ]
      },
      "id": "node/6167488717"
    },
    {
      "type": "Feature",
      "properties": {
        "@id": "node/6218962950",
        "addr:city": "Berlin",
        "addr:housenumber": "1",
        "addr:postcode": "10827",
        "addr:street": "Großgörschenstraße",
        "amenity": "charging_station",
        "capacity": "2",
        "operator": "Allego",
        "operator:wikidata": "Q75560554",
        "phone": "+49 30 233210000",
        "ref": "DEALLEGO000081",
        "socket:type2": "2",
        "socket:type2:current": "16",
        "socket:type2:output": "16000",
        "source": "http://www.be-emobil.de/ladestationen/",
        "voltage": "400",
        "website": "https://www.allego.eu/de-de/"
      },
      "geometry": {
        "type": "Point",
        "coordinates": [
          13.3610496,
          52.4912258
        ]
      },
      "id": "node/6218962950"
    },
    {
      "type": "Feature",
      "properties": {
        "@id": "node/6224675900",
        "addr:city": "Berlin",
        "addr:housenumber": "2",
        "addr:postcode": "10781",
        "addr:street": "Pallasstraße",
        "amenity": "charging_station",
        "capacity": "2",
        "operator": "Allego",
        "operator:wikidata": "Q75560554",
        "phone": "+49 30 233210000",
        "ref": "DEALLEGO000102",
        "socket:type2": "2",
        "socket:type2:current": "16",
        "socket:type2:output": "16000",
        "source": "http://www.be-emobil.de/ladestationen/",
        "voltage": "400",
        "website": "https://www.allego.eu/de-de/"
      },
      "geometry": {
        "type": "Point",
        "coordinates": [
          13.3602608,
          52.4944944
        ]
      },
      "id": "node/6224675900"
    },
    {
      "type": "Feature",
      "properties": {
        "@id": "node/6236522440",
        "amenity": "charging_station",
        "authentication:membership_card": "Ubitricitykabel",
        "brand": "ubitricity",
        "brand:wikidata": "Q113699692",
        "fee": "yes",
        "name": "ubitricity",
        "note": "In dem Straßenbeleuchtungsmast",
        "operator": "ubitricity",
        "operator:wikidata": "Q113699692",
        "socket:type2": "1"
      },
      "geometry": {
        "type": "Point",
        "coordinates": [
          13.2882126,
          52.4328775
        ]
      },
      "id": "node/6236522440"
    },
    {
      "type": "Feature",
      "properties": {
        "@id": "node/6298332031",
        "amenity": "charging_station",
        "amperage": "32",
        "authentication:nfc": "yes",
        "capacity": "2",
        "fee": "no",
        "motorcar": "yes",
        "opening_hours": "24/7",
        "socket:type2": "2",
        "truck": "yes",
        "voltage": "400"
      },
      "geometry": {
        "type": "Point",
        "coordinates": [
          13.5279518,
          52.4570937
        ]
      },
      "id": "node/6298332031"
    },
    {
      "type": "Feature",
      "properties": {
        "@id": "node/6298332032",
        "amenity": "charging_station",
        "authentication:nfc": "yes",
        "capacity": "1",
        "fee": "no",
        "motorcar": "yes",
        "name": "Vattenfall TripleCharger",
        "opening_hours": "24/7",
        "operator": "Vattenfall",
        "socket:chademo": "1",
        "socket:type2": "1",
        "socket:type2_combo": "1",
        "truck": "yes",
        "voltage": "400"
      },
      "geometry": {
        "type": "Point",
        "coordinates": [
          13.5281346,
          52.4570242
        ]
      },
      "id": "node/6298332032"
    },
    {
      "type": "Feature",
      "properties": {
        "@id": "node/6298996409",
        "amenity": "charging_station",
        "capacity": "2",
        "operator": "Allego",
        "operator:wikidata": "Q75560554"
      },
      "geometry": {
        "type": "Point",
        "coordinates": [
          13.3341301,
          52.5235854
        ]
      },
      "id": "node/6298996409"
    },
    {
      "type": "Feature",
      "properties": {
        "@id": "node/6306571281",
        "amenity": "charging_station",
        "authentication:nfc": "yes",
        "bicycle": "no",
        "capacity": "2",
        "fee": "no",
        "motorcar": "yes",
        "opening_hours": "24/7",
        "operator": "Kaufland",
        "operator:wikidata": "Q685967",
        "operator:wikipedia": "de:Kaufland",
        "socket:chademo": "1",
        "socket:type2": "1",
        "socket:type2_combo": "1"
      },
      "geometry": {
        "type": "Point",
        "coordinates": [
          13.4961694,
          52.4995276
        ]
      },
      "id": "node/6306571281"
    },
    {
      "type": "Feature",
      "properties": {
        "@id": "node/6317613606",
        "amenity": "charging_station",
        "authentication:none": "yes",
        "bicycle": "yes",
        "brand": "bike-energy",
        "brand:wikidata": "Q67770877",
        "capacity": "3",
        "description:de": "passendes Ladekabel benötigt",
        "fee": "no",
        "name": "bike-energy Berlin",
        "operator": "bike-energy",
        "operator:wikidata": "Q67770877"
      },
      "geometry": {
        "type": "Point",
        "coordinates": [
          13.4556376,
          52.429725
        ]
      },
      "id": "node/6317613606"
    },
    {
      "type": "Feature",
      "properties": {
        "@id": "node/6325461743",
        "amenity": "charging_station",
        "capacity": "1",
        "note": "Laternenladestelle mit Parkplatz",
        "opening_hours": "24/7",
        "operator": "Allego",
        "operator:wikidata": "Q75560554",
        "ref": "DEALLEGO001058",
        "socket:type2": "1"
      },
      "geometry": {
        "type": "Point",
        "coordinates": [
          13.3256248,
          52.4320061
        ]
      },
      "id": "node/6325461743"
    },
    {
      "type": "Feature",
      "properties": {
        "@id": "node/6343931164",
        "amenity": "charging_station",
        "capacity": "2",
        "fee": "yes",
        "opening_hours": "24/7",
        "operator": "Naturstrom AG",
        "socket:type2": "2",
        "socket:type2:output": "22",
        "website": "https://www.naturstrom.de"
      },
      "geometry": {
        "type": "Point",
        "coordinates": [
          13.3780892,
          52.4922193
        ]
      },
      "id": "node/6343931164"
    },
    {
      "type": "Feature",
      "properties": {
        "@id": "node/6343931165",
        "amenity": "charging_station",
        "capacity": "2",
        "fee": "yes",
        "opening_hours": "24/7",
        "operator": "Naturstrom AG",
        "socket:type2": "2",
        "socket:type2:output": "22",
        "website": "https://www.naturstrom.de"
      },
      "geometry": {
        "type": "Point",
        "coordinates": [
          13.3777147,
          52.4921016
        ]
      },
      "id": "node/6343931165"
    },
    {
      "type": "Feature",
      "properties": {
        "@id": "node/6343931167",
        "amenity": "charging_station",
        "capacity": "2",
        "note": "ID: DEALLEGO0000941, DEALLEGO0000942",
        "operator": "Allego",
        "operator:wikidata": "Q75560554",
        "socket:type2": "2",
        "socket:type2:output": "11",
        "website": "http://www.be-emobil.de"
      },
      "geometry": {
        "type": "Point",
        "coordinates": [
          13.381067,
          52.4898266
        ]
      },
      "id": "node/6343931167"
    },
    {
      "type": "Feature",
      "properties": {
        "@id": "node/6344550556",
        "amenity": "charging_station",
        "bicycle": "no",
        "brand": "E.ON Drive",
        "brand:wikidata": "Q126650419",
        "capacity": "2",
        "fee": "yes",
        "operator": "E.ON",
        "operator:wikidata": "Q270223",
        "socket:type2": "2",
        "socket:type2:output": "11 kW"
      },
      "geometry": {
        "type": "Point",
        "coordinates": [
          13.3914333,
          52.5304894
        ]
      },
      "id": "node/6344550556"
    },
    {
      "type": "Feature",
      "properties": {
        "@id": "node/6358890366",
        "amenity": "charging_station",
        "bicycle": "yes",
        "capacity": "8",
        "fee": "no",
        "motorcar": "no",
        "operator": "ecotap",
        "scooter": "yes",
        "socket:schuko": "6",
        "socket:usb": "2",
        "voltage": "230"
      },
      "geometry": {
        "type": "Point",
        "coordinates": [
          13.5750091,
          52.4446068
        ]
      },
      "id": "node/6358890366"
    },
    {
      "type": "Feature",
      "properties": {
        "@id": "node/6386181716",
        "amenity": "charging_station",
        "capacity": "2",
        "fee": "yes",
        "motorcar": "yes",
        "opening_hours": "24/7",
        "socket:type2_combo": "1"
      },
      "geometry": {
        "type": "Point",
        "coordinates": [
          13.2731017,
          52.500328
        ]
      },
      "id": "node/6386181716"
    },
    {
      "type": "Feature",
      "properties": {
        "@id": "node/6432892071",
        "amenity": "charging_station",
        "capacity": "2",
        "motorcar": "yes",
        "socket:type2:current": "32 A",
        "socket:type2:output": "11 kW",
        "voltage": "400"
      },
      "geometry": {
        "type": "Point",
        "coordinates": [
          13.5350154,
          52.4346271
        ]
      },
      "id": "node/6432892071"
    },
    {
      "type": "Feature",
      "properties": {
        "@id": "node/6432892072",
        "amenity": "charging_station",
        "capacity": "2",
        "motorcar": "yes",
        "operator": "Schneider",
        "socket:type2:current": "32 A",
        "socket:type2:output": "11 kW",
        "voltage": "400"
      },
      "geometry": {
        "type": "Point",
        "coordinates": [
          13.5351301,
          52.4345462
        ]
      },
      "id": "node/6432892072"
    },
    {
      "type": "Feature",
      "properties": {
        "@id": "node/6432892073",
        "amenity": "charging_station",
        "capacity": "2",
        "motorcar": "yes",
        "operator": "Schneider",
        "socket:type2:current": "32 A",
        "socket:type2:output": "11 kW",
        "voltage": "400"
      },
      "geometry": {
        "type": "Point",
        "coordinates": [
          13.5351683,
          52.4345192
        ]
      },
      "id": "node/6432892073"
    },
    {
      "type": "Feature",
      "properties": {
        "@id": "node/6432892074",
        "amenity": "charging_station",
        "capacity": "2",
        "motorcar": "yes",
        "socket:type2:current": "32 A",
        "socket:type2:output": "11 kW",
        "voltage": "400"
      },
      "geometry": {
        "type": "Point",
        "coordinates": [
          13.5350537,
          52.4346001
        ]
      },
      "id": "node/6432892074"
    },
    {
      "type": "Feature",
      "properties": {
        "@id": "node/6432892075",
        "amenity": "charging_station",
        "capacity": "20",
        "motorcar": "yes",
        "socket:type2:current": "32 A",
        "socket:type2:output": "11 kW",
        "voltage": "400"
      },
      "geometry": {
        "type": "Point",
        "coordinates": [
          13.5350919,
          52.4345732
        ]
      },
      "id": "node/6432892075"
    },
    {
      "type": "Feature",
      "properties": {
        "@id": "node/6432892076",
        "amenity": "charging_station",
        "capacity": "2",
        "motorcar": "yes",
        "operator": "Schneider",
        "socket:type2:current": "32 A",
        "socket:type2:output": "11 kW",
        "voltage": "400"
      },
      "geometry": {
        "type": "Point",
        "coordinates": [
          13.5352367,
          52.4345454
        ]
      },
      "id": "node/6432892076"
    },
    {
      "type": "Feature",
      "properties": {
        "@id": "node/6432892077",
        "amenity": "charging_station",
        "motorcar": "yes",
        "socket:type2:current": "32 A",
        "socket:type2:output": "11 kW",
        "voltage": "400"
      },
      "geometry": {
        "type": "Point",
        "coordinates": [
          13.5351985,
          52.4345723
        ]
      },
      "id": "node/6432892077"
    },
    {
      "type": "Feature",
      "properties": {
        "@id": "node/6432892078",
        "amenity": "charging_station",
        "capacity": "2",
        "motorcar": "yes",
        "socket:type2:current": "32 A",
        "socket:type2:output": "11 kW",
        "voltage": "400"
      },
      "geometry": {
        "type": "Point",
        "coordinates": [
          13.5351603,
          52.4345993
        ]
      },
      "id": "node/6432892078"
    },
    {
      "type": "Feature",
      "properties": {
        "@id": "node/6432892079",
        "amenity": "charging_station",
        "capacity": "2",
        "motorcar": "yes",
        "socket:type2:current": "32 A",
        "socket:type2:output": "11 kW",
        "voltage": "400"
      },
      "geometry": {
        "type": "Point",
        "coordinates": [
          13.535122,
          52.4346263
        ]
      },
      "id": "node/6432892079"
    },
    {
      "type": "Feature",
      "properties": {
        "@id": "node/6432892080",
        "amenity": "charging_station",
        "capacity": "2",
        "motorcar": "yes",
        "socket:type2:current": "32 A",
        "socket:type2:output": "11 kW",
        "voltage": "400"
      },
      "geometry": {
        "type": "Point",
        "coordinates": [
          13.5350838,
          52.4346533
        ]
      },
      "id": "node/6432892080"
    },
    {
      "type": "Feature",
      "properties": {
        "@id": "node/6433869376",
        "amenity": "charging_station",
        "fee": "yes",
        "motorcar": "yes",
        "network": "be emobile",
        "operator": "Allego",
        "operator:wikidata": "Q75560554",
        "parking:fee": "no",
        "scooter": "yes",
        "socket:type2:current": "16 A",
        "socket:type2:output": "5,5 - 11 kW",
        "voltage": "400"
      },
      "geometry": {
        "type": "Point",
        "coordinates": [
          13.4755317,
          52.4801403
        ]
      },
      "id": "node/6433869376"
    },
    {
      "type": "Feature",
      "properties": {
        "@id": "node/6447338160",
        "amenity": "charging_station",
        "capacity": "1",
        "operator": "efacec"
      },
      "geometry": {
        "type": "Point",
        "coordinates": [
          13.3385515,
          52.4549571
        ]
      },
      "id": "node/6447338160"
    },
    {
      "type": "Feature",
      "properties": {
        "@id": "node/6490354728",
        "amenity": "charging_station",
        "capacity": "1",
        "fee": "no",
        "motorcar": "yes",
        "opening_hours": "Mo-Fr 07:00-18:30; Sa 09:00-16:00; PH off",
        "operator": "Autohaus Wegener Berlin GmbH",
        "parking:fee": "no",
        "socket:type2": "1",
        "socket:type2:current": "16 A",
        "socket:type2:output": "3,7 kW",
        "voltage": "230"
      },
      "geometry": {
        "type": "Point",
        "coordinates": [
          13.5903239,
          52.4466479
        ]
      },
      "id": "node/6490354728"
    },
    {
      "type": "Feature",
      "properties": {
        "@id": "node/6490354729",
        "amenity": "charging_station",
        "capacity": "2",
        "fee": "yes",
        "motorcar": "yes",
        "network": "be mobile",
        "operator": "Allego",
        "operator:wikidata": "Q75560554",
        "parking:fee": "no",
        "scooter": "yes",
        "socket:type2": "2",
        "socket:type2:current": "16 A",
        "socket:type2:output": "5,5 - 11 kW",
        "voltage": "400"
      },
      "geometry": {
        "type": "Point",
        "coordinates": [
          13.5834793,
          52.4514534
        ]
      },
      "id": "node/6490354729"
    },
    {
      "type": "Feature",
      "properties": {
        "@id": "node/6549783518",
        "amenity": "charging_station",
        "capacity": "2",
        "operator": "Landesvertretung Niedersachsen"
      },
      "geometry": {
        "type": "Point",
        "coordinates": [
          13.3776725,
          52.5123748
        ]
      },
      "id": "node/6549783518"
    },
    {
      "type": "Feature",
      "properties": {
        "@id": "node/6652946054",
        "access": "yes",
        "amenity": "charging_station",
        "bicycle": "no",
        "capacity": "3",
        "check_date": "2026-06-23",
        "fee": "no",
        "mapillary": "https://www.openstreetmap.org/edit?editor=id#map=18/52.554287/13.400180",
        "name": "Lidl Filiale Berlin-Pankow",
        "note": "Achtung, Gebühr bei Überschreiten der zulässigen Parkzeit. Stand Dezember 2025 90 Minuten. Überschreitung kostenfrei möglich, wenn Kopie des Ladebeleges mit weiteren Angaben an https://www.mh-parkservice.com/en/ev-freischaltung übertragen wird",
        "opening_hours": "Mo-Sa 07:00-21:00",
        "operator": "Lidl",
        "operator:wikidata": "Q151954",
        "socket:chademo": "1",
        "socket:chademo:output": "50 kW",
        "socket:type2": "1",
        "socket:type2:output": "22 kW",
        "socket:type2_combo": "1",
        "socket:type2_combo:output": "50 kW"
      },
      "geometry": {
        "type": "Point",
        "coordinates": [
          13.4001656,
          52.554289
        ]
      },
      "id": "node/6652946054"
    },
    {
      "type": "Feature",
      "properties": {
        "@id": "node/6653664255",
        "access": "customers",
        "amenity": "charging_station",
        "capacity": "3",
        "description": "Parkplätze 1 bis 3 direkt rechts nach der Einfahrt",
        "fee": "yes",
        "level": "-1",
        "motorcar": "yes",
        "operator": "Flottwell Berlin Hotel & Residenz am Park",
        "socket:type2": "3",
        "socket:type2:current": "16",
        "socket:type2:output": "11 kW"
      },
      "geometry": {
        "type": "Point",
        "coordinates": [
          13.3706792,
          52.5002785
        ]
      },
      "id": "node/6653664255"
    },
    {
      "type": "Feature",
      "properties": {
        "@id": "node/6723413305",
        "access": "yes",
        "amenity": "charging_station",
        "bicycle": "no",
        "capacity": "2",
        "covered": "no",
        "fee": "yes",
        "operator": "Berliner Stadtwerke",
        "operator:wikidata": "Q21969102",
        "payment:credit_cards": "yes",
        "payment:paypal": "yes",
        "source": "survey"
      },
      "geometry": {
        "type": "Point",
        "coordinates": [
          13.3897963,
          52.5130723
        ]
      },
      "id": "node/6723413305"
    },
    {
      "type": "Feature",
      "properties": {
        "@id": "node/6726487222",
        "amenity": "charging_station",
        "authentication:nfc": "yes",
        "capacity": "2",
        "contact:phone": "+49 30 233210000",
        "contact:website": "https://www.allego.eu/de-de/elektromobilisten/ladestation-finden",
        "fee": "yes",
        "motorcar": "yes",
        "opening_hours": "24/7",
        "operator": "Allego",
        "operator:wikidata": "Q75560554",
        "parking:fee": "no",
        "ref": "DEALLEGO000133"
      },
      "geometry": {
        "type": "Point",
        "coordinates": [
          13.4409007,
          52.4821952
        ]
      },
      "id": "node/6726487222"
    },
    {
      "type": "Feature",
      "properties": {
        "@id": "node/6733242951",
        "amenity": "charging_station",
        "amperage": "16",
        "bicycle": "no",
        "capacity": "2",
        "operator": "be emobil",
        "ref": "DEALLEGO000029",
        "socket:type2": "2"
      },
      "geometry": {
        "type": "Point",
        "coordinates": [
          13.3055626,
          52.5016757
        ]
      },
      "id": "node/6733242951"
    },
    {
      "type": "Feature",
      "properties": {
        "@id": "node/6741890846",
        "amenity": "charging_station",
        "bicycle": "no",
        "capacity": "2",
        "name": "efacec fast e",
        "operator": "efacec",
        "operator:wikidata": "Q5322956",
        "socket:chademo": "yes",
        "source": "estimate; extrapolate; survey"
      },
      "geometry": {
        "type": "Point",
        "coordinates": [
          13.4290521,
          52.5889708
        ]
      },
      "id": "node/6741890846"
    },
    {
      "type": "Feature",
      "properties": {
        "@id": "node/6743917097",
        "amenity": "charging_station",
        "capacity": "3",
        "fee": "no",
        "operator": "Lidl",
        "operator:wikidata": "Q151954",
        "operator:wikipedia": "en:Lidl",
        "parking:fee": "no",
        "socket:chademo": "1",
        "socket:chademo:output": "50kW",
        "socket:type2": "1",
        "socket:type2:output": "43kW",
        "socket:type2_combo": "1",
        "socket:type2_combo:output": "50kW"
      },
      "geometry": {
        "type": "Point",
        "coordinates": [
          13.3544057,
          52.4492686
        ]
      },
      "id": "node/6743917097"
    },
    {
      "type": "Feature",
      "properties": {
        "@id": "node/6744493181",
        "amenity": "charging_station",
        "capacity": "2",
        "operator": "Lidl",
        "operator:wikidata": "Q151954"
      },
      "geometry": {
        "type": "Point",
        "coordinates": [
          13.39905,
          52.5741129
        ]
      },
      "id": "node/6744493181"
    },
    {
      "type": "Feature",
      "properties": {
        "@id": "node/6790747495",
        "amenity": "charging_station",
        "amperage": "16",
        "capacity": "2",
        "operator": "Allego",
        "operator:wikidata": "Q75560554",
        "ref": "DEALLEGO001116"
      },
      "geometry": {
        "type": "Point",
        "coordinates": [
          13.3285011,
          52.5033303
        ]
      },
      "id": "node/6790747495"
    },
    {
      "type": "Feature",
      "properties": {
        "@id": "node/6793603295",
        "access": "yes",
        "amenity": "charging_station",
        "capacity": "3",
        "fee": "yes",
        "operator": "Lidl",
        "operator:wikidata": "Q151954",
        "operator:wikipedia": "en:Lidl"
      },
      "geometry": {
        "type": "Point",
        "coordinates": [
          13.3787886,
          52.5655746
        ]
      },
      "id": "node/6793603295"
    },
    {
      "type": "Feature",
      "properties": {
        "@id": "node/6816208744",
        "amenity": "charging_station",
        "authentication:nfc": "yes",
        "capacity": "2",
        "contact:phone": "+49 30 233210000",
        "contact:website": "https://www.allego.eu/de-de/elektromobilisten/ladestation-finden",
        "fee": "yes",
        "motorcar": "yes",
        "opening_hours": "24/7",
        "operator": "Allego",
        "operator:wikidata": "Q75560554",
        "parking:fee": "no",
        "ref": "DEALLEGO000067"
      },
      "geometry": {
        "type": "Point",
        "coordinates": [
          13.4423706,
          52.4649576
        ]
      },
      "id": "node/6816208744"
    },
    {
      "type": "Feature",
      "properties": {
        "@id": "node/6845588997",
        "access": "private",
        "amenity": "charging_station",
        "capacity": "4",
        "description": "Ladesäule, nur für CleverShuttle",
        "operator": "Delta",
        "source": "estimate; extrapolate; survey"
      },
      "geometry": {
        "type": "Point",
        "coordinates": [
          13.3801119,
          52.5067254
        ]
      },
      "id": "node/6845588997"
    },
    {
      "type": "Feature",
      "properties": {
        "@id": "node/6845588998",
        "access": "private",
        "amenity": "charging_station",
        "capacity": "4",
        "description": "Ladesäule, nur für CleverShuttle",
        "operator": "Delta",
        "source": "estimate; extrapolate; survey"
      },
      "geometry": {
        "type": "Point",
        "coordinates": [
          13.3800575,
          52.506723
        ]
      },
      "id": "node/6845588998"
    },
    {
      "type": "Feature",
      "properties": {
        "@id": "node/6854366416",
        "amenity": "charging_station",
        "authentication:nfc": "yes",
        "bicycle": "no",
        "capacity": "2",
        "contact:phone": "+49 30 233210000",
        "contact:website": "https://www.allego.eu/de-de/elektromobilisten/ladestation-finden",
        "fee": "yes",
        "motorcar": "yes",
        "opening_hours": "24/7",
        "operator": "Allego",
        "operator:wikidata": "Q75560554",
        "parking:fee": "no",
        "ref": "DEALLEGO000110"
      },
      "geometry": {
        "type": "Point",
        "coordinates": [
          13.4362984,
          52.4788845
        ]
      },
      "id": "node/6854366416"
    },
    {
      "type": "Feature",
      "properties": {
        "@id": "node/6871891001",
        "amenity": "charging_station",
        "capacity": "3",
        "operator": "hypercharger",
        "socket:chademo": "2",
        "socket:chademo:output": "50kW",
        "socket:type2": "3",
        "socket:type2:output": "43kW",
        "socket:type2_combo": "1",
        "socket:type2_combo:output": "50kW"
      },
      "geometry": {
        "type": "Point",
        "coordinates": [
          13.4683244,
          52.5205666
        ]
      },
      "id": "node/6871891001"
    },
    {
      "type": "Feature",
      "properties": {
        "@id": "node/6877973515",
        "amenity": "charging_station",
        "capacity": "2",
        "contact:website": "http://www.be-emobil.de/",
        "motorcar": "yes",
        "operator": "be emobil",
        "socket:type2": "2"
      },
      "geometry": {
        "type": "Point",
        "coordinates": [
          13.4234721,
          52.5096006
        ]
      },
      "id": "node/6877973515"
    },
    {
      "type": "Feature",
      "properties": {
        "@id": "node/6942700007",
        "amenity": "charging_station",
        "authentication:app": "yes",
        "authentication:nfc": "yes",
        "bicycle": "no",
        "capacity": "2",
        "contact:phone": "+49 30 233210000",
        "contact:website": "https://www.allego.eu/de-de/elektromobilisten/ladestation-finden",
        "fee": "yes",
        "motorcar": "yes",
        "opening_hours": "24/7",
        "operator": "Allego",
        "operator:wikidata": "Q75560554",
        "parking:fee": "no",
        "ref": "DEALLEGO000235",
        "socket:chademo": "1",
        "socket:tesla_supercharger_ccs": "1",
        "socket:type2": "1"
      },
      "geometry": {
        "type": "Point",
        "coordinates": [
          13.4398959,
          52.4796994
        ]
      },
      "id": "node/6942700007"
    },
    {
      "type": "Feature",
      "properties": {
        "@id": "node/6953220685",
        "amenity": "charging_station",
        "operator": "Berliner Wasserbetriebe"
      },
      "geometry": {
        "type": "Point",
        "coordinates": [
          13.5305553,
          52.5568877
        ]
      },
      "id": "node/6953220685"
    },
    {
      "type": "Feature",
      "properties": {
        "@id": "node/6975837585",
        "amenity": "charging_station",
        "bicycle": "no",
        "capacity": "2",
        "operator": "be emobil",
        "socket:type2": "2"
      },
      "geometry": {
        "type": "Point",
        "coordinates": [
          13.3905716,
          52.53642
        ]
      },
      "id": "node/6975837585"
    },
    {
      "type": "Feature",
      "properties": {
        "@id": "node/6984258589",
        "amenity": "charging_station",
        "capacity": "2",
        "name": "allego",
        "operator": "Allego",
        "operator:wikidata": "Q75560554",
        "socket:type2": "2"
      },
      "geometry": {
        "type": "Point",
        "coordinates": [
          13.3314019,
          52.4907231
        ]
      },
      "id": "node/6984258589"
    },
    {
      "type": "Feature",
      "properties": {
        "@id": "node/7051840628",
        "amenity": "charging_station",
        "bicycle": "no",
        "capacity": "2",
        "description": "Lidl-Schnellladesäule, Parkplätze 23:00-06:30 Uhr reserviert für WeShare",
        "maxstay": "1 hour",
        "motorcar": "yes",
        "operator": "Lidl",
        "operator:wikidata": "Q151954",
        "operator:wikipedia": "en:Lidl",
        "socket:chademo": "1",
        "socket:chademo:output": "50",
        "socket:type2": "1",
        "socket:type2:output": "43",
        "socket:type2_combo": "1",
        "socket:type2_combo:output": "50"
      },
      "geometry": {
        "type": "Point",
        "coordinates": [
          13.4517691,
          52.4755698
        ]
      },
      "id": "node/7051840628"
    },
    {
      "type": "Feature",
      "properties": {
        "@id": "node/7056288018",
        "access": "permissive",
        "amenity": "charging_station",
        "capacity": "2",
        "operator": "Bosch Mobility Solutions"
      },
      "geometry": {
        "type": "Point",
        "coordinates": [
          13.274789,
          52.5305947
        ]
      },
      "id": "node/7056288018"
    },
    {
      "type": "Feature",
      "properties": {
        "@id": "node/7056288019",
        "access": "permissive",
        "amenity": "charging_station",
        "capacity": "2",
        "operator": "Bosch Mobility Solutions"
      },
      "geometry": {
        "type": "Point",
        "coordinates": [
          13.2741774,
          52.531249
        ]
      },
      "id": "node/7056288019"
    },
    {
      "type": "Feature",
      "properties": {
        "@id": "node/7056288020",
        "amenity": "charging_station",
        "bicycle": "no",
        "capacity": "3",
        "operator": "Kaufland",
        "operator:wikidata": "Q685967"
      },
      "geometry": {
        "type": "Point",
        "coordinates": [
          13.3771799,
          52.4683793
        ]
      },
      "id": "node/7056288020"
    },
    {
      "type": "Feature",
      "properties": {
        "@id": "node/7056374801",
        "amenity": "charging_station",
        "capacity": "2",
        "fee": "yes",
        "operator": "Vattenfall"
      },
      "geometry": {
        "type": "Point",
        "coordinates": [
          13.3246466,
          52.4604749
        ]
      },
      "id": "node/7056374801"
    },
    {
      "type": "Feature",
      "properties": {
        "@id": "node/7056382634",
        "amenity": "charging_station",
        "capacity": "2",
        "operator": "Vattenfall"
      },
      "geometry": {
        "type": "Point",
        "coordinates": [
          13.3232934,
          52.4604905
        ]
      },
      "id": "node/7056382634"
    },
    {
      "type": "Feature",
      "properties": {
        "@id": "node/7090553685",
        "amenity": "charging_station",
        "capacity": "2",
        "operator": "Be emobil"
      },
      "geometry": {
        "type": "Point",
        "coordinates": [
          13.41936,
          52.5056102
        ]
      },
      "id": "node/7090553685"
    },
    {
      "type": "Feature",
      "properties": {
        "@id": "node/7108826474",
        "amenity": "charging_station",
        "capacity": "2",
        "operator": "Allego",
        "operator:wikidata": "Q75560554"
      },
      "geometry": {
        "type": "Point",
        "coordinates": [
          13.5273739,
          52.4830318
        ]
      },
      "id": "node/7108826474"
    },
    {
      "type": "Feature",
      "properties": {
        "@id": "node/7129315766",
        "access": "permissive",
        "amenity": "charging_station",
        "authentication:app": "yes",
        "authentication:nfc": "yes",
        "capacity": "2",
        "contact:phone": "+49 30 233210000",
        "contact:website": "https://www.allego.eu/de-de/elektromobilisten/ladestation-finden",
        "fee": "yes",
        "motorcar": "yes",
        "opening_hours": "24/7",
        "operator": "Allego",
        "operator:wikidata": "Q75560554",
        "parking:fee": "no",
        "ref": "DEALLEGO000640",
        "socket:chademo": "1",
        "socket:tesla_supercharger_ccs": "1",
        "socket:type2": "1",
        "start_date": "2019"
      },
      "geometry": {
        "type": "Point",
        "coordinates": [
          13.4615997,
          52.4688822
        ]
      },
      "id": "node/7129315766"
    },
    {
      "type": "Feature",
      "properties": {
        "@id": "node/7169668681",
        "amenity": "charging_station",
        "bicycle": "no",
        "capacity": "2",
        "opening_hours": "24/7",
        "operator": "Allego",
        "operator:wikidata": "Q75560554",
        "ref": "DEALLEGO0011491; DEALLEGO0011492",
        "socket:type2": "2",
        "socket:type2:output": "11kW"
      },
      "geometry": {
        "type": "Point",
        "coordinates": [
          13.2046113,
          52.5435409
        ]
      },
      "id": "node/7169668681"
    },
    {
      "type": "Feature",
      "properties": {
        "@id": "node/7169688845",
        "amenity": "charging_station",
        "capacity": "2",
        "operator": "Allego",
        "operator:wikidata": "Q75560554"
      },
      "geometry": {
        "type": "Point",
        "coordinates": [
          13.2046481,
          52.5401262
        ]
      },
      "id": "node/7169688845"
    },
    {
      "type": "Feature",
      "properties": {
        "@id": "node/7169693417",
        "amenity": "charging_station"
      },
      "geometry": {
        "type": "Point",
        "coordinates": [
          13.2174902,
          52.5381757
        ]
      },
      "id": "node/7169693417"
    },
    {
      "type": "Feature",
      "properties": {
        "@id": "node/7195649044",
        "amenity": "charging_station",
        "capacity": "2",
        "description": "Lidl-Schnellladesäule, Parkplätze 23:00-06:30 Uhr reserviert für WeShare",
        "maxstay": "1 hour",
        "motorcar": "yes",
        "operator": "Lidl",
        "operator:wikidata": "Q151954",
        "operator:wikipedia": "en:Lidl",
        "socket:chademo": "1",
        "socket:chademo:output": "50",
        "socket:type2": "1",
        "socket:type2:output": "43",
        "socket:type2_combo": "1",
        "socket:type2_combo:output": "50"
      },
      "geometry": {
        "type": "Point",
        "coordinates": [
          13.4320719,
          52.4920926
        ]
      },
      "id": "node/7195649044"
    },
    {
      "type": "Feature",
      "properties": {
        "@id": "node/7195670363",
        "amenity": "charging_station",
        "capacity": "2",
        "description": "Lidl-Schnellladesäule, Parkplätze 23:00-06:30 Uhr reserviert für WeShare",
        "maxstay": "1 hour",
        "motorcar": "yes",
        "operator": "Lidl",
        "operator:wikidata": "Q151954",
        "operator:wikipedia": "en:Lidl",
        "socket:chademo": "1",
        "socket:chademo:output": "50",
        "socket:type2": "1",
        "socket:type2:output": "43",
        "socket:type2_combo": "1",
        "socket:type2_combo:output": "50"
      },
      "geometry": {
        "type": "Point",
        "coordinates": [
          13.4351337,
          52.5012261
        ]
      },
      "id": "node/7195670363"
    },
    {
      "type": "Feature",
      "properties": {
        "@id": "node/7208622133",
        "amenity": "charging_station",
        "capacity": "75 KW",
        "motorcar": "yes",
        "name": "Schnellladesäule",
        "operator": "BWENb",
        "socket:type2_combo": "2"
      },
      "geometry": {
        "type": "Point",
        "coordinates": [
          13.3704297,
          52.4090561
        ]
      },
      "id": "node/7208622133"
    },
    {
      "type": "Feature",
      "properties": {
        "@id": "node/7217344300",
        "amenity": "charging_station",
        "authentication:app": "yes",
        "authentication:nfc": "yes",
        "capacity": "2",
        "contact:phone": "+49 30 233210000",
        "contact:website": "https://www.allego.eu/de-de/elektromobilisten/ladestation-finden",
        "fee": "yes",
        "motorcar": "yes",
        "opening_hours": "24/7",
        "operator": "Allego",
        "operator:wikidata": "Q75560554",
        "parking:fee": "no",
        "ref": "DEALLEGO000176",
        "socket:type2": "2",
        "socket:type2:output": "11 kW"
      },
      "geometry": {
        "type": "Point",
        "coordinates": [
          13.4244502,
          52.4899224
        ]
      },
      "id": "node/7217344300"
    },
    {
      "type": "Feature",
      "properties": {
        "@id": "node/7229129689",
        "amenity": "charging_station",
        "authentication:app": "yes",
        "authentication:nfc": "yes",
        "bicycle": "no",
        "capacity": "2",
        "contact:phone": "+49 30 233210000",
        "contact:website": "https://www.allego.eu/de-de/elektromobilisten/ladestation-finden",
        "fee": "yes",
        "motorcar": "yes",
        "opening_hours": "24/7",
        "operator": "Allego",
        "operator:wikidata": "Q75560554",
        "parking:fee": "no",
        "ref": "DEALLEGO000203",
        "socket:type2": "2",
        "socket:type2:output": "11 kW"
      },
      "geometry": {
        "type": "Point",
        "coordinates": [
          13.4231898,
          52.4921349
        ]
      },
      "id": "node/7229129689"
    },
    {
      "type": "Feature",
      "properties": {
        "@id": "node/7233815675",
        "amenity": "charging_station",
        "capacity": "2",
        "operator": "Allego",
        "operator:wikidata": "Q75560554",
        "website": "https://www.allego.eu/"
      },
      "geometry": {
        "type": "Point",
        "coordinates": [
          13.3839571,
          52.4850858
        ]
      },
      "id": "node/7233815675"
    },
    {
      "type": "Feature",
      "properties": {
        "@id": "node/7259543881",
        "amenity": "charging_station",
        "authentication:app": "yes",
        "authentication:nfc": "yes",
        "capacity": "2",
        "contact:phone": "+49 30 233210000",
        "contact:website": "https://www.allego.eu/de-de/elektromobilisten/ladestation-finden",
        "fee": "yes",
        "motorcar": "yes",
        "opening_hours": "24/7",
        "operator": "Allego",
        "operator:wikidata": "Q75560554",
        "parking:fee": "no",
        "ref": "DEALLEGO001192",
        "socket:type2": "2",
        "socket:type2:output": "11 kW"
      },
      "geometry": {
        "type": "Point",
        "coordinates": [
          13.4071785,
          52.488673
        ]
      },
      "id": "node/7259543881"
    },
    {
      "type": "Feature",
      "properties": {
        "@id": "node/7335715723",
        "amenity": "charging_station",
        "capacity": "2",
        "fee": "yes",
        "name": "Allego",
        "opening_hours": "24/7",
        "operator": "Allego",
        "operator:wikidata": "Q75560554",
        "ref": "DEALLEGO0001791"
      },
      "geometry": {
        "type": "Point",
        "coordinates": [
          13.3948534,
          52.5618214
        ]
      },
      "id": "node/7335715723"
    },
    {
      "type": "Feature",
      "properties": {
        "@id": "node/7345800166",
        "access": "yes",
        "amenity": "charging_station",
        "capacity": "2",
        "motorcar": "yes",
        "operator": "Allego",
        "operator:wikidata": "Q75560554"
      },
      "geometry": {
        "type": "Point",
        "coordinates": [
          13.4226366,
          52.5415999
        ]
      },
      "id": "node/7345800166"
    },
    {
      "type": "Feature",
      "properties": {
        "@id": "node/7371082585",
        "amenity": "charging_station",
        "capacity": "2",
        "operator": "Allego",
        "operator:wikidata": "Q75560554"
      },
      "geometry": {
        "type": "Point",
        "coordinates": [
          13.3016013,
          52.4943859
        ]
      },
      "id": "node/7371082585"
    },
    {
      "type": "Feature",
      "properties": {
        "@id": "node/7376832497",
        "amenity": "charging_station",
        "capacity": "2",
        "motorcar": "yes",
        "operator": "Allego",
        "operator:wikidata": "Q75560554"
      },
      "geometry": {
        "type": "Point",
        "coordinates": [
          13.3925472,
          52.4916016
        ]
      },
      "id": "node/7376832497"
    },
    {
      "type": "Feature",
      "properties": {
        "@id": "node/7449796951",
        "amenity": "charging_station",
        "capacity": "2",
        "covered": "no",
        "operator": "Allego",
        "operator:wikidata": "Q75560554"
      },
      "geometry": {
        "type": "Point",
        "coordinates": [
          13.3885192,
          52.501202
        ]
      },
      "id": "node/7449796951"
    },
    {
      "type": "Feature",
      "properties": {
        "@id": "node/7499366503",
        "access": "yes",
        "amenity": "charging_station",
        "capacity": "1",
        "fee": "yes",
        "opening_hours": "24/7",
        "operator": "Allego",
        "operator:wikidata": "Q75560554",
        "ref": "DEALLEGO001053",
        "socket:type2": "1",
        "socket:type2:output": "3,6 kW"
      },
      "geometry": {
        "type": "Point",
        "coordinates": [
          13.3737834,
          52.5626503
        ]
      },
      "id": "node/7499366503"
    },
    {
      "type": "Feature",
      "properties": {
        "@id": "node/7591084885",
        "amenity": "charging_station",
        "bicycle": "no",
        "brand": "allego",
        "capacity": "2",
        "operator": "Allego",
        "operator:wikidata": "Q75560554"
      },
      "geometry": {
        "type": "Point",
        "coordinates": [
          13.4032066,
          52.5101851
        ]
      },
      "id": "node/7591084885"
    },
    {
      "type": "Feature",
      "properties": {
        "@id": "node/7592717120",
        "access": "yes",
        "amenity": "charging_station",
        "capacity": "11",
        "fee": "yes",
        "operator": "be emobil"
      },
      "geometry": {
        "type": "Point",
        "coordinates": [
          13.349807,
          52.4947663
        ]
      },
      "id": "node/7592717120"
    },
    {
      "type": "Feature",
      "properties": {
        "@id": "node/7592737108",
        "amenity": "charging_station",
        "bicycle": "no",
        "capacity": "2",
        "operator": "be emobil"
      },
      "geometry": {
        "type": "Point",
        "coordinates": [
          13.3495182,
          52.5000304
        ]
      },
      "id": "node/7592737108"
    },
    {
      "type": "Feature",
      "properties": {
        "@id": "node/7592837464",
        "amenity": "charging_station",
        "amperage": "16",
        "bicycle": "no",
        "capacity": "2",
        "fee": "yes",
        "operator": "Allego",
        "operator:wikidata": "Q75560554",
        "socket:type2": "2",
        "voltage": "400"
      },
      "geometry": {
        "type": "Point",
        "coordinates": [
          13.2975617,
          52.4986195
        ]
      },
      "id": "node/7592837464"
    },
    {
      "type": "Feature",
      "properties": {
        "@id": "node/7592837465",
        "amenity": "charging_station",
        "amperage": "16",
        "capacity": "2",
        "fee": "yes",
        "name": "be emobil Ladesäule",
        "operator": "Allego",
        "operator:wikidata": "Q75560554",
        "ref": "12329",
        "socket:type2": "2",
        "voltage": "400"
      },
      "geometry": {
        "type": "Point",
        "coordinates": [
          13.3017937,
          52.4992411
        ]
      },
      "id": "node/7592837465"
    },
    {
      "type": "Feature",
      "properties": {
        "@id": "node/7598342928",
        "amenity": "charging_station",
        "authentication:app": "yes",
        "authentication:nfc": "yes",
        "bicycle": "no",
        "capacity": "2",
        "contact:phone": "+49 30 233210000",
        "contact:website": "https://www.allego.eu/de-de/elektromobilisten/ladestation-finden",
        "fee": "yes",
        "motorcar": "yes",
        "opening_hours": "24/7",
        "operator": "Allego",
        "operator:wikidata": "Q75560554",
        "parking:fee": "no",
        "ref": "DEALLEGO001948",
        "socket:type2": "2",
        "socket:type2:output": "11 kW"
      },
      "geometry": {
        "type": "Point",
        "coordinates": [
          13.4350865,
          52.4706625
        ]
      },
      "id": "node/7598342928"
    },
    {
      "type": "Feature",
      "properties": {
        "@id": "node/7604834982",
        "amenity": "charging_station",
        "amperage": "16",
        "capacity": "2",
        "fee": "yes",
        "name": "be emobil Ladesäule",
        "operator": "Allego",
        "operator:wikidata": "Q75560554",
        "socket:type2": "2",
        "voltage": "400"
      },
      "geometry": {
        "type": "Point",
        "coordinates": [
          13.30926,
          52.5004546
        ]
      },
      "id": "node/7604834982"
    },
    {
      "type": "Feature",
      "properties": {
        "@id": "node/7615989813",
        "amenity": "charging_station",
        "capacity": "2",
        "level": "0",
        "operator": "Kaufland",
        "operator:wikidata": "Q685967",
        "operator:wikipedia": "de:Kaufland"
      },
      "geometry": {
        "type": "Point",
        "coordinates": [
          13.3457858,
          52.5532306
        ]
      },
      "id": "node/7615989813"
    },
    {
      "type": "Feature",
      "properties": {
        "@id": "node/7617536016",
        "amenity": "charging_station",
        "bicycle": "no",
        "capacity": "2",
        "operator": "be emobil",
        "socket:type2": "2"
      },
      "geometry": {
        "type": "Point",
        "coordinates": [
          13.2915952,
          52.4579755
        ]
      },
      "id": "node/7617536016"
    },
    {
      "type": "Feature",
      "properties": {
        "@id": "node/7617606612",
        "amenity": "charging_station",
        "capacity": "2",
        "operator": "Allego",
        "operator:wikidata": "Q75560554"
      },
      "geometry": {
        "type": "Point",
        "coordinates": [
          13.3406705,
          52.5512907
        ]
      },
      "id": "node/7617606612"
    },
    {
      "type": "Feature",
      "properties": {
        "@id": "node/7626369919",
        "amenity": "charging_station",
        "amperage": "16",
        "bicycle": "no",
        "capacity": "2",
        "fee": "yes",
        "name": "be emobil Ladesäule",
        "operator": "Allego",
        "operator:wikidata": "Q75560554",
        "socket:type2": "2",
        "voltage": "400"
      },
      "geometry": {
        "type": "Point",
        "coordinates": [
          13.2964168,
          52.5020868
        ]
      },
      "id": "node/7626369919"
    },
    {
      "type": "Feature",
      "properties": {
        "@id": "node/7640981831",
        "amenity": "charging_station",
        "capacity": "3",
        "operator": "Lidl",
        "operator:wikidata": "Q151954"
      },
      "geometry": {
        "type": "Point",
        "coordinates": [
          13.306594,
          52.5270744
        ]
      },
      "id": "node/7640981831"
    },
    {
      "type": "Feature",
      "properties": {
        "@id": "node/7654855637",
        "amenity": "charging_station",
        "operator": "be emobil",
        "socket:type2": "2"
      },
      "geometry": {
        "type": "Point",
        "coordinates": [
          13.2686532,
          52.4448234
        ]
      },
      "id": "node/7654855637"
    },
    {
      "type": "Feature",
      "properties": {
        "@id": "node/7685913580",
        "amenity": "charging_station",
        "capacity": "2",
        "operator": "be emobil"
      },
      "geometry": {
        "type": "Point",
        "coordinates": [
          13.2397979,
          52.442555
        ]
      },
      "id": "node/7685913580"
    },
    {
      "type": "Feature",
      "properties": {
        "@id": "node/7704935851",
        "amenity": "charging_station",
        "capacity": "2",
        "contact:phone": "+49 30 233210000",
        "contact:website": "https://www.allego.eu/de-de/elektromobilisten/ladestation-finden",
        "fee": "yes",
        "motorcar": "yes",
        "opening_hours": "24/7",
        "operator": "Allego",
        "operator:wikidata": "Q75560554",
        "parking:fee": "no",
        "ref": "DEALLEGO0001211"
      },
      "geometry": {
        "type": "Point",
        "coordinates": [
          13.4676026,
          52.4686993
        ]
      },
      "id": "node/7704935851"
    },
    {
      "type": "Feature",
      "properties": {
        "@id": "node/7705412807",
        "amenity": "charging_station",
        "capacity": "2",
        "operator": "Lidl",
        "operator:wikidata": "Q151954",
        "operator:wikipedia": "en:Lidl"
      },
      "geometry": {
        "type": "Point",
        "coordinates": [
          13.3650174,
          52.5617284
        ]
      },
      "id": "node/7705412807"
    },
    {
      "type": "Feature",
      "properties": {
        "@id": "node/7710732710",
        "amenity": "charging_station",
        "capacity": "2",
        "motorcar": "yes",
        "operator": "allego"
      },
      "geometry": {
        "type": "Point",
        "coordinates": [
          13.5752913,
          52.4256241
        ]
      },
      "id": "node/7710732710"
    },
    {
      "type": "Feature",
      "properties": {
        "@id": "node/7715682630",
        "amenity": "charging_station",
        "capacity": "2",
        "operator": "be emobil"
      },
      "geometry": {
        "type": "Point",
        "coordinates": [
          13.2940977,
          52.484271
        ]
      },
      "id": "node/7715682630"
    },
    {
      "type": "Feature",
      "properties": {
        "@id": "node/7717560185",
        "access": "yes",
        "amenity": "charging_station",
        "authentication:app": "yes",
        "authentication:nfc": "yes",
        "bicycle": "no",
        "capacity": "2",
        "contact:phone": "+49 30 233210000",
        "contact:website": "https://www.allego.eu/de-de/elektromobilisten/ladestation-finden",
        "covered": "no",
        "fee": "yes",
        "motorcar": "yes",
        "opening_hours": "24/7",
        "operator": "Allego",
        "operator:wikidata": "Q75560554",
        "parking:fee": "no",
        "ref": "DEALLEGO002012",
        "socket:type2": "2",
        "socket:type2:output": "11 kW",
        "source": "survey"
      },
      "geometry": {
        "type": "Point",
        "coordinates": [
          13.4202091,
          52.4771405
        ]
      },
      "id": "node/7717560185"
    },
    {
      "type": "Feature",
      "properties": {
        "@id": "node/7752551065",
        "amenity": "charging_station",
        "authentication:app": "yes",
        "authentication:nfc": "yes",
        "capacity": "1",
        "contact:phone": "+49 30 233210000",
        "contact:website": "https://www.allego.eu/de-de/elektromobilisten/ladestation-finden",
        "description": "Langsamladesäule an Laternenmast",
        "fee": "yes",
        "lit": "yes",
        "motorcar": "yes",
        "opening_hours": "24/7",
        "operator": "Allego",
        "operator:wikidata": "Q75560554",
        "parking:fee": "no",
        "ref": "DEALLEGO004004",
        "socket:type2": "1",
        "socket:type2:output": "3,7 kW",
        "support": "pole"
      },
      "geometry": {
        "type": "Point",
        "coordinates": [
          13.4569451,
          52.4848628
        ]
      },
      "id": "node/7752551065"
    },
    {
      "type": "Feature",
      "properties": {
        "@id": "node/7757064285",
        "access": "yes",
        "addr:floor": "0",
        "amenity": "charging_station",
        "bicycle": "no",
        "capacity": "2",
        "check_date": "2025-08-20",
        "fee": "yes",
        "level": "0",
        "operator": "Allego",
        "operator:wikidata": "Q75560554"
      },
      "geometry": {
        "type": "Point",
        "coordinates": [
          13.3869787,
          52.5313203
        ]
      },
      "id": "node/7757064285"
    },
    {
      "type": "Feature",
      "properties": {
        "@id": "node/7773344885",
        "amenity": "charging_station",
        "amperage": "16",
        "capacity": "2",
        "fee": "yes",
        "name": "be emobil Ladesäule",
        "operator": "Allego",
        "operator:wikidata": "Q75560554",
        "socket:type2": "2",
        "voltage": "400"
      },
      "geometry": {
        "type": "Point",
        "coordinates": [
          13.313247,
          52.5027068
        ]
      },
      "id": "node/7773344885"
    },
    {
      "type": "Feature",
      "properties": {
        "@id": "node/7788393649",
        "amenity": "charging_station",
        "capacity": "2",
        "charge": "0.38 EUR/kWh",
        "contact:phone": "+49 30 233210000",
        "contact:website": "https://www.allego.eu/de-de/elektromobilisten/ladestation-finden",
        "fee": "yes",
        "fixme": "ref=DEALLEGO...???",
        "motorcar": "yes",
        "opening_hours": "24/7",
        "operator": "Allego",
        "operator:wikidata": "Q75560554",
        "payment:american_express": "yes",
        "payment:maestro": "yes",
        "payment:mastercard": "yes",
        "payment:mea": "yes",
        "payment:sepa": "yes",
        "payment:visa": "yes",
        "payment:vpay": "yes",
        "socket:type2": "2",
        "socket:type2:current": "16",
        "socket:type2:output": "11 kW"
      },
      "geometry": {
        "type": "Point",
        "coordinates": [
          13.405608,
          52.5468349
        ]
      },
      "id": "node/7788393649"
    },
    {
      "type": "Feature",
      "properties": {
        "@id": "node/7801816134",
        "amenity": "charging_station",
        "amperage": "16",
        "capacity": "2",
        "fee": "yes",
        "opening_hours": "24/7",
        "operator": "Allego",
        "operator:wikidata": "Q75560554",
        "ref": "DEALLEGO0020501;DEALLEGO0020502",
        "socket:type2": "2",
        "voltage": "400"
      },
      "geometry": {
        "type": "Point",
        "coordinates": [
          13.3917734,
          52.5652238
        ]
      },
      "id": "node/7801816134"
    },
    {
      "type": "Feature",
      "properties": {
        "@id": "node/7823577028",
        "amenity": "charging_station",
        "bicycle": "no",
        "capacity": "2",
        "operator": "Allego",
        "operator:wikidata": "Q75560554"
      },
      "geometry": {
        "type": "Point",
        "coordinates": [
          13.3777722,
          52.536566
        ]
      },
      "id": "node/7823577028"
    },
    {
      "type": "Feature",
      "properties": {
        "@id": "node/7823735796",
        "access": "yes",
        "amenity": "charging_station",
        "bicycle": "no",
        "brand": "compleo",
        "capacity": "2",
        "fee": "yes",
        "operator": "Allego",
        "operator:wikidata": "Q75560554",
        "ref:EU:EVSE": "DE*BSW*E604547*547"
      },
      "geometry": {
        "type": "Point",
        "coordinates": [
          13.4622415,
          52.5186425
        ]
      },
      "id": "node/7823735796"
    },
    {
      "type": "Feature",
      "properties": {
        "@id": "node/7827762685",
        "amenity": "charging_station",
        "capacity": "2",
        "fee": "yes",
        "motorcar": "yes",
        "opening_hours": "24/7",
        "operator": "Berliner Stadtwerke",
        "operator:wikidata": "Q21969102",
        "parking:fee": "no"
      },
      "geometry": {
        "type": "Point",
        "coordinates": [
          13.4493723,
          52.4574692
        ]
      },
      "id": "node/7827762685"
    },
    {
      "type": "Feature",
      "properties": {
        "@id": "node/7830584554",
        "access": "yes",
        "amenity": "charging_station",
        "bicycle": "no",
        "capacity": "2",
        "charge": "0.38 EUR/kWh",
        "contact:phone": "+49 30 233210000",
        "contact:website": "https://www.allego.eu/de-de/elektromobilisten/ladestation-finden",
        "fee": "yes",
        "motorcar": "yes",
        "opening_hours": "24/7",
        "operator": "Allego",
        "operator:wikidata": "Q75560554",
        "payment:american_express": "yes",
        "payment:mastercard": "yes",
        "payment:sepa": "yes",
        "payment:visa": "yes",
        "payment:vpay": "yes",
        "ref": "DEALLEGO0019712",
        "socket:type2": "2",
        "socket:type2:current": "16",
        "socket:type2:output": "11 kW"
      },
      "geometry": {
        "type": "Point",
        "coordinates": [
          13.4082354,
          52.5507033
        ]
      },
      "id": "node/7830584554"
    },
    {
      "type": "Feature",
      "properties": {
        "@id": "node/7833579785",
        "access": "yes",
        "addr:floor": "0",
        "amenity": "charging_station",
        "bicycle": "no",
        "brand": "Compleo",
        "capacity": "2",
        "covered": "no",
        "fee": "yes",
        "level": "0",
        "operator": "Berliner Stadtwerke",
        "operator:wikidata": "Q21969102",
        "payment:mastercard": "yes",
        "payment:paypal": "yes",
        "payment:visa": "yes",
        "ref": "DE*BSW*E603775*775;DE*BSW*E603774*774",
        "socket:type2": "2",
        "socket:type2:output": "11 kW",
        "source": "survey"
      },
      "geometry": {
        "type": "Point",
        "coordinates": [
          13.3997618,
          52.5382597
        ]
      },
      "id": "node/7833579785"
    },
    {
      "type": "Feature",
      "properties": {
        "@id": "node/7834517422",
        "amenity": "charging_station",
        "capacity": "2",
        "operator": "Berliner Stadtwerke",
        "operator:wikidata": "Q21969102"
      },
      "geometry": {
        "type": "Point",
        "coordinates": [
          13.315712,
          52.5179788
        ]
      },
      "id": "node/7834517422"
    },
    {
      "type": "Feature",
      "properties": {
        "@id": "node/7835547411",
        "access": "yes",
        "amenity": "charging_station",
        "capacity": "2",
        "fee": "yes",
        "operator": "Stadtwerke Berlin",
        "payment:american_express": "yes",
        "payment:maestro": "yes",
        "payment:mastercard": "yes",
        "payment:sepa": "yes",
        "payment:visa": "yes",
        "socket:type2": "2",
        "socket:type2:output": "11 kW"
      },
      "geometry": {
        "type": "Point",
        "coordinates": [
          13.3317452,
          52.5290122
        ]
      },
      "id": "node/7835547411"
    },
    {
      "type": "Feature",
      "properties": {
        "@id": "node/7840655101",
        "amenity": "charging_station",
        "capacity": "2",
        "fee": "yes",
        "operator": "Be-Mobil",
        "socket:type2": "2"
      },
      "geometry": {
        "type": "Point",
        "coordinates": [
          13.2154638,
          52.4384515
        ]
      },
      "id": "node/7840655101"
    },
    {
      "type": "Feature",
      "properties": {
        "@id": "node/7852422479",
        "addr:city": "Berlin",
        "addr:housenumber": "6",
        "addr:postcode": "10245",
        "addr:street": "Markgrafendamm",
        "amenity": "charging_station",
        "bicycle": "no",
        "capacity": "1",
        "operator": "Allego",
        "operator:wikidata": "Q75560554",
        "socket:type2": "1",
        "support": "street_lamp"
      },
      "geometry": {
        "type": "Point",
        "coordinates": [
          13.4655556,
          52.4985182
        ]
      },
      "id": "node/7852422479"
    },
    {
      "type": "Feature",
      "properties": {
        "@id": "node/7852451089",
        "amenity": "charging_station",
        "amperage": "16",
        "bicycle": "no",
        "capacity": "2",
        "operator": "Allego",
        "operator:wikidata": "Q75560554",
        "socket:type2": "2"
      },
      "geometry": {
        "type": "Point",
        "coordinates": [
          13.4687742,
          52.4957939
        ]
      },
      "id": "node/7852451089"
    },
    {
      "type": "Feature",
      "properties": {
        "@id": "node/7852560309",
        "amenity": "charging_station",
        "bicycle": "no",
        "capacity": "1",
        "object:city": "Berlin",
        "object:country": "DE",
        "object:housenumber": "13",
        "object:postcode": "10245",
        "object:street": "Rochowstraße",
        "operator": "Allego",
        "operator:wikidata": "Q75560554",
        "socket:type2": "1",
        "support": "street_lamp"
      },
      "geometry": {
        "type": "Point",
        "coordinates": [
          13.4585976,
          52.5004838
        ]
      },
      "id": "node/7852560309"
    },
    {
      "type": "Feature",
      "properties": {
        "@id": "node/7858854671",
        "access": "yes",
        "amenity": "charging_station",
        "capacity": "2",
        "contact:phone": "+49 30 233210000",
        "contact:website": "https://www.allego.eu/de-de/elektromobilisten/ladestation-finden",
        "covered": "no",
        "fee": "yes",
        "motorcar": "yes",
        "opening_hours": "24/7",
        "operator": "Allego",
        "operator:wikidata": "Q75560554",
        "ref": "DEALLEGO000051"
      },
      "geometry": {
        "type": "Point",
        "coordinates": [
          13.3887641,
          52.4972021
        ]
      },
      "id": "node/7858854671"
    },
    {
      "type": "Feature",
      "properties": {
        "@id": "node/7860028007",
        "amenity": "charging_station",
        "bicycle": "no",
        "capacity": "2",
        "operator": "be emobil",
        "socket:type2": "2"
      },
      "geometry": {
        "type": "Point",
        "coordinates": [
          13.2640907,
          52.5366658
        ]
      },
      "id": "node/7860028007"
    },
    {
      "type": "Feature",
      "properties": {
        "@id": "node/7860028008",
        "amenity": "charging_station",
        "bicycle": "no",
        "capacity": "2",
        "operator": "be emobil",
        "socket:type2": "2"
      },
      "geometry": {
        "type": "Point",
        "coordinates": [
          13.2625976,
          52.4385205
        ]
      },
      "id": "node/7860028008"
    },
    {
      "type": "Feature",
      "properties": {
        "@id": "node/7860028009",
        "amenity": "charging_station",
        "capacity": "2",
        "operator": "be emobil",
        "socket:type2": "2"
      },
      "geometry": {
        "type": "Point",
        "coordinates": [
          13.2636878,
          52.4869283
        ]
      },
      "id": "node/7860028009"
    },
    {
      "type": "Feature",
      "properties": {
        "@id": "node/7860028010",
        "amenity": "charging_station",
        "capacity": "2",
        "operator": "tbd",
        "socket:chademo": "1",
        "socket:type2": "1",
        "socket:type2_combo": "1"
      },
      "geometry": {
        "type": "Point",
        "coordinates": [
          13.2658153,
          52.4420266
        ]
      },
      "id": "node/7860028010"
    },
    {
      "type": "Feature",
      "properties": {
        "@id": "node/7863075932",
        "amenity": "charging_station",
        "capacity": "2",
        "operator": "be emobil",
        "socket:type2": "2"
      },
      "geometry": {
        "type": "Point",
        "coordinates": [
          13.2801654,
          52.4434185
        ]
      },
      "id": "node/7863075932"
    },
    {
      "type": "Feature",
      "properties": {
        "@id": "node/7863075933",
        "amenity": "charging_station",
        "capacity": "2",
        "operator": "be emobil",
        "socket:type2": "2"
      },
      "geometry": {
        "type": "Point",
        "coordinates": [
          13.3067058,
          52.4469712
        ]
      },
      "id": "node/7863075933"
    },
    {
      "type": "Feature",
      "properties": {
        "@id": "node/7865797773",
        "amenity": "charging_station",
        "bicycle": "no",
        "capacity": "2",
        "operator": "Allego",
        "operator:wikidata": "Q75560554"
      },
      "geometry": {
        "type": "Point",
        "coordinates": [
          13.3331577,
          52.4900948
        ]
      },
      "id": "node/7865797773"
    },
    {
      "type": "Feature",
      "properties": {
        "@id": "node/7906443252",
        "amenity": "charging_station",
        "amperage": "16",
        "capacity": "2",
        "fee": "yes",
        "name": "be emobil Ladesäule",
        "operator": "Allego",
        "operator:wikidata": "Q75560554",
        "socket:type2": "2",
        "voltage": "400"
      },
      "geometry": {
        "type": "Point",
        "coordinates": [
          13.3183593,
          52.5015627
        ]
      },
      "id": "node/7906443252"
    },
    {
      "type": "Feature",
      "properties": {
        "@id": "node/7907513285",
        "access": "yes",
        "addr:floor": "0",
        "amenity": "charging_station",
        "bicycle": "no",
        "capacity": "2",
        "covered": "no",
        "fee": "yes",
        "level": "0",
        "operator": "Berliner Stadtwerke",
        "operator:wikidata": "Q21969102",
        "source": "survey",
        "wheelchair": "yes"
      },
      "geometry": {
        "type": "Point",
        "coordinates": [
          13.407488,
          52.523429
        ]
      },
      "id": "node/7907513285"
    },
    {
      "type": "Feature",
      "properties": {
        "@id": "node/7909016399",
        "access": "yes",
        "amenity": "charging_station",
        "amperage": "16",
        "bicycle": "no",
        "capacity": "2",
        "contact:phone": "+49 30 233210000",
        "contact:website": "https://www.allego.eu/de-de/elektromobilisten/ladestation-finden",
        "fee": "yes",
        "mapillary": "495351558259230",
        "motorcar": "yes",
        "opening_hours": "24/7",
        "operator": "Allego",
        "operator:wikidata": "Q75560554",
        "parking:fee": "no",
        "ref": "DEALLEGO002001",
        "socket:type2": "2",
        "socket:type2:output": "11 kW"
      },
      "geometry": {
        "type": "Point",
        "coordinates": [
          13.362432,
          52.5299443
        ]
      },
      "id": "node/7909016399"
    },
    {
      "type": "Feature",
      "properties": {
        "@id": "node/7916100406",
        "access": "yes",
        "amenity": "charging_station",
        "bicycle": "no",
        "brand:wikidata": "Q75560554",
        "bus": "no",
        "capacity": "2",
        "fee": "yes",
        "hgv": "no",
        "maxstay": "unlimited",
        "motorcar": "yes",
        "network": "Allego",
        "opening_hours": "24/7",
        "operator": "Allego",
        "operator:wikidata": "Q75560554",
        "parking:fee": "no",
        "payment:app": "yes",
        "payment:cards": "yes",
        "payment:cash": "no",
        "payment:membership_card": "yes",
        "payment:qr_code": "yes",
        "phone": "0800 5373000",
        "scooter": "no",
        "socket:type2": "2",
        "socket:type2:output": "11 kW"
      },
      "geometry": {
        "type": "Point",
        "coordinates": [
          13.2252571,
          52.5459963
        ]
      },
      "id": "node/7916100406"
    },
    {
      "type": "Feature",
      "properties": {
        "@id": "node/7916285681",
        "access": "yes",
        "addr:floor": "0",
        "amenity": "charging_station",
        "bicycle": "no",
        "capacity": "2",
        "contact:website": "https://www.allego.eu/de-de/elektromobilisten/ladestation-finden",
        "covered": "no",
        "fee": "yes",
        "level": "0",
        "motorcar": "yes",
        "name": "Kirchstr 2",
        "operator": "Allego",
        "operator:wikidata": "Q75560554",
        "ref": "DEALLEGO001150",
        "socket:type2": "2",
        "socket:type2:output": "11 kW",
        "source": "survey",
        "wheelchair": "yes"
      },
      "geometry": {
        "type": "Point",
        "coordinates": [
          13.3493033,
          52.5241313
        ]
      },
      "id": "node/7916285681"
    },
    {
      "type": "Feature",
      "properties": {
        "@id": "node/7917978487",
        "amenity": "charging_station",
        "bicycle": "no",
        "capacity": "2",
        "charge": "0.39 EUR/kWh",
        "fee": "yes",
        "motorcar": "yes",
        "opening_hours": "24/7",
        "operator": "Allego",
        "operator:wikidata": "Q75560554",
        "payment:american_express": "yes",
        "payment:maestro": "yes",
        "payment:mastercard": "yes",
        "payment:sepa": "yes",
        "payment:visa": "yes",
        "payment:vpay": "yes",
        "socket:type2": "2",
        "socket:type2:output": "11 kW"
      },
      "geometry": {
        "type": "Point",
        "coordinates": [
          13.3501378,
          52.5299461
        ]
      },
      "id": "node/7917978487"
    },
    {
      "type": "Feature",
      "properties": {
        "@id": "node/7918257697",
        "amenity": "charging_station",
        "capacity": "2",
        "operator": "be emobil",
        "socket:type2": "2"
      },
      "geometry": {
        "type": "Point",
        "coordinates": [
          13.2884008,
          52.4768887
        ]
      },
      "id": "node/7918257697"
    },
    {
      "type": "Feature",
      "properties": {
        "@id": "node/7918282271",
        "amenity": "charging_station",
        "operator": "be emobil",
        "socket:type2": "2"
      },
      "geometry": {
        "type": "Point",
        "coordinates": [
          13.2691142,
          52.430766
        ]
      },
      "id": "node/7918282271"
    },
    {
      "type": "Feature",
      "properties": {
        "@id": "node/7918286187",
        "amenity": "charging_station",
        "capacity": "1",
        "operator": "Allego",
        "operator:wikidata": "Q75560554",
        "socket:type2": "1"
      },
      "geometry": {
        "type": "Point",
        "coordinates": [
          13.2896109,
          52.4684797
        ]
      },
      "id": "node/7918286187"
    },
    {
      "type": "Feature",
      "properties": {
        "@id": "node/7918287230",
        "amenity": "charging_station",
        "capacity": "2",
        "operator": "be emobil",
        "socket:type2": "2"
      },
      "geometry": {
        "type": "Point",
        "coordinates": [
          13.2824261,
          52.4775924
        ]
      },
      "id": "node/7918287230"
    },
    {
      "type": "Feature",
      "properties": {
        "@id": "node/7918290362",
        "amenity": "charging_station",
        "bicycle": "no",
        "capacity:motorcar": "1",
        "operator": "be emobil",
        "socket:type2": "1"
      },
      "geometry": {
        "type": "Point",
        "coordinates": [
          13.2323257,
          52.4461254
        ]
      },
      "id": "node/7918290362"
    },
    {
      "type": "Feature",
      "properties": {
        "@id": "node/7918303457",
        "amenity": "charging_station",
        "capacity": "1",
        "operator": "be emobil",
        "socket:type2": "1"
      },
      "geometry": {
        "type": "Point",
        "coordinates": [
          13.2903378,
          52.4737581
        ]
      },
      "id": "node/7918303457"
    },
    {
      "type": "Feature",
      "properties": {
        "@id": "node/7918337660",
        "access": "yes",
        "amenity": "charging_station",
        "bicycle": "no",
        "bus": "no",
        "capacity": "2",
        "fee": "yes",
        "hgv": "no",
        "motorcar": "yes",
        "operator": "be emobil",
        "scooter": "no",
        "socket:type2": "2"
      },
      "geometry": {
        "type": "Point",
        "coordinates": [
          13.2957233,
          52.4427105
        ]
      },
      "id": "node/7918337660"
    },
    {
      "type": "Feature",
      "properties": {
        "@id": "node/7918338226",
        "amenity": "charging_station",
        "operator": "be emobil",
        "socket:type2": "2"
      },
      "geometry": {
        "type": "Point",
        "coordinates": [
          13.2677434,
          52.4336132
        ]
      },
      "id": "node/7918338226"
    },
    {
      "type": "Feature",
      "properties": {
        "@id": "node/7918339656",
        "access": "yes",
        "amenity": "charging_station",
        "bicycle": "no",
        "bus": "no",
        "capacity": "2",
        "fee": "yes",
        "hgv": "no",
        "motorcar": "yes",
        "opening_hours": "24/7",
        "operator": "be emobil",
        "scooter": "no",
        "socket:type2": "2"
      },
      "geometry": {
        "type": "Point",
        "coordinates": [
          13.3028453,
          52.4425866
        ]
      },
      "id": "node/7918339656"
    },
    {
      "type": "Feature",
      "properties": {
        "@id": "node/7918341518",
        "amenity": "charging_station",
        "capacity": "2",
        "operator": "be emobil",
        "socket:type2": "2"
      },
      "geometry": {
        "type": "Point",
        "coordinates": [
          13.3221463,
          52.4508262
        ]
      },
      "id": "node/7918341518"
    },
    {
      "type": "Feature",
      "properties": {
        "@id": "node/7918344319",
        "amenity": "charging_station",
        "capacity": "2",
        "operator": "be emobil",
        "socket:type2": "2"
      },
      "geometry": {
        "type": "Point",
        "coordinates": [
          13.3175802,
          52.4552649
        ]
      },
      "id": "node/7918344319"
    },
    {
      "type": "Feature",
      "properties": {
        "@id": "node/7918344659",
        "access": "yes",
        "amenity": "charging_station",
        "capacity": "2",
        "fee": "yes",
        "operator": "be emobil",
        "socket:type2": "2"
      },
      "geometry": {
        "type": "Point",
        "coordinates": [
          13.3157336,
          52.4530419
        ]
      },
      "id": "node/7918344659"
    },
    {
      "type": "Feature",
      "properties": {
        "@id": "node/7918348379",
        "amenity": "charging_station",
        "bicycle": "no",
        "bus": "no",
        "capacity": "2",
        "hgv": "no",
        "motorcar": "yes",
        "operator": "be emobil",
        "scooter": "no",
        "socket:type2": "2"
      },
      "geometry": {
        "type": "Point",
        "coordinates": [
          13.2970177,
          52.4470925
        ]
      },
      "id": "node/7918348379"
    },
    {
      "type": "Feature",
      "properties": {
        "@id": "node/7918356366",
        "amenity": "charging_station",
        "capacity": "1",
        "operator": "be emobil",
        "socket:type2": "1"
      },
      "geometry": {
        "type": "Point",
        "coordinates": [
          13.3028952,
          52.4748301
        ]
      },
      "id": "node/7918356366"
    },
    {
      "type": "Feature",
      "properties": {
        "@id": "node/7920637744",
        "amenity": "charging_station",
        "bicycle": "no",
        "capacity:motorcar": "2",
        "fee": "yes",
        "motorcar": "yes",
        "network": "be mobile",
        "operator": "Allego",
        "operator:wikidata": "Q75560554",
        "parking:fee": "no",
        "scooter": "yes",
        "socket:type2": "2",
        "socket:type2:current": "16 A",
        "socket:type2:output": "5,5 - 11 kW",
        "voltage": "400"
      },
      "geometry": {
        "type": "Point",
        "coordinates": [
          13.5235257,
          52.4522544
        ]
      },
      "id": "node/7920637744"
    },
    {
      "type": "Feature",
      "properties": {
        "@id": "node/7920817765",
        "amenity": "charging_station",
        "amperage": "16",
        "capacity": "2",
        "fee": "yes",
        "name": "be emobil Ladesäule",
        "operator": "Allego",
        "operator:wikidata": "Q75560554",
        "socket:type2": "2",
        "voltage": "400"
      },
      "geometry": {
        "type": "Point",
        "coordinates": [
          13.3372991,
          52.516209
        ]
      },
      "id": "node/7920817765"
    },
    {
      "type": "Feature",
      "properties": {
        "@id": "node/7925362882",
        "access": "yes",
        "amenity": "charging_station",
        "capacity": "2",
        "opening_hours": "24/7",
        "ref": "DEALLEGO0019381;DEALLEGO0019382",
        "socket:type2": "2"
      },
      "geometry": {
        "type": "Point",
        "coordinates": [
          13.313818,
          52.5695707
        ]
      },
      "id": "node/7925362882"
    },
    {
      "type": "Feature",
      "properties": {
        "@id": "node/7926262686",
        "access": "private",
        "amenity": "charging_station",
        "motorcar": "yes"
      },
      "geometry": {
        "type": "Point",
        "coordinates": [
          13.3947857,
          52.4998319
        ]
      },
      "id": "node/7926262686"
    },
    {
      "type": "Feature",
      "properties": {
        "@id": "node/7944139640",
        "amenity": "charging_station",
        "capacity": "3",
        "operator": "Lidl",
        "operator:wikidata": "Q151954"
      },
      "geometry": {
        "type": "Point",
        "coordinates": [
          13.2803505,
          52.5203389
        ]
      },
      "id": "node/7944139640"
    },
    {
      "type": "Feature",
      "properties": {
        "@id": "node/7959861426",
        "amenity": "charging_station",
        "bicycle": "no",
        "capacity": "2",
        "opening_hours": "24/7",
        "operator": "Lidl",
        "operator:wikidata": "Q151954",
        "operator:wikipedia": "en:Lidl",
        "socket:chademo": "1",
        "socket:chademo:output": "50 kW",
        "socket:type2_combo": "1",
        "socket:type2_combo:output": "50 kW"
      },
      "geometry": {
        "type": "Point",
        "coordinates": [
          13.3531043,
          52.5356176
        ]
      },
      "id": "node/7959861426"
    },
    {
      "type": "Feature",
      "properties": {
        "@id": "node/7960890342",
        "amenity": "charging_station",
        "bicycle": "no",
        "capacity": "2",
        "fee": "yes",
        "motorcar": "yes",
        "opening_hours": "24/7",
        "operator": "Allego",
        "operator:wikidata": "Q75560554",
        "payment:american_express": "yes",
        "payment:mastercard": "yes",
        "payment:sepa": "yes",
        "payment:visa": "yes",
        "ref": "DEALLEGO0011891",
        "socket:type2": "2",
        "socket:type2:output": "11kW"
      },
      "geometry": {
        "type": "Point",
        "coordinates": [
          13.4162771,
          52.5604463
        ]
      },
      "id": "node/7960890342"
    },
    {
      "type": "Feature",
      "properties": {
        "@id": "node/7962412464",
        "amenity": "charging_station",
        "capacity": "2",
        "description": "be-emobil Ladestation",
        "name": "be-emobil",
        "socket:type2": "2"
      },
      "geometry": {
        "type": "Point",
        "coordinates": [
          13.3485126,
          52.4550327
        ]
      },
      "id": "node/7962412464"
    },
    {
      "type": "Feature",
      "properties": {
        "@id": "node/7964932167",
        "amenity": "charging_station",
        "capacity": "2",
        "opening_hours": "24/7",
        "operator": "be emobil",
        "socket:type2": "2",
        "socket:type2:current": "16",
        "socket:type2:output": "11 kW",
        "socket:type2:voltage": "400"
      },
      "geometry": {
        "type": "Point",
        "coordinates": [
          13.338093,
          52.4517766
        ]
      },
      "id": "node/7964932167"
    },
    {
      "type": "Feature",
      "properties": {
        "@id": "node/7966889831",
        "amenity": "charging_station",
        "capacity": "2",
        "operator": "Berliner Stadtwerke",
        "operator:wikidata": "Q21969102"
      },
      "geometry": {
        "type": "Point",
        "coordinates": [
          13.3221493,
          52.5217845
        ]
      },
      "id": "node/7966889831"
    },
    {
      "type": "Feature",
      "properties": {
        "@id": "node/7966898394",
        "access": "yes",
        "amenity": "charging_station",
        "bicycle": "no",
        "capacity": "2",
        "fee": "yes",
        "motorcar": "yes",
        "operator": "Lidl",
        "operator:wikidata": "Q151954"
      },
      "geometry": {
        "type": "Point",
        "coordinates": [
          13.2328348,
          52.5396471
        ]
      },
      "id": "node/7966898394"
    },
    {
      "type": "Feature",
      "properties": {
        "@id": "node/8032923517",
        "amenity": "charging_station",
        "operator": "be emobil"
      },
      "geometry": {
        "type": "Point",
        "coordinates": [
          13.2816936,
          52.4590359
        ]
      },
      "id": "node/8032923517"
    },
    {
      "type": "Feature",
      "properties": {
        "@id": "node/8032937136",
        "amenity": "charging_station",
        "bicycle": "no",
        "capacity": "1",
        "operator": "be emobil",
        "socket:type2": "yes",
        "socket:type2:output": "3,7"
      },
      "geometry": {
        "type": "Point",
        "coordinates": [
          13.2688582,
          52.4563796
        ]
      },
      "id": "node/8032937136"
    },
    {
      "type": "Feature",
      "properties": {
        "@id": "node/8032940540",
        "amenity": "charging_station",
        "bicycle": "no",
        "bus": "no",
        "capacity": "2",
        "hgv": "no",
        "motorcar": "yes",
        "operator": "Fritz-Haber-Institut der Max-Planck-Gesellschaft",
        "scooter": "no"
      },
      "geometry": {
        "type": "Point",
        "coordinates": [
          13.2836001,
          52.448742
        ]
      },
      "id": "node/8032940540"
    },
    {
      "type": "Feature",
      "properties": {
        "@id": "node/8032940541",
        "amenity": "charging_station",
        "bicycle": "no",
        "bus": "no",
        "capacity": "2",
        "hgv": "no",
        "motorcar": "yes",
        "operator": "Fritz-Haber-Institut der Max-Planck-Gesellschaft",
        "scooter": "no"
      },
      "geometry": {
        "type": "Point",
        "coordinates": [
          13.2835537,
          52.4487119
        ]
      },
      "id": "node/8032940541"
    },
    {
      "type": "Feature",
      "properties": {
        "@id": "node/8032940542",
        "amenity": "charging_station",
        "bicycle": "no",
        "bus": "no",
        "capacity": "2",
        "hgv": "no",
        "motorcar": "yes",
        "operator": "Fritz-Haber-Institut der Max-Planck-Gesellschaft",
        "scooter": "no"
      },
      "geometry": {
        "type": "Point",
        "coordinates": [
          13.283505,
          52.4486808
        ]
      },
      "id": "node/8032940542"
    },
    {
      "type": "Feature",
      "properties": {
        "@id": "node/8032952393",
        "amenity": "charging_station",
        "capacity": "2",
        "operator": "be emobil"
      },
      "geometry": {
        "type": "Point",
        "coordinates": [
          13.2720934,
          52.4509313
        ]
      },
      "id": "node/8032952393"
    },
    {
      "type": "Feature",
      "properties": {
        "@id": "node/8072672517",
        "access": "yes",
        "amenity": "charging_station",
        "capacity": "2",
        "covered": "no",
        "fee": "yes",
        "operator": "Allego",
        "operator:wikidata": "Q75560554",
        "ref": "DEALLEGO0020142"
      },
      "geometry": {
        "type": "Point",
        "coordinates": [
          13.463694,
          52.522626
        ]
      },
      "id": "node/8072672517"
    },
    {
      "type": "Feature",
      "properties": {
        "@id": "node/8075200562",
        "amenity": "charging_station",
        "capacity": "2",
        "operator": "Allego",
        "operator:wikidata": "Q75560554"
      },
      "geometry": {
        "type": "Point",
        "coordinates": [
          13.4091827,
          52.5690861
        ]
      },
      "id": "node/8075200562"
    },
    {
      "type": "Feature",
      "properties": {
        "@id": "node/8147501014",
        "amenity": "charging_station",
        "authentication:app": "yes",
        "authentication:nfc": "yes",
        "capacity": "2",
        "contact:phone": "+49 30 233210000",
        "contact:website": "https://www.allego.eu/de-de/elektromobilisten/ladestation-finden",
        "fee": "yes",
        "motorcar": "yes",
        "opening_hours": "24/7",
        "operator": "Allego",
        "operator:wikidata": "Q75560554",
        "parking:fee": "no",
        "ref": "DEALLEGO001922",
        "socket:type2": "2",
        "socket:type2:output": "11 kW"
      },
      "geometry": {
        "type": "Point",
        "coordinates": [
          13.4266553,
          52.4656721
        ]
      },
      "id": "node/8147501014"
    },
    {
      "type": "Feature",
      "properties": {
        "@id": "node/8186853700",
        "amenity": "charging_station",
        "authentication:app": "yes",
        "authentication:nfc": "yes",
        "capacity": "2",
        "contact:phone": "+49 30 233210000",
        "contact:website": "https://www.allego.eu/de-de/elektromobilisten/ladestation-finden",
        "fee": "yes",
        "motorcar": "yes",
        "opening_hours": "24/7",
        "operator": "Allego",
        "operator:wikidata": "Q75560554",
        "parking:fee": "no",
        "ref": "DEALLEGO002025",
        "socket:type2": "2",
        "socket:type2:output": "11 kW"
      },
      "geometry": {
        "type": "Point",
        "coordinates": [
          13.4434144,
          52.4567339
        ]
      },
      "id": "node/8186853700"
    },
    {
      "type": "Feature",
      "properties": {
        "@id": "node/8188126322",
        "amenity": "charging_station",
        "capacity": "2"
      },
      "geometry": {
        "type": "Point",
        "coordinates": [
          13.2925736,
          52.4790403
        ]
      },
      "id": "node/8188126322"
    },
    {
      "type": "Feature",
      "properties": {
        "@id": "node/8188158154",
        "amenity": "charging_station",
        "bicycle": "no"
      },
      "geometry": {
        "type": "Point",
        "coordinates": [
          13.3022979,
          52.4596621
        ]
      },
      "id": "node/8188158154"
    },
    {
      "type": "Feature",
      "properties": {
        "@id": "node/8188176035",
        "amenity": "charging_station",
        "bicycle": "no",
        "capacity": "2",
        "operator": "Allego",
        "operator:wikidata": "Q75560554"
      },
      "geometry": {
        "type": "Point",
        "coordinates": [
          13.3109107,
          52.4603912
        ]
      },
      "id": "node/8188176035"
    },
    {
      "type": "Feature",
      "properties": {
        "@id": "node/8188186644",
        "amenity": "charging_station",
        "bicycle": "no",
        "capacity": "2",
        "operator": "Berliner Stadtwerke",
        "operator:wikidata": "Q21969102"
      },
      "geometry": {
        "type": "Point",
        "coordinates": [
          13.3074523,
          52.4666663
        ]
      },
      "id": "node/8188186644"
    },
    {
      "type": "Feature",
      "properties": {
        "@id": "node/8188186646",
        "amenity": "charging_station",
        "capacity": "2",
        "operator": "Siemens"
      },
      "geometry": {
        "type": "Point",
        "coordinates": [
          13.3105034,
          52.4666194
        ]
      },
      "id": "node/8188186646"
    },
    {
      "type": "Feature",
      "properties": {
        "@id": "node/8196157533",
        "amenity": "charging_station",
        "amperage": "32",
        "authentication:membership_card": "yes",
        "capacity": "4",
        "motorcar": "yes",
        "opening_hours": "24/7",
        "operator": "mediaworx berlin AG",
        "socket:type2": "4",
        "voltage": "400"
      },
      "geometry": {
        "type": "Point",
        "coordinates": [
          13.4905243,
          52.4914028
        ]
      },
      "id": "node/8196157533"
    },
    {
      "type": "Feature",
      "properties": {
        "@id": "node/8199352942",
        "amenity": "charging_station",
        "capacity": "2",
        "operator": "Allego",
        "operator:wikidata": "Q75560554"
      },
      "geometry": {
        "type": "Point",
        "coordinates": [
          13.3428696,
          52.5205813
        ]
      },
      "id": "node/8199352942"
    },
    {
      "type": "Feature",
      "properties": {
        "@id": "node/8199898213",
        "amenity": "charging_station",
        "bicycle": "no",
        "capacity": "2",
        "operator": "Allego",
        "operator:wikidata": "Q75560554"
      },
      "geometry": {
        "type": "Point",
        "coordinates": [
          13.3283555,
          52.4407103
        ]
      },
      "id": "node/8199898213"
    },
    {
      "type": "Feature",
      "properties": {
        "@id": "node/8207383037",
        "amenity": "charging_station",
        "authentication:app": "yes",
        "authentication:nfc": "yes",
        "bicycle": "no",
        "capacity": "2",
        "contact:phone": "+49 30 233210000",
        "contact:website": "https://www.allego.eu/de-de/elektromobilisten/ladestation-finden",
        "fee": "yes",
        "motorcar": "yes",
        "opening_hours": "24/7",
        "operator": "Allego",
        "operator:wikidata": "Q75560554",
        "parking:fee": "no",
        "ref": "DEALLEGO001944",
        "socket:type2": "2",
        "socket:type2:output": "11 kW"
      },
      "geometry": {
        "type": "Point",
        "coordinates": [
          13.4484794,
          52.4902675
        ]
      },
      "id": "node/8207383037"
    },
    {
      "type": "Feature",
      "properties": {
        "@id": "node/8207971754",
        "amenity": "charging_station",
        "capacity": "2",
        "operator": "Allego",
        "operator:wikidata": "Q75560554",
        "socket:type2": "2"
      },
      "geometry": {
        "type": "Point",
        "coordinates": [
          13.4416361,
          52.5461004
        ]
      },
      "id": "node/8207971754"
    },
    {
      "type": "Feature",
      "properties": {
        "@id": "node/8207985428",
        "amenity": "charging_station",
        "capacity": "2",
        "operator": "Allego",
        "operator:wikidata": "Q75560554",
        "socket:type2": "2"
      },
      "geometry": {
        "type": "Point",
        "coordinates": [
          13.4344551,
          52.5458702
        ]
      },
      "id": "node/8207985428"
    },
    {
      "type": "Feature",
      "properties": {
        "@id": "node/8212399799",
        "amenity": "charging_station",
        "authentication:app": "yes",
        "authentication:short_message": "yes",
        "brand": "LichtBlick eMobility",
        "capacity": "2",
        "fee": "yes",
        "opening_hours": "24/7",
        "socket:type2": "2",
        "socket:type2:output": "22"
      },
      "geometry": {
        "type": "Point",
        "coordinates": [
          13.3961642,
          52.3895709
        ]
      },
      "id": "node/8212399799"
    },
    {
      "type": "Feature",
      "properties": {
        "@id": "node/8221949785",
        "amenity": "charging_station",
        "bicycle": "no",
        "capacity": "2",
        "check_date": "2026-08-21",
        "operator": "Berliner Stadtwerke",
        "operator:wikidata": "Q75560554"
      },
      "geometry": {
        "type": "Point",
        "coordinates": [
          13.4933981,
          52.5042326
        ]
      },
      "id": "node/8221949785"
    },
    {
      "type": "Feature",
      "properties": {
        "@id": "node/8222978862",
        "amenity": "charging_station",
        "capacity": "2",
        "operator": "be emobil",
        "socket:type2": "2",
        "toilets:wheelchair": "no",
        "wheelchair": "yes"
      },
      "geometry": {
        "type": "Point",
        "coordinates": [
          13.1968213,
          52.5333503
        ]
      },
      "id": "node/8222978862"
    },
    {
      "type": "Feature",
      "properties": {
        "@id": "node/8223026928",
        "access": "private",
        "amenity": "charging_station",
        "name": "Audi Ladestation",
        "socket:chademo": "1",
        "socket:type2": "1",
        "socket:type2_combo": "1"
      },
      "geometry": {
        "type": "Point",
        "coordinates": [
          13.1927585,
          52.5344011
        ]
      },
      "id": "node/8223026928"
    },
    {
      "type": "Feature",
      "properties": {
        "@id": "node/8223032049",
        "amenity": "charging_station",
        "bicycle": "no",
        "capacity:motorcar": "2",
        "network": "Allego",
        "operator": "Berliner Stadtwerke",
        "socket:type2": "2"
      },
      "geometry": {
        "type": "Point",
        "coordinates": [
          13.2077285,
          52.5466541
        ]
      },
      "id": "node/8223032049"
    },
    {
      "type": "Feature",
      "properties": {
        "@id": "node/8223072360",
        "access": "yes",
        "amenity": "charging_station",
        "capacity": "2",
        "fee": "yes",
        "operator": "Lidl",
        "operator:wikidata": "Q151954",
        "socket:chademo": "1",
        "socket:chademo:output": "50 kW",
        "socket:type2": "1",
        "socket:type2:output": "43 kW",
        "socket:type2_combo": "1",
        "socket:type2_combo:output": "50 kW"
      },
      "geometry": {
        "type": "Point",
        "coordinates": [
          13.1435577,
          52.5460999
        ]
      },
      "id": "node/8223072360"
    },
    {
      "type": "Feature",
      "properties": {
        "@id": "node/8231676436",
        "amenity": "charging_station",
        "authentication:app": "yes",
        "authentication:nfc": "yes",
        "bicycle": "no",
        "capacity": "2",
        "contact:phone": "+49 30 233210000",
        "contact:website": "https://www.allego.eu/de-de/elektromobilisten/ladestation-finden",
        "fee": "yes",
        "motorcar": "yes",
        "opening_hours": "24/7",
        "operator": "Allego",
        "operator:wikidata": "Q75560554",
        "parking:fee": "no",
        "ref": "DEALLEGO001039",
        "socket:type2": "2",
        "socket:type2:output": "11 kW"
      },
      "geometry": {
        "type": "Point",
        "coordinates": [
          13.4457684,
          52.4795041
        ]
      },
      "id": "node/8231676436"
    },
    {
      "type": "Feature",
      "properties": {
        "@id": "node/8245997153",
        "amenity": "charging_station",
        "capacity": "2",
        "operator": "Allego",
        "operator:wikidata": "Q75560554"
      },
      "geometry": {
        "type": "Point",
        "coordinates": [
          13.3376837,
          52.4858191
        ]
      },
      "id": "node/8245997153"
    },
    {
      "type": "Feature",
      "properties": {
        "@id": "node/8296426661",
        "amenity": "charging_station",
        "capacity": "2",
        "operator": "Allego",
        "operator:wikidata": "Q75560554"
      },
      "geometry": {
        "type": "Point",
        "coordinates": [
          13.4733341,
          52.5049575
        ]
      },
      "id": "node/8296426661"
    },
    {
      "type": "Feature",
      "properties": {
        "@id": "node/8308469957",
        "addr:city": "Berlin",
        "addr:housenumber": "61",
        "addr:postcode": "10719",
        "addr:street": "Uhlandstraße",
        "addr:suburb": "Wilmersdorf",
        "amenity": "charging_station",
        "brand": "ChargePoint",
        "brand:wikidata": "Q5176149",
        "brand:wikipedia": "en:ChargePoint",
        "capacity": "2",
        "fee": "yes",
        "motorcar": "yes",
        "name": "ChargePoint",
        "opening_hours": "24/7",
        "operator": "ChargePoint",
        "operator:wikidata": "Q5176149",
        "operator:wikipedia": "en:ChargePoint"
      },
      "geometry": {
        "type": "Point",
        "coordinates": [
          13.3236065,
          52.4945898
        ]
      },
      "id": "node/8308469957"
    },
    {
      "type": "Feature",
      "properties": {
        "@id": "node/8331346871",
        "amenity": "charging_station",
        "capacity": "1",
        "operator": "E.ON",
        "operator:wikidata": "Q270223"
      },
      "geometry": {
        "type": "Point",
        "coordinates": [
          13.3330159,
          52.5985969
        ]
      },
      "id": "node/8331346871"
    },
    {
      "type": "Feature",
      "properties": {
        "@id": "node/8334502508",
        "amenity": "charging_station",
        "capacity": "2",
        "contact:phone": "+4930233210000",
        "fee": "yes",
        "motorcar": "yes",
        "operator": "Allego",
        "operator:wikidata": "Q75560554",
        "payment:american_express": "yes",
        "payment:bank_transfer": "yes",
        "payment:mastercard": "yes",
        "payment:visa": "yes",
        "ref": "DEALLEGO0001161",
        "socket:type2": "2",
        "socket:type2:output": "11kW"
      },
      "geometry": {
        "type": "Point",
        "coordinates": [
          13.1696072,
          52.5182005
        ]
      },
      "id": "node/8334502508"
    },
    {
      "type": "Feature",
      "properties": {
        "@id": "node/8338635652",
        "addr:housenumber": "4",
        "addr:street": "Havemannstraße",
        "amenity": "charging_station",
        "capacity": "2",
        "opening_hours": "24/7",
        "operator": "Innogie",
        "socket:type2": "2",
        "socket:type2:output": "22 kW"
      },
      "geometry": {
        "type": "Point",
        "coordinates": [
          13.5667843,
          52.5696857
        ]
      },
      "id": "node/8338635652"
    },
    {
      "type": "Feature",
      "properties": {
        "@id": "node/8357647624",
        "amenity": "charging_station",
        "capacity": "1",
        "note": "Laternenladestelle mit Parkplatz",
        "opening_hours": "24/7",
        "operator": "Allego",
        "operator:wikidata": "Q75560554",
        "socket:type2": "1"
      },
      "geometry": {
        "type": "Point",
        "coordinates": [
          13.3379513,
          52.4348267
        ]
      },
      "id": "node/8357647624"
    },
    {
      "type": "Feature",
      "properties": {
        "@id": "node/8358513242",
        "amenity": "charging_station",
        "capacity": "2",
        "operator": "be emobil"
      },
      "geometry": {
        "type": "Point",
        "coordinates": [
          13.3941878,
          52.5308106
        ]
      },
      "id": "node/8358513242"
    },
    {
      "type": "Feature",
      "properties": {
        "@id": "node/8380401829",
        "amenity": "charging_station",
        "capacity": "2",
        "operator": "Berliner Stadtwerke",
        "operator:wikidata": "Q21969102"
      },
      "geometry": {
        "type": "Point",
        "coordinates": [
          13.3168751,
          52.5306521
        ]
      },
      "id": "node/8380401829"
    },
    {
      "type": "Feature",
      "properties": {
        "@id": "node/8402469014",
        "amenity": "charging_station",
        "amperage": "16",
        "capacity": "2",
        "fee": "yes",
        "name": "be emobil Ladesäule",
        "operator": "Allego",
        "operator:wikidata": "Q75560554",
        "socket:type2": "2",
        "voltage": "400"
      },
      "geometry": {
        "type": "Point",
        "coordinates": [
          13.2928541,
          52.4913792
        ]
      },
      "id": "node/8402469014"
    },
    {
      "type": "Feature",
      "properties": {
        "@id": "node/8402484234",
        "amenity": "charging_station",
        "amperage": "16",
        "brand": "ubitricity",
        "brand:wikidata": "Q113699692",
        "capacity": "2",
        "fee": "yes",
        "name": "ubitricity",
        "operator": "ubitricity",
        "operator:wikidata": "Q113699692",
        "socket:type2": "2",
        "voltage": "230"
      },
      "geometry": {
        "type": "Point",
        "coordinates": [
          13.2907964,
          52.4704341
        ]
      },
      "id": "node/8402484234"
    },
    {
      "type": "Feature",
      "properties": {
        "@id": "node/8412548221",
        "amenity": "charging_station",
        "capacity": "2",
        "lit": "yes",
        "maxstay": "1",
        "motorcar": "yes",
        "note": "Parkplätze 23:00-06:30 Uhr reserviert für WeShare",
        "operator": "Lidl",
        "operator:wikidata": "Q151954",
        "operator:wikipedia": "en:Lidl",
        "socket:chademo": "1",
        "socket:chademo:output": "50",
        "socket:type2": "1",
        "socket:type2:output": "43",
        "socket:type2_combo": "1",
        "socket:type2_combo:output": "50"
      },
      "geometry": {
        "type": "Point",
        "coordinates": [
          13.4540225,
          52.4529762
        ]
      },
      "id": "node/8412548221"
    },
    {
      "type": "Feature",
      "properties": {
        "@id": "node/8445848909",
        "amenity": "charging_station",
        "capacity": "2",
        "operator": "be-emobil"
      },
      "geometry": {
        "type": "Point",
        "coordinates": [
          13.4044941,
          52.5487949
        ]
      },
      "id": "node/8445848909"
    },
    {
      "type": "Feature",
      "properties": {
        "@id": "node/8457297286",
        "amenity": "charging_station",
        "bicycle": "no",
        "capacity": "2",
        "charge": "0.39 EUR/kWh",
        "contact:phone": "+49 30 233210000",
        "contact:website": "https://www.allego.eu/de-de/elektromobilisten/ladestation-finden",
        "fee": "yes",
        "motorcar": "yes",
        "opening_hours": "24/7",
        "operator": "Allego",
        "operator:wikidata": "Q75560554",
        "payment:american_express": "yes",
        "payment:mastercard": "yes",
        "payment:sepa": "yes",
        "payment:visa": "yes",
        "payment:vpay": "yes",
        "ref": "DEALLEGO001998",
        "socket:type2": "2",
        "socket:type2:current": "16",
        "socket:type2:output": "11 kW"
      },
      "geometry": {
        "type": "Point",
        "coordinates": [
          13.3841427,
          52.536333
        ]
      },
      "id": "node/8457297286"
    },
    {
      "type": "Feature",
      "properties": {
        "@id": "node/8457793798",
        "amenity": "charging_station",
        "authentication:none": "yes",
        "bicycle": "yes",
        "capacity": "1",
        "fee": "no",
        "motorcar": "yes",
        "opening_hours": "Mo-Sa 08:00-21:00",
        "operator": "EDEKA",
        "operator:wikidata": "Q701755",
        "operator:wikipedia": "de:Edeka",
        "socket:schuko": "2",
        "socket:type2": "2"
      },
      "geometry": {
        "type": "Point",
        "coordinates": [
          13.4480415,
          52.4890723
        ]
      },
      "id": "node/8457793798"
    },
    {
      "type": "Feature",
      "properties": {
        "@id": "node/8461326376",
        "access": "yes",
        "amenity": "charging_station",
        "bicycle": "no",
        "capacity": "2",
        "fee": "yes",
        "operator": "Berliner Stadtwerke",
        "operator:wikidata": "Q21969102",
        "socket:type2": "2",
        "socket:type2:output": "11 kW"
      },
      "geometry": {
        "type": "Point",
        "coordinates": [
          13.3412539,
          52.5297344
        ]
      },
      "id": "node/8461326376"
    },
    {
      "type": "Feature",
      "properties": {
        "@id": "node/8461326377",
        "access": "yes",
        "amenity": "charging_station",
        "bicycle": "no",
        "capacity": "2",
        "fee": "yes",
        "operator": "Allego",
        "operator:wikidata": "Q75560554",
        "socket:type2": "2",
        "socket:type2:output": "11 kW"
      },
      "geometry": {
        "type": "Point",
        "coordinates": [
          13.3410108,
          52.5324571
        ]
      },
      "id": "node/8461326377"
    },
    {
      "type": "Feature",
      "properties": {
        "@id": "node/8463726435",
        "amenity": "charging_station",
        "capacity": "2",
        "operator": "be emobil"
      },
      "geometry": {
        "type": "Point",
        "coordinates": [
          13.4770585,
          52.5370783
        ]
      },
      "id": "node/8463726435"
    },
    {
      "type": "Feature",
      "properties": {
        "@id": "node/8464297665",
        "amenity": "charging_station",
        "capacity": "3",
        "operator": "e-mobility Lidl"
      },
      "geometry": {
        "type": "Point",
        "coordinates": [
          13.4685956,
          52.5460422
        ]
      },
      "id": "node/8464297665"
    },
    {
      "type": "Feature",
      "properties": {
        "@id": "node/8506530912",
        "amenity": "charging_station",
        "bicycle": "no",
        "capacity": "2",
        "operator": "Allego",
        "operator:wikidata": "Q75560554"
      },
      "geometry": {
        "type": "Point",
        "coordinates": [
          13.3616365,
          52.5493427
        ]
      },
      "id": "node/8506530912"
    },
    {
      "type": "Feature",
      "properties": {
        "@id": "node/8506543522",
        "amenity": "charging_station",
        "bicycle": "no",
        "capacity": "2",
        "operator": "Allego",
        "operator:wikidata": "Q75560554"
      },
      "geometry": {
        "type": "Point",
        "coordinates": [
          13.358505,
          52.54979
        ]
      },
      "id": "node/8506543522"
    },
    {
      "type": "Feature",
      "properties": {
        "@id": "node/8511248134",
        "amenity": "charging_station",
        "authentication:app": "yes",
        "authentication:nfc": "yes",
        "capacity": "2",
        "contact:phone": "+49 30 233210000",
        "contact:website": "https://www.allego.eu/de-de/elektromobilisten/ladestation-finden",
        "fee": "yes",
        "motorcar": "yes",
        "opening_hours": "24/7",
        "operator": "Allego",
        "operator:wikidata": "Q75560554",
        "parking:fee": "no",
        "ref": "DEALLEGO002063",
        "socket:type2": "2",
        "socket:type2:output": "11 kW"
      },
      "geometry": {
        "type": "Point",
        "coordinates": [
          13.380735,
          52.4746308
        ]
      },
      "id": "node/8511248134"
    },
    {
      "type": "Feature",
      "properties": {
        "@id": "node/8567312295",
        "access": "customers",
        "addr:city": "Berlin",
        "addr:country": "DE",
        "addr:housenumber": "1-25",
        "addr:postcode": "10829",
        "addr:street": "EUREF-Campus",
        "amenity": "charging_station",
        "brand": "Tesla Supercharger",
        "brand:wikidata": "Q17089620",
        "capacity": "12",
        "fee": "yes",
        "name": "Berlin - EUREF-Campus Supercharger",
        "opening_hours": "24/7",
        "operator": "Tesla",
        "operator:wikidata": "Q478214",
        "operator:wikipedia": "en:Tesla, Inc.",
        "ref:tesla": "berlineurefcampussupercharger",
        "short_name": "Tesla",
        "socket:tesla_supercharger_ccs": "12",
        "socket:tesla_supercharger_ccs:output": "250 kW",
        "socket:type2_combo": "12",
        "socket:type2_combo:output": "250 kW",
        "website": "https://www.tesla.com/findus/location/supercharger/berlineurefcampussupercharger"
      },
      "geometry": {
        "type": "Point",
        "coordinates": [
          13.3559366,
          52.4808995
        ]
      },
      "id": "node/8567312295"
    },
    {
      "type": "Feature",
      "properties": {
        "@id": "node/8613425629",
        "amenity": "charging_station",
        "capacity": "2",
        "operator": "be emobil"
      },
      "geometry": {
        "type": "Point",
        "coordinates": [
          13.3422203,
          52.5177262
        ]
      },
      "id": "node/8613425629"
    },
    {
      "type": "Feature",
      "properties": {
        "@id": "node/8613439954",
        "access": "yes",
        "amenity": "charging_station",
        "capacity": "3",
        "opening_hours": "24/7",
        "operator": "Deutsche Telekom",
        "operator:wikidata": "Q9396"
      },
      "geometry": {
        "type": "Point",
        "coordinates": [
          13.3076148,
          52.5286389
        ]
      },
      "id": "node/8613439954"
    },
    {
      "type": "Feature",
      "properties": {
        "@id": "node/8637837085",
        "amenity": "charging_station",
        "brand": "ubitricity",
        "brand:wikidata": "Q113699692",
        "capacity": "3,7kW, 16A",
        "name": "ubitricity",
        "operator": "ubitricity",
        "operator:wikidata": "Q113699692"
      },
      "geometry": {
        "type": "Point",
        "coordinates": [
          13.5967547,
          52.5416582
        ]
      },
      "id": "node/8637837085"
    },
    {
      "type": "Feature",
      "properties": {
        "@id": "node/8639998716",
        "amenity": "charging_station",
        "capacity": "2",
        "operator": "Allego",
        "operator:wikidata": "Q75560554",
        "wheelchair": "no"
      },
      "geometry": {
        "type": "Point",
        "coordinates": [
          13.4223468,
          52.5309448
        ]
      },
      "id": "node/8639998716"
    },
    {
      "type": "Feature",
      "properties": {
        "@id": "node/8648185186",
        "amenity": "charging_station",
        "capacity": "3",
        "motorcar": "yes",
        "opening_hours": "24/7",
        "operator": "Kaufland Dienstleistung GmbH & Co. KG",
        "socket:chademo": "1",
        "socket:type2_combo": "1"
      },
      "geometry": {
        "type": "Point",
        "coordinates": [
          13.4571288,
          52.5340093
        ]
      },
      "id": "node/8648185186"
    },
    {
      "type": "Feature",
      "properties": {
        "@id": "node/8653903716",
        "access": "customers",
        "amenity": "charging_station",
        "capacity": "2",
        "operator": "Lidl",
        "operator:wikidata": "Q151954",
        "operator:wikipedia": "en:Lidl",
        "socket:chademo": "1",
        "socket:chademo:output": "50 kW",
        "socket:type2_cable": "1",
        "socket:type2_cable:output": "22 kW",
        "socket:type2_combo": "1",
        "socket:type2_combo:output": "50 kW"
      },
      "geometry": {
        "type": "Point",
        "coordinates": [
          13.5610909,
          52.4920652
        ]
      },
      "id": "node/8653903716"
    },
    {
      "type": "Feature",
      "properties": {
        "@id": "node/8658890772",
        "amenity": "charging_station",
        "capacity": "2",
        "charge": "0.38 EUR/kWh",
        "contact:phone": "+49 30 233210000",
        "contact:website": "https://www.allego.eu/de-de/elektromobilisten/ladestation-finden",
        "fee": "yes",
        "motorcar": "yes",
        "opening_hours": "24/7",
        "operator": "Allego",
        "operator:wikidata": "Q75560554",
        "payment:american_express": "yes",
        "payment:mastercard": "yes",
        "payment:sepa": "yes",
        "payment:visa": "yes",
        "payment:vpay": "yes",
        "ref": "DEALLEGO0020531",
        "socket:type2": "2",
        "socket:type2:current": "16",
        "socket:type2:output": "11 kW"
      },
      "geometry": {
        "type": "Point",
        "coordinates": [
          13.4303357,
          52.5472987
        ]
      },
      "id": "node/8658890772"
    },
    {
      "type": "Feature",
      "properties": {
        "@id": "node/8658890773",
        "amenity": "charging_station",
        "bicycle": "no",
        "capacity": "2",
        "charge": "0.38 EUR/kWh",
        "contact:phone": "+49 30 233210000",
        "contact:website": "https://www.allego.eu/de-de/elektromobilisten/ladestation-finden",
        "fee": "yes",
        "motorcar": "yes",
        "opening_hours": "24/7",
        "operator": "Allego",
        "operator:wikidata": "Q75560554",
        "payment:american_express": "yes",
        "payment:mastercard": "yes",
        "payment:sepa": "yes",
        "payment:visa": "yes",
        "payment:vpay": "yes",
        "ref": "DEALLEGO0019202",
        "socket:type2": "2",
        "socket:type2:current": "16",
        "socket:type2:output": "11 kW"
      },
      "geometry": {
        "type": "Point",
        "coordinates": [
          13.4258168,
          52.5486944
        ]
      },
      "id": "node/8658890773"
    },
    {
      "type": "Feature",
      "properties": {
        "@id": "node/8658890774",
        "amenity": "charging_station",
        "capacity": "2",
        "charge": "0.38 EUR/kWh",
        "contact:phone": "+49 30 233210000",
        "contact:website": "https://www.allego.eu/de-de/elektromobilisten/ladestation-finden",
        "fee": "yes",
        "motorcar": "yes",
        "opening_hours": "24/7",
        "operator": "Allego",
        "operator:wikidata": "Q75560554",
        "payment:american_express": "yes",
        "payment:mastercard": "yes",
        "payment:sepa": "yes",
        "payment:visa": "yes",
        "payment:vpay": "yes",
        "ref": "DEALLEGO0019782",
        "socket:type2": "2",
        "socket:type2:current": "16",
        "socket:type2:output": "11 kW"
      },
      "geometry": {
        "type": "Point",
        "coordinates": [
          13.4240701,
          52.553211
        ]
      },
      "id": "node/8658890774"
    },
    {
      "type": "Feature",
      "properties": {
        "@id": "node/8676855877",
        "amenity": "charging_station",
        "capacity": "2",
        "covered": "no",
        "fee": "yes",
        "operator": "Lidl",
        "operator:wikidata": "Q151954",
        "operator:wikipedia": "en:Lidl"
      },
      "geometry": {
        "type": "Point",
        "coordinates": [
          13.3698478,
          52.5490279
        ]
      },
      "id": "node/8676855877"
    },
    {
      "type": "Feature",
      "properties": {
        "@id": "node/8686567376",
        "amenity": "charging_station",
        "capacity": "50",
        "fee": "no",
        "operator": "Kaufland",
        "operator:wikidata": "Q685967",
        "operator:wikipedia": "de:Kaufland"
      },
      "geometry": {
        "type": "Point",
        "coordinates": [
          13.3672085,
          52.4617053
        ]
      },
      "id": "node/8686567376"
    },
    {
      "type": "Feature",
      "properties": {
        "@id": "node/8688168727",
        "access": "yes",
        "amenity": "charging_station",
        "capacity": "2",
        "covered": "no",
        "operator": "Allego",
        "operator:wikidata": "Q75560554"
      },
      "geometry": {
        "type": "Point",
        "coordinates": [
          13.2926579,
          52.5916135
        ]
      },
      "id": "node/8688168727"
    },
    {
      "type": "Feature",
      "properties": {
        "@id": "node/8690279256",
        "access": "yes",
        "amenity": "charging_station",
        "capacity": "50",
        "charge": "0,50 € pro geladene Kilowattstunde und 1 € für jeden gestarteten Ladevorgang",
        "fee": "yes",
        "name": "GSG Parkstrom",
        "operator": "GSG",
        "payment:Giro-e": "yes",
        "payment:Ladekarte": "yes",
        "payment:app": "yes",
        "payment:qr_code": "yes",
        "source": "https://parkstrom.de/gsg/"
      },
      "geometry": {
        "type": "Point",
        "coordinates": [
          13.3900145,
          52.5422565
        ]
      },
      "id": "node/8690279256"
    },
    {
      "type": "Feature",
      "properties": {
        "@id": "node/8690279257",
        "access": "yes",
        "amenity": "charging_station",
        "capacity": "11",
        "charge": "AC-Ladestrom 0,40 € pro geladene Kilowattstunde und 0,50 € für jeden gestarteten Ladevorgang",
        "fee": "yes",
        "name": "GSG Parkstrom",
        "operator": "GSG",
        "payment:Giro-e": "yes",
        "payment:Ladekarte": "yes",
        "payment:app": "yes",
        "payment:qr_code": "yes",
        "source": "https://parkstrom.de/gsg/"
      },
      "geometry": {
        "type": "Point",
        "coordinates": [
          13.3900977,
          52.5422649
        ]
      },
      "id": "node/8690279257"
    },
    {
      "type": "Feature",
      "properties": {
        "@id": "node/8697036343",
        "amenity": "charging_station",
        "bicycle": "no",
        "capacity": "2",
        "operator": "Allego",
        "operator:wikidata": "Q75560554"
      },
      "geometry": {
        "type": "Point",
        "coordinates": [
          13.3195686,
          52.4960158
        ]
      },
      "id": "node/8697036343"
    },
    {
      "type": "Feature",
      "properties": {
        "@id": "node/8732336556",
        "access": "customers",
        "amenity": "charging_station",
        "capacity": "4",
        "operator": "Mercedes-Benz",
        "operator:wikidata": "Q36008"
      },
      "geometry": {
        "type": "Point",
        "coordinates": [
          13.3820479,
          52.5702776
        ]
      },
      "id": "node/8732336556"
    },
    {
      "type": "Feature",
      "properties": {
        "@id": "node/8775512429",
        "amenity": "charging_station",
        "capacity": "2",
        "operator": "Allego",
        "operator:wikidata": "Q75560554"
      },
      "geometry": {
        "type": "Point",
        "coordinates": [
          13.425159,
          52.4858531
        ]
      },
      "id": "node/8775512429"
    },
    {
      "type": "Feature",
      "properties": {
        "@id": "node/8816074327",
        "access": "yes",
        "amenity": "charging_station",
        "capacity": "2",
        "fee": "yes",
        "operator": "E.ON",
        "operator:wikidata": "Q270223",
        "socket:type2_combo": "2"
      },
      "geometry": {
        "type": "Point",
        "coordinates": [
          13.277195,
          52.501796
        ]
      },
      "id": "node/8816074327"
    },
    {
      "type": "Feature",
      "properties": {
        "@id": "node/8881562194",
        "amenity": "charging_station",
        "capacity": "1",
        "direction": "320",
        "fee": "yes",
        "highway": "street_lamp",
        "operator": "Berliner Stadtwerke",
        "operator:wikidata": "Q21969102",
        "socket:type2": "1",
        "socket:type2:output": "3.7kW"
      },
      "geometry": {
        "type": "Point",
        "coordinates": [
          13.3452027,
          52.546632
        ]
      },
      "id": "node/8881562194"
    },
    {
      "type": "Feature",
      "properties": {
        "@id": "node/8883085433",
        "amenity": "charging_station",
        "capacity": "3",
        "fee": "no",
        "operator": "Lidl",
        "operator:wikidata": "Q151954",
        "operator:wikipedia": "en:Lidl",
        "parking:fee": "no",
        "socket:chademo": "1",
        "socket:chademo:output": "50kW",
        "socket:type2": "1",
        "socket:type2:output": "43kW",
        "socket:type2_combo": "1",
        "socket:type2_combo:output": "50kW"
      },
      "geometry": {
        "type": "Point",
        "coordinates": [
          13.3523961,
          52.4405543
        ]
      },
      "id": "node/8883085433"
    },
    {
      "type": "Feature",
      "properties": {
        "@id": "node/8883290534",
        "access": "yes",
        "amenity": "charging_station",
        "bicycle": "no",
        "capacity": "2",
        "charge": "0.39 EUR/kWh",
        "fee": "yes",
        "motorcar": "yes",
        "opening_hours": "24/7",
        "operator": "Allego",
        "operator:wikidata": "Q75560554",
        "socket:type2": "2",
        "socket:type2:output": "11 kW"
      },
      "geometry": {
        "type": "Point",
        "coordinates": [
          13.3499255,
          52.5346175
        ]
      },
      "id": "node/8883290534"
    },
    {
      "type": "Feature",
      "properties": {
        "@id": "node/8883290535",
        "access": "yes",
        "amenity": "charging_station",
        "bicycle": "no",
        "capacity": "2",
        "charge": "0.39 EUR/kWh",
        "fee": "yes",
        "opening_hours": "24/7",
        "operator": "Allego",
        "operator:wikidata": "Q75560554",
        "payment:american_express": "yes",
        "payment:maestro": "yes",
        "payment:mastercard": "yes",
        "payment:sepa": "yes",
        "payment:visa": "yes",
        "socket:type2": "2",
        "socket:type2:output": "11 kW"
      },
      "geometry": {
        "type": "Point",
        "coordinates": [
          13.3470306,
          52.5344854
        ]
      },
      "id": "node/8883290535"
    },
    {
      "type": "Feature",
      "properties": {
        "@id": "node/8883290536",
        "access": "yes",
        "amenity": "charging_station",
        "bicycle": "no",
        "capacity": "2",
        "charge": "0.39 EUR/kWh",
        "fee": "yes",
        "operator": "Allego",
        "operator:wikidata": "Q75560554",
        "payment:american_express": "yes",
        "payment:maestro": "yes",
        "payment:mastercard": "yes",
        "payment:sepa": "yes",
        "payment:visa": "yes",
        "socket:type2": "2",
        "socket:type2:output": "11 kW",
        "wheelchair": "yes"
      },
      "geometry": {
        "type": "Point",
        "coordinates": [
          13.3392456,
          52.526785
        ]
      },
      "id": "node/8883290536"
    },
    {
      "type": "Feature",
      "properties": {
        "@id": "node/8887275379",
        "amenity": "charging_station",
        "bicycle": "no",
        "capacity": "2",
        "operator": "Berliner Stadtwerke",
        "socket:type2": "2",
        "socket:type2:output": "11 kW"
      },
      "geometry": {
        "type": "Point",
        "coordinates": [
          13.2795302,
          52.5087139
        ]
      },
      "id": "node/8887275379"
    },
    {
      "type": "Feature",
      "properties": {
        "@id": "node/8928338714",
        "amenity": "charging_station",
        "authentication:app": "yes",
        "authentication:membership_card": "yes",
        "capacity": "1",
        "highway": "street_lamp",
        "lamp_mount": "bent_mast",
        "lamp_type": "electric",
        "network": "be emobil",
        "opening_hours": "24/7",
        "operator": "Allego",
        "operator:wikidata": "Q75560554",
        "ref": "DEALLEGO0040171",
        "socket:type2": "1",
        "socket:type2:output": "3.7 kW"
      },
      "geometry": {
        "type": "Point",
        "coordinates": [
          13.2832389,
          52.4844975
        ]
      },
      "id": "node/8928338714"
    },
    {
      "type": "Feature",
      "properties": {
        "@id": "node/8946274914",
        "amenity": "charging_station",
        "authentication:membership_card": "yes",
        "bicycle": "no",
        "capacity": "2",
        "fee": "yes",
        "motorcar": "yes",
        "operator": "Allego",
        "operator:wikidata": "Q75560554",
        "socket:type2": "2",
        "socket:type2:output": "11 kW"
      },
      "geometry": {
        "type": "Point",
        "coordinates": [
          13.3165171,
          52.475648
        ]
      },
      "id": "node/8946274914"
    },
    {
      "type": "Feature",
      "properties": {
        "@id": "node/8946275753",
        "amenity": "charging_station",
        "authentication:membership_card": "yes",
        "capacity": "2",
        "fee": "yes",
        "motorcar": "yes",
        "operator": "Allego",
        "operator:wikidata": "Q75560554",
        "socket:type2": "2",
        "socket:type2:output": "11 kW"
      },
      "geometry": {
        "type": "Point",
        "coordinates": [
          13.3081051,
          52.472162
        ]
      },
      "id": "node/8946275753"
    },
    {
      "type": "Feature",
      "properties": {
        "@id": "node/8946290113",
        "amenity": "charging_station",
        "authentication:membership_card": "yes",
        "bicycle": "no",
        "capacity": "2",
        "fee": "yes",
        "motorcar": "yes",
        "operator": "Allego",
        "operator:wikidata": "Q75560554",
        "socket:type2": "2",
        "socket:type2:output": "11 kW",
        "wheelchair": "limited"
      },
      "geometry": {
        "type": "Point",
        "coordinates": [
          13.3142642,
          52.474066
        ]
      },
      "id": "node/8946290113"
    },
    {
      "type": "Feature",
      "properties": {
        "@id": "node/8964330502",
        "access:conditional": "yes @ (Mo-Sa 07:00-22:00)",
        "amenity": "charging_station",
        "bicycle": "no",
        "capacity": "2",
        "operator": "Lidl",
        "operator:wikidata": "Q151954"
      },
      "geometry": {
        "type": "Point",
        "coordinates": [
          13.3004384,
          52.5033625
        ]
      },
      "id": "node/8964330502"
    },
    {
      "type": "Feature",
      "properties": {
        "@id": "node/9001542874",
        "access": "customers",
        "amenity": "charging_station",
        "capacity": "2",
        "description": "1x CCS 50kW 1x ChaDeMo 44kW 3x Typ 2 22kW",
        "fee": "yes",
        "name": "Hornbach Ladestation",
        "operator": "Hornbach",
        "payment:cards": "yes",
        "payment:contactless": "yes"
      },
      "geometry": {
        "type": "Point",
        "coordinates": [
          13.5459551,
          52.3988184
        ]
      },
      "id": "node/9001542874"
    },
    {
      "type": "Feature",
      "properties": {
        "@id": "node/9001551206",
        "access": "yes",
        "amenity": "charging_station",
        "capacity": "2",
        "description": "2x Typ 2 22kW + 2x Schuko",
        "fee": "no",
        "name": "Edeka Ladestation",
        "operator": "EDEKA",
        "operator:wikidata": "Q701755",
        "operator:wikipedia": "de:Edeka"
      },
      "geometry": {
        "type": "Point",
        "coordinates": [
          13.5239926,
          52.4024566
        ]
      },
      "id": "node/9001551206"
    },
    {
      "type": "Feature",
      "properties": {
        "@id": "node/9001570837",
        "access": "yes",
        "amenity": "charging_station",
        "capacity": "2",
        "description": "1x CCS 50kW 1x ChaDeMo 50kW 1x Typ 2 22kW",
        "fee": "no",
        "name": "Lidl Ladestation",
        "operator": "Lidl",
        "operator:wikidata": "Q151954",
        "operator:wikipedia": "en:Lidl"
      },
      "geometry": {
        "type": "Point",
        "coordinates": [
          13.4615064,
          52.4839672
        ]
      },
      "id": "node/9001570837"
    },
    {
      "type": "Feature",
      "properties": {
        "@id": "node/9001581012",
        "amenity": "charging_station",
        "authentication:app": "yes",
        "authentication:membership_card": "yes",
        "capacity": "2",
        "description": "von 23:00 bis 06:30 für WeShare reserviert",
        "fee": "yes",
        "motorcar": "yes",
        "opening_hours": "06:30-23:00",
        "operator": "Lidl",
        "operator:wikidata": "Q151954",
        "operator:wikipedia": "en:Lidl",
        "ref:EU:EVSE": "DE*LDL*E00005500;DE*LDL*E00005501;DE*LDL*E00005502",
        "socket:chademo": "1",
        "socket:chademo:output": "50 kW",
        "socket:type2_cable": "1",
        "socket:type2_cable:output": "22 kW",
        "socket:type2_combo": "1",
        "socket:type2_combo:output": "50 kW"
      },
      "geometry": {
        "type": "Point",
        "coordinates": [
          13.4880884,
          52.4646101
        ]
      },
      "id": "node/9001581012"
    },
    {
      "type": "Feature",
      "properties": {
        "@id": "node/9002051631",
        "amenity": "charging_station",
        "amperage": "63",
        "bicycle": "no",
        "brand": "Siemens Sicharge CC AC22 ERK",
        "capacity": "4",
        "check_date": "2021-12-08",
        "name": "Jelbi",
        "network": "Jelbi",
        "network:wikidata": "Q110948933",
        "opening_hours": "24/7",
        "operator": "Berliner Verkehrsbetriebe",
        "operator:short": "BVG",
        "socket:type2": "2",
        "voltage": "400",
        "website": "https://www.jelbi.de/"
      },
      "geometry": {
        "type": "Point",
        "coordinates": [
          13.5608712,
          52.5058872
        ]
      },
      "id": "node/9002051631"
    },
    {
      "type": "Feature",
      "properties": {
        "@id": "node/9026791253",
        "amenity": "charging_station",
        "capacity": "2",
        "socket:type2:output": "22 kW"
      },
      "geometry": {
        "type": "Point",
        "coordinates": [
          13.537821,
          52.4270242
        ]
      },
      "id": "node/9026791253"
    },
    {
      "type": "Feature",
      "properties": {
        "@id": "node/9028680173",
        "amenity": "charging_station",
        "bicycle": "no",
        "capacity": "2",
        "motorcar": "yes",
        "opening_hours": "24/7",
        "operator": "BVG"
      },
      "geometry": {
        "type": "Point",
        "coordinates": [
          13.4493843,
          52.5272368
        ]
      },
      "id": "node/9028680173"
    },
    {
      "type": "Feature",
      "properties": {
        "@id": "node/9028680174",
        "amenity": "charging_station",
        "bicycle": "no",
        "capacity": "2",
        "motorcar": "yes",
        "opening_hours": "24/7",
        "operator": "BVG"
      },
      "geometry": {
        "type": "Point",
        "coordinates": [
          13.4493555,
          52.5272798
        ]
      },
      "id": "node/9028680174"
    },
    {
      "type": "Feature",
      "properties": {
        "@id": "node/9028680189",
        "amenity": "charging_station",
        "bicycle": "no",
        "capacity": "2",
        "motorcar": "yes",
        "opening_hours": "24/7",
        "operator": "Allego",
        "operator:wikidata": "Q75560554"
      },
      "geometry": {
        "type": "Point",
        "coordinates": [
          13.4494511,
          52.5271532
        ]
      },
      "id": "node/9028680189"
    },
    {
      "type": "Feature",
      "properties": {
        "@id": "node/9067210129",
        "amenity": "charging_station",
        "capacity": "6",
        "opening_hours": "24/7",
        "operator": "Jelbi",
        "small_electric_vehicle": "yes"
      },
      "geometry": {
        "type": "Point",
        "coordinates": [
          13.4077431,
          52.4985934
        ]
      },
      "id": "node/9067210129"
    },
    {
      "type": "Feature",
      "properties": {
        "@id": "node/9067210150",
        "amenity": "charging_station",
        "capacity": "2",
        "motorcar": "yes",
        "opening_hours": "24/7",
        "operator": "Jelbi"
      },
      "geometry": {
        "type": "Point",
        "coordinates": [
          13.4078824,
          52.4987113
        ]
      },
      "id": "node/9067210150"
    },
    {
      "type": "Feature",
      "properties": {
        "@id": "node/9067210151",
        "access": "customers",
        "amenity": "charging_station",
        "capacity": "2",
        "motorcar": "yes",
        "opening_hours": "24/7",
        "operator": "Jelbi"
      },
      "geometry": {
        "type": "Point",
        "coordinates": [
          13.4079505,
          52.498711
        ]
      },
      "id": "node/9067210151"
    },
    {
      "type": "Feature",
      "properties": {
        "@id": "node/9120578821",
        "amenity": "charging_station",
        "capacity": "2",
        "name": "Schnellladestation",
        "opening_hours": "24/7",
        "operator": "Shell Recharge Solutions",
        "operator:wikidata": "Q105883058",
        "socket:chademo": "2",
        "socket:type2_combo": "2"
      },
      "geometry": {
        "type": "Point",
        "coordinates": [
          13.3093612,
          52.5678601
        ]
      },
      "id": "node/9120578821"
    },
    {
      "type": "Feature",
      "properties": {
        "@id": "node/9121543490",
        "amenity": "charging_station",
        "capacity": "2",
        "operator": "be emobil",
        "socket:type2": "2"
      },
      "geometry": {
        "type": "Point",
        "coordinates": [
          13.4002753,
          52.4900673
        ]
      },
      "id": "node/9121543490"
    },
    {
      "type": "Feature",
      "properties": {
        "@id": "node/9121601571",
        "amenity": "charging_station",
        "capacity": "2",
        "motorcar": "yes",
        "operator": "be emobil",
        "socket:type2": "2"
      },
      "geometry": {
        "type": "Point",
        "coordinates": [
          13.3994801,
          52.504874
        ]
      },
      "id": "node/9121601571"
    },
    {
      "type": "Feature",
      "properties": {
        "@id": "node/9121601572",
        "access": "yes",
        "amenity": "charging_station",
        "bicycle": "no",
        "bus": "no",
        "capacity": "2",
        "hgv": "no",
        "motorcar": "yes",
        "operator": "be emobil",
        "scooter": "no",
        "socket:type2": "2"
      },
      "geometry": {
        "type": "Point",
        "coordinates": [
          13.3902705,
          52.4898562
        ]
      },
      "id": "node/9121601572"
    },
    {
      "type": "Feature",
      "properties": {
        "@id": "node/9121601573",
        "amenity": "charging_station",
        "capacity": "2",
        "motor_vehicle": "yes",
        "operator": "be emobil",
        "socket:type2": "2"
      },
      "geometry": {
        "type": "Point",
        "coordinates": [
          13.3964755,
          52.4871865
        ]
      },
      "id": "node/9121601573"
    },
    {
      "type": "Feature",
      "properties": {
        "@id": "node/9121626186",
        "amenity": "charging_station",
        "capacity": "2",
        "operator": "be emobil",
        "socket:type2": "2"
      },
      "geometry": {
        "type": "Point",
        "coordinates": [
          13.288007,
          52.4968551
        ]
      },
      "id": "node/9121626186"
    },
    {
      "type": "Feature",
      "properties": {
        "@id": "node/9121626187",
        "amenity": "charging_station",
        "capacity": "2",
        "operator": "be emobil",
        "socket:type2": "2"
      },
      "geometry": {
        "type": "Point",
        "coordinates": [
          13.2858384,
          52.496055
        ]
      },
      "id": "node/9121626187"
    },
    {
      "type": "Feature",
      "properties": {
        "@id": "node/9147891179",
        "amenity": "charging_station",
        "operator": "Lidl",
        "operator:wikidata": "Q151954",
        "operator:wikipedia": "en:Lidl"
      },
      "geometry": {
        "type": "Point",
        "coordinates": [
          13.4350187,
          52.4264047
        ]
      },
      "id": "node/9147891179"
    },
    {
      "type": "Feature",
      "properties": {
        "@id": "node/9168210988",
        "access": "yes",
        "amenity": "charging_station",
        "covered": "no"
      },
      "geometry": {
        "type": "Point",
        "coordinates": [
          13.4045135,
          52.5095449
        ]
      },
      "id": "node/9168210988"
    },
    {
      "type": "Feature",
      "properties": {
        "@id": "node/9187409010",
        "access": "private",
        "amenity": "charging_station",
        "capacity": "2",
        "motorcar": "yes",
        "operator": "TU Berlin"
      },
      "geometry": {
        "type": "Point",
        "coordinates": [
          13.3264415,
          52.5116635
        ]
      },
      "id": "node/9187409010"
    },
    {
      "type": "Feature",
      "properties": {
        "@id": "node/9355794304",
        "amenity": "charging_station",
        "capacity": "2",
        "operator": "Berliner Stadtwerke",
        "operator:wikidata": "Q21969102",
        "parking:left": "lane",
        "parking:left:fee": "no",
        "parking:left:maxstay": "yes",
        "parking:left:orientation": "parallel",
        "parking:right": "separate",
        "socket:type2": "2"
      },
      "geometry": {
        "type": "Point",
        "coordinates": [
          13.1950388,
          52.431124
        ]
      },
      "id": "node/9355794304"
    },
    {
      "type": "Feature",
      "properties": {
        "@id": "node/9358453921",
        "amenity": "charging_station",
        "bicycle": "no",
        "capacity": "1",
        "fee": "yes",
        "operator": "Allego",
        "operator:wikidata": "Q75560554",
        "output": "11",
        "ref": "DEALLEGO0021072",
        "ref:EU:EVSE": "DE*BSW*E603609*609",
        "socket:type2": "1"
      },
      "geometry": {
        "type": "Point",
        "coordinates": [
          13.4401752,
          52.5230477
        ]
      },
      "id": "node/9358453921"
    },
    {
      "type": "Feature",
      "properties": {
        "@id": "node/9358453922",
        "amenity": "charging_station",
        "bicycle": "no",
        "capacity": "1",
        "fee": "yes",
        "operator": "Allego",
        "operator:wikidata": "Q75560554",
        "output": "11",
        "ref": "DEALLEGO0021071",
        "ref:EU:EVSE": "DE*BSW*E603608*608",
        "socket:type2": "1"
      },
      "geometry": {
        "type": "Point",
        "coordinates": [
          13.4401809,
          52.5230422
        ]
      },
      "id": "node/9358453922"
    },
    {
      "type": "Feature",
      "properties": {
        "@id": "node/9369950769",
        "amenity": "charging_station",
        "capacity": "2",
        "operator": "2",
        "socket:type2": "2"
      },
      "geometry": {
        "type": "Point",
        "coordinates": [
          13.2879624,
          52.457889
        ]
      },
      "id": "node/9369950769"
    },
    {
      "type": "Feature",
      "properties": {
        "@id": "node/9423593619",
        "amenity": "charging_station",
        "bicycle": "no",
        "capacity": "2",
        "motorcar": "yes",
        "name": "Allego (Ladestation)",
        "operator": "Allego",
        "operator:wikidata": "Q75560554"
      },
      "geometry": {
        "type": "Point",
        "coordinates": [
          13.4598314,
          52.547306
        ]
      },
      "id": "node/9423593619"
    },
    {
      "type": "Feature",
      "properties": {
        "@id": "node/9425715686",
        "amenity": "charging_station",
        "capacity": "2",
        "fee": "yes",
        "operator": "Allego",
        "operator:wikidata": "Q75560554"
      },
      "geometry": {
        "type": "Point",
        "coordinates": [
          13.3266855,
          52.4912572
        ]
      },
      "id": "node/9425715686"
    },
    {
      "type": "Feature",
      "properties": {
        "@id": "node/9425748052",
        "amenity": "charging_station",
        "capacity": "2",
        "name": "Allego Charging Station",
        "operator": "Allego",
        "operator:wikidata": "Q75560554"
      },
      "geometry": {
        "type": "Point",
        "coordinates": [
          13.3301651,
          52.4932315
        ]
      },
      "id": "node/9425748052"
    },
    {
      "type": "Feature",
      "properties": {
        "@id": "node/9461677797",
        "amenity": "charging_station",
        "capacity": "2",
        "motorcar": "yes",
        "opening_hours": "24/7"
      },
      "geometry": {
        "type": "Point",
        "coordinates": [
          13.4099484,
          52.4945593
        ]
      },
      "id": "node/9461677797"
    },
    {
      "type": "Feature",
      "properties": {
        "@id": "node/9461677798",
        "amenity": "charging_station",
        "capacity": "2",
        "motorcar": "yes",
        "opening_hours": "24/7"
      },
      "geometry": {
        "type": "Point",
        "coordinates": [
          13.410012,
          52.4945417
        ]
      },
      "id": "node/9461677798"
    },
    {
      "type": "Feature",
      "properties": {
        "@id": "node/9461677799",
        "amenity": "charging_station",
        "capacity": "2",
        "motorcar": "yes",
        "opening_hours": "24/7"
      },
      "geometry": {
        "type": "Point",
        "coordinates": [
          13.4100808,
          52.4945242
        ]
      },
      "id": "node/9461677799"
    },
    {
      "type": "Feature",
      "properties": {
        "@id": "node/9461677800",
        "amenity": "charging_station",
        "capacity": "2",
        "motorcar": "yes",
        "opening_hours": "24/7"
      },
      "geometry": {
        "type": "Point",
        "coordinates": [
          13.4098857,
          52.4945739
        ]
      },
      "id": "node/9461677800"
    },
    {
      "type": "Feature",
      "properties": {
        "@id": "node/9520073428",
        "access": "yes",
        "amenity": "charging_station",
        "amperage": "16",
        "authentication:membership_card": "yes",
        "capacity": "2",
        "fee": "yes",
        "operator": "Allego",
        "operator:wikidata": "Q75560554",
        "ref": "DEALLEGO001130",
        "socket:type2": "2"
      },
      "geometry": {
        "type": "Point",
        "coordinates": [
          13.3360619,
          52.4714442
        ]
      },
      "id": "node/9520073428"
    },
    {
      "type": "Feature",
      "properties": {
        "@id": "node/9525700650",
        "access": "private",
        "amenity": "charging_station",
        "capacity": "2",
        "covered": "no",
        "fee": "no"
      },
      "geometry": {
        "type": "Point",
        "coordinates": [
          13.4048815,
          52.5248622
        ]
      },
      "id": "node/9525700650"
    },
    {
      "type": "Feature",
      "properties": {
        "@id": "node/9532531253",
        "amenity": "charging_station",
        "bicycle": "no",
        "capacity": "2",
        "operator": "Allego",
        "operator:wikidata": "Q75560554"
      },
      "geometry": {
        "type": "Point",
        "coordinates": [
          13.3711553,
          52.560499
        ]
      },
      "id": "node/9532531253"
    },
    {
      "type": "Feature",
      "properties": {
        "@id": "node/9606364144",
        "amenity": "charging_station",
        "capacity": "2",
        "operator": "be emobil",
        "socket:type2": "2"
      },
      "geometry": {
        "type": "Point",
        "coordinates": [
          13.3037903,
          52.4749993
        ]
      },
      "id": "node/9606364144"
    },
    {
      "type": "Feature",
      "properties": {
        "@id": "node/9624710303",
        "amenity": "charging_station",
        "capacity": "6"
      },
      "geometry": {
        "type": "Point",
        "coordinates": [
          13.5001873,
          52.6263538
        ]
      },
      "id": "node/9624710303"
    },
    {
      "type": "Feature",
      "properties": {
        "@id": "node/9633283244",
        "access": "private",
        "amenity": "charging_station",
        "capacity": "1"
      },
      "geometry": {
        "type": "Point",
        "coordinates": [
          13.3496536,
          52.576284
        ]
      },
      "id": "node/9633283244"
    },
    {
      "type": "Feature",
      "properties": {
        "@id": "node/9642534844",
        "amenity": "charging_station",
        "capacity": "1",
        "operator": "be emobil"
      },
      "geometry": {
        "type": "Point",
        "coordinates": [
          13.3427657,
          52.4840998
        ]
      },
      "id": "node/9642534844"
    },
    {
      "type": "Feature",
      "properties": {
        "@id": "node/9646692779",
        "amenity": "charging_station",
        "capacity": "2",
        "operator": "Allego",
        "operator:wikidata": "Q75560554",
        "source": "survey",
        "survey:date": "2022-03-02"
      },
      "geometry": {
        "type": "Point",
        "coordinates": [
          13.3131364,
          52.5149639
        ]
      },
      "id": "node/9646692779"
    },
    {
      "type": "Feature",
      "properties": {
        "@id": "node/9652167605",
        "amenity": "charging_station",
        "capacity": "2",
        "motorcar": "yes",
        "opening_hours": "24/7"
      },
      "geometry": {
        "type": "Point",
        "coordinates": [
          13.3861671,
          52.452968
        ]
      },
      "id": "node/9652167605"
    },
    {
      "type": "Feature",
      "properties": {
        "@id": "node/9652167606",
        "amenity": "charging_station",
        "capacity": "2",
        "motorcar": "yes",
        "opening_hours": "24/7"
      },
      "geometry": {
        "type": "Point",
        "coordinates": [
          13.3860839,
          52.45296
        ]
      },
      "id": "node/9652167606"
    },
    {
      "type": "Feature",
      "properties": {
        "@id": "node/9652167607",
        "amenity": "charging_station",
        "motorcar": "yes",
        "opening_hours": "24/7"
      },
      "geometry": {
        "type": "Point",
        "coordinates": [
          13.3860206,
          52.4529626
        ]
      },
      "id": "node/9652167607"
    },
    {
      "type": "Feature",
      "properties": {
        "@id": "node/9653718256",
        "access": "customers",
        "amenity": "charging_station",
        "capacity": "AC 22 kW, DC 150 kW",
        "fee": "no",
        "name": "Elektromobilität",
        "note": "Nutzbar während der Öffnungszeiten",
        "operator": "Lidl",
        "operator:wikidata": "Q151954",
        "operator:wikipedia": "en:Lidl"
      },
      "geometry": {
        "type": "Point",
        "coordinates": [
          13.3498495,
          52.4700181
        ]
      },
      "id": "node/9653718256"
    },
    {
      "type": "Feature",
      "properties": {
        "@id": "node/9656223796",
        "access": "private",
        "amenity": "charging_station",
        "capacity": "1"
      },
      "geometry": {
        "type": "Point",
        "coordinates": [
          13.3780714,
          52.5609061
        ]
      },
      "id": "node/9656223796"
    },
    {
      "type": "Feature",
      "properties": {
        "@id": "node/9656260053",
        "access": "private",
        "amenity": "charging_station",
        "capacity": "1"
      },
      "geometry": {
        "type": "Point",
        "coordinates": [
          13.3781381,
          52.560907
        ]
      },
      "id": "node/9656260053"
    },
    {
      "type": "Feature",
      "properties": {
        "@id": "node/9666862500",
        "amenity": "charging_station",
        "fee": "yes",
        "motorcar": "yes",
        "network": "be mobile",
        "operator": "Allego",
        "operator:wikidata": "Q75560554",
        "parking:fee": "no",
        "scooter": "yes",
        "socket:type2": "2",
        "socket:type2:current": "16 A",
        "socket:type2:output": "5,5 - 11 kW",
        "voltage": "400"
      },
      "geometry": {
        "type": "Point",
        "coordinates": [
          13.4863685,
          52.4754002
        ]
      },
      "id": "node/9666862500"
    },
    {
      "type": "Feature",
      "properties": {
        "@id": "node/9676020283",
        "access": "yes",
        "amenity": "charging_station",
        "bicycle": "no",
        "brand": "ubitricity",
        "brand:wikidata": "Q113699692",
        "capacity": "1",
        "covered": "no",
        "fee": "yes",
        "name": "ubitricity",
        "note": "befindet sich an Straßenlaterne",
        "operator": "ubitricity",
        "operator:wikidata": "Q113699692"
      },
      "geometry": {
        "type": "Point",
        "coordinates": [
          13.3735733,
          52.5439038
        ]
      },
      "id": "node/9676020283"
    },
    {
      "type": "Feature",
      "properties": {
        "@id": "node/9693370483",
        "amenity": "charging_station",
        "amperage": "16",
        "capacity": "2",
        "fee": "yes",
        "operator": "Alego",
        "voltage": "400"
      },
      "geometry": {
        "type": "Point",
        "coordinates": [
          13.3940096,
          52.5547771
        ]
      },
      "id": "node/9693370483"
    },
    {
      "type": "Feature",
      "properties": {
        "@id": "node/9699869767",
        "amenity": "charging_station",
        "capacity": "2",
        "operator": "Berliner Stadtwerke",
        "operator:wikidata": "Q21969102"
      },
      "geometry": {
        "type": "Point",
        "coordinates": [
          13.279286,
          52.5108455
        ]
      },
      "id": "node/9699869767"
    },
    {
      "type": "Feature",
      "properties": {
        "@id": "node/9727036727",
        "amenity": "charging_station",
        "bicycle": "no",
        "capacity": "2",
        "operator": "Allego",
        "operator:wikidata": "Q75560554",
        "ref": "DEALLEGO0019751"
      },
      "geometry": {
        "type": "Point",
        "coordinates": [
          13.4244208,
          52.5381851
        ]
      },
      "id": "node/9727036727"
    },
    {
      "type": "Feature",
      "properties": {
        "@id": "node/9727402121",
        "amenity": "charging_station",
        "amperage": "500",
        "capacity": "8",
        "motorcar": "yes",
        "opening_hours": "Mo-Sa 07:00-21:00",
        "operator": "EnBW Energie Baden-Württemberg AG",
        "operator:wikidata": "Q644304",
        "operator:wikipedia": "de:EnBW Energie Baden-Württemberg",
        "socket:type2_combo": "2",
        "voltage": "1000"
      },
      "geometry": {
        "type": "Point",
        "coordinates": [
          13.3708037,
          52.4931255
        ]
      },
      "id": "node/9727402121"
    },
    {
      "type": "Feature",
      "properties": {
        "@id": "node/9727449057",
        "amenity": "charging_station",
        "amperage": "500",
        "capacity": "8",
        "motorcar": "yes",
        "opening_hours": "Mo-Sa 07:00-21:00",
        "operator": "EnBW Energie Baden-Württemberg AG",
        "operator:wikidata": "Q644304",
        "operator:wikipedia": "de:EnBW Energie Baden-Württemberg",
        "socket:type2_combo": "2",
        "voltage": "1000"
      },
      "geometry": {
        "type": "Point",
        "coordinates": [
          13.3707508,
          52.4930833
        ]
      },
      "id": "node/9727449057"
    },
    {
      "type": "Feature",
      "properties": {
        "@id": "node/9735450697",
        "amenity": "charging_station",
        "bicycle": "no",
        "capacity": "2",
        "operator": "E.ON",
        "operator:wikidata": "Q270223"
      },
      "geometry": {
        "type": "Point",
        "coordinates": [
          13.3447863,
          52.4967653
        ]
      },
      "id": "node/9735450697"
    },
    {
      "type": "Feature",
      "properties": {
        "@id": "node/9738001228",
        "amenity": "charging_station",
        "capacity": "2",
        "opening_hours": "24/7",
        "operator": "Allego",
        "operator:wikidata": "Q75560554",
        "ref": "DEALLEGO0011721",
        "socket:type2": "2",
        "socket:type2:output": "11"
      },
      "geometry": {
        "type": "Point",
        "coordinates": [
          13.4196413,
          52.5376255
        ]
      },
      "id": "node/9738001228"
    },
    {
      "type": "Feature",
      "properties": {
        "@id": "node/9749314440",
        "amenity": "charging_station",
        "bicycle": "no",
        "capacity": "2",
        "operator": "Allego",
        "operator:wikidata": "Q75560554",
        "ref": "DEALLEGO0020382",
        "wheelchair": "yes"
      },
      "geometry": {
        "type": "Point",
        "coordinates": [
          13.402998,
          52.5318854
        ]
      },
      "id": "node/9749314440"
    },
    {
      "type": "Feature",
      "properties": {
        "@id": "node/9749380820",
        "amenity": "charging_station",
        "capacity": "4",
        "description": "2x Typ 2 mit 22,1 kW\n2x Typ 2 mit 11kW",
        "name": "has-to-be",
        "operator": "has-to-be"
      },
      "geometry": {
        "type": "Point",
        "coordinates": [
          13.3637893,
          52.4785489
        ]
      },
      "id": "node/9749380820"
    },
    {
      "type": "Feature",
      "properties": {
        "@id": "node/9801415645",
        "amenity": "charging_station",
        "bicycle": "no",
        "capacity": "2",
        "charge": "0.55 EUR/kWh",
        "fee": "yes",
        "image": "https://i.imgur.com/wBme8X3.jpeg",
        "operator": "Berliner Stadtwerke",
        "operator:wikidata": "Q21969102",
        "payment:credit_cards": "yes"
      },
      "geometry": {
        "type": "Point",
        "coordinates": [
          13.434809,
          52.5210378
        ]
      },
      "id": "node/9801415645"
    },
    {
      "type": "Feature",
      "properties": {
        "@id": "node/9879349201",
        "amenity": "charging_station",
        "capacity": "2",
        "description": "mit Parkscheibe",
        "operator": "Berliner Stadtwerke",
        "operator:wikidata": "Q21969102",
        "socket:type2": "2",
        "socket:type2:output": "11 kW"
      },
      "geometry": {
        "type": "Point",
        "coordinates": [
          13.445276,
          52.4934802
        ]
      },
      "id": "node/9879349201"
    },
    {
      "type": "Feature",
      "properties": {
        "@id": "node/9883712691",
        "amenity": "charging_station",
        "capacity": "1",
        "operator": "Qwello",
        "operator:wikidata": "Q130302686"
      },
      "geometry": {
        "type": "Point",
        "coordinates": [
          13.3781757,
          52.560972
        ]
      },
      "id": "node/9883712691"
    },
    {
      "type": "Feature",
      "properties": {
        "@id": "node/9913361565",
        "amenity": "charging_station",
        "amperage": "16",
        "bicycle": "no",
        "capacity": "2",
        "operator": "Lidl",
        "operator:wikidata": "Q151954"
      },
      "geometry": {
        "type": "Point",
        "coordinates": [
          13.4651972,
          52.5003164
        ]
      },
      "id": "node/9913361565"
    },
    {
      "type": "Feature",
      "properties": {
        "@id": "node/9916886042",
        "amenity": "charging_station",
        "capacity": "2",
        "operator": "Charité"
      },
      "geometry": {
        "type": "Point",
        "coordinates": [
          13.3784313,
          52.5239254
        ]
      },
      "id": "node/9916886042"
    },
    {
      "type": "Feature",
      "properties": {
        "@id": "node/9931597599",
        "amenity": "charging_station",
        "bicycle": "no",
        "capacity": "2",
        "fee": "yes",
        "motorcar": "yes",
        "opening_hours": "24/7",
        "operator": "Berliner Stadtwerke",
        "operator:wikidata": "Q21969102"
      },
      "geometry": {
        "type": "Point",
        "coordinates": [
          13.4494479,
          52.5080345
        ]
      },
      "id": "node/9931597599"
    },
    {
      "type": "Feature",
      "properties": {
        "@id": "node/9931813357",
        "access": "private",
        "amenity": "charging_station",
        "brand": "Vattenfall InCharge",
        "capacity": "6",
        "fee": "yes",
        "operator": "Vattenfall",
        "operator:wikidata": "Q157675",
        "parking:fee": "yes",
        "socket:type2": "6",
        "socket:type2:current": "32",
        "socket:type2:output": "22 kW",
        "socket:type2:voltage": "400"
      },
      "geometry": {
        "type": "Point",
        "coordinates": [
          13.3766886,
          52.5278486
        ]
      },
      "id": "node/9931813357"
    },
    {
      "type": "Feature",
      "properties": {
        "@id": "node/9936244295",
        "amenity": "charging_station",
        "bicycle": "no",
        "capacity": "2",
        "operator": "City Concept"
      },
      "geometry": {
        "type": "Point",
        "coordinates": [
          13.4807346,
          52.5271108
        ]
      },
      "id": "node/9936244295"
    },
    {
      "type": "Feature",
      "properties": {
        "@id": "node/9949778618",
        "access": "yes",
        "amenity": "charging_station",
        "bicycle": "no",
        "capacity": "2",
        "fee": "yes",
        "operator": "Berliner Stadtwerke",
        "operator:wikidata": "Q21969102",
        "parking:fee": "no",
        "socket:type2": "2",
        "socket:type2:current": "16",
        "socket:type2:output": "11 kW",
        "socket:type2:voltage": "400",
        "survey:date": "2022-08-12"
      },
      "geometry": {
        "type": "Point",
        "coordinates": [
          13.3865499,
          52.5248372
        ]
      },
      "id": "node/9949778618"
    },
    {
      "type": "Feature",
      "properties": {
        "@id": "node/9960798020",
        "amenity": "charging_station",
        "description": "Ladesäule 22 kW (privat)"
      },
      "geometry": {
        "type": "Point",
        "coordinates": [
          13.3963342,
          52.4656531
        ]
      },
      "id": "node/9960798020"
    },
    {
      "type": "Feature",
      "properties": {
        "@id": "node/9963387962",
        "amenity": "charging_station",
        "bicycle": "no",
        "capacity": "1",
        "description": "an der Straßenlaterne",
        "operator": "Berliner Stadtwerke",
        "operator:wikidata": "Q21969102",
        "wheelchair": "no"
      },
      "geometry": {
        "type": "Point",
        "coordinates": [
          13.3770306,
          52.5297944
        ]
      },
      "id": "node/9963387962"
    },
    {
      "type": "Feature",
      "properties": {
        "@id": "node/9967901482",
        "access": "customers",
        "amenity": "charging_station",
        "capacity": "2",
        "operator": "Lidl",
        "operator:wikidata": "Q151954"
      },
      "geometry": {
        "type": "Point",
        "coordinates": [
          13.5542567,
          52.5565464
        ]
      },
      "id": "node/9967901482"
    },
    {
      "type": "Feature",
      "properties": {
        "@id": "node/9977032784",
        "access": "yes",
        "amenity": "charging_station",
        "capacity": "2",
        "covered": "no",
        "fee": "yes",
        "operator": "Berliner Stadtwerke",
        "operator:wikidata": "Q21969102",
        "wheelchair": "yes"
      },
      "geometry": {
        "type": "Point",
        "coordinates": [
          13.4026564,
          52.5088799
        ]
      },
      "id": "node/9977032784"
    },
    {
      "type": "Feature",
      "properties": {
        "@id": "node/9979383935",
        "amenity": "charging_station",
        "bicycle": "no",
        "capacity": "2",
        "fee": "yes",
        "motorcar": "yes",
        "opening_hours": "24/7",
        "operator": "Berliner Stadtwerke",
        "operator:wikidata": "Q21969102",
        "parking:fee": "no"
      },
      "geometry": {
        "type": "Point",
        "coordinates": [
          13.4305282,
          52.5017424
        ]
      },
      "id": "node/9979383935"
    },
    {
      "type": "Feature",
      "properties": {
        "@id": "node/9979850082",
        "access": "yes",
        "amenity": "charging_station",
        "bicycle": "no",
        "brand": "ubitricity",
        "brand:wikidata": "Q113699692",
        "capacity": "1",
        "charge": "0.55 EUR",
        "fee": "yes",
        "name": "ubitricity",
        "operator": "ubitricity",
        "operator:wikidata": "Q113699692",
        "parking:fee": "no",
        "ref:EU:EVSE": "DE*UBI*E10092888",
        "socket:type2": "1",
        "socket:type2:output": "3.7 kW"
      },
      "geometry": {
        "type": "Point",
        "coordinates": [
          13.5153644,
          52.5557754
        ]
      },
      "id": "node/9979850082"
    },
    {
      "type": "Feature",
      "properties": {
        "@id": "node/9982812821",
        "amenity": "charging_station",
        "brand": "ubitricity",
        "brand:wikidata": "Q113699692",
        "description": "Straßenlaterne",
        "name": "ubitricity",
        "operator": "ubitricity",
        "operator:wikidata": "Q113699692",
        "socket:type2": "1",
        "socket:type2:output": "3.7 kW",
        "website": "https://www.ubitricity.com/de/"
      },
      "geometry": {
        "type": "Point",
        "coordinates": [
          13.3344576,
          52.4207868
        ]
      },
      "id": "node/9982812821"
    },
    {
      "type": "Feature",
      "properties": {
        "@id": "node/9982812822",
        "amenity": "charging_station",
        "brand": "ubitricity",
        "brand:wikidata": "Q113699692",
        "description": "Straßenlaterne",
        "name": "ubitricity",
        "operator": "ubitricity",
        "operator:wikidata": "Q113699692",
        "socket:type2": "1",
        "socket:type2:output": "3.7 kW",
        "website": "https://www.ubitricity.com/de/"
      },
      "geometry": {
        "type": "Point",
        "coordinates": [
          13.3340193,
          52.4206744
        ]
      },
      "id": "node/9982812822"
    },
    {
      "type": "Feature",
      "properties": {
        "@id": "node/9982812823",
        "amenity": "charging_station",
        "brand": "ubitricity",
        "brand:wikidata": "Q113699692",
        "description": "Straßenlaterne",
        "name": "ubitricity",
        "operator": "ubitricity",
        "operator:wikidata": "Q113699692",
        "socket:type2": "1",
        "socket:type2:output": "3.7 kW",
        "website": "https://www.ubitricity.com/de/"
      },
      "geometry": {
        "type": "Point",
        "coordinates": [
          13.333728,
          52.4207549
        ]
      },
      "id": "node/9982812823"
    },
    {
      "type": "Feature",
      "properties": {
        "@id": "node/9982812824",
        "amenity": "charging_station",
        "brand": "ubitricity",
        "brand:wikidata": "Q113699692",
        "description": "Straßenlaterne",
        "name": "ubitricity",
        "operator": "ubitricity",
        "operator:wikidata": "Q113699692",
        "socket:type2": "1",
        "socket:type2:output": "3.7 kW",
        "website": "https://www.ubitricity.com/de/"
      },
      "geometry": {
        "type": "Point",
        "coordinates": [
          13.3332274,
          52.4206182
        ]
      },
      "id": "node/9982812824"
    },
    {
      "type": "Feature",
      "properties": {
        "@id": "node/9988569163",
        "amenity": "charging_station"
      },
      "geometry": {
        "type": "Point",
        "coordinates": [
          13.3529896,
          52.5886033
        ]
      },
      "id": "node/9988569163"
    },
    {
      "type": "Feature",
      "properties": {
        "@id": "node/9992185529",
        "amenity": "charging_station",
        "bicycle": "no",
        "capacity": "2",
        "opening_hours": "24/7",
        "operator": "Allego",
        "operator:wikidata": "Q75560554",
        "ref": "DEALLEGO001197",
        "socket:type2": "2",
        "socket:type2:output": "11"
      },
      "geometry": {
        "type": "Point",
        "coordinates": [
          13.4204824,
          52.5359569
        ]
      },
      "id": "node/9992185529"
    },
    {
      "type": "Feature",
      "properties": {
        "@id": "node/9997957158",
        "access": "yes",
        "addr:floor": "0",
        "amenity": "charging_station",
        "bicycle": "no",
        "capacity": "2",
        "covered": "no",
        "fee": "yes",
        "level": "0",
        "motorcar": "yes",
        "opening_hours": "24/7",
        "operator": "Berliner Stadtwerke",
        "operator:wikidata": "Q21969102",
        "source": "survey"
      },
      "geometry": {
        "type": "Point",
        "coordinates": [
          13.4638125,
          52.5059658
        ]
      },
      "id": "node/9997957158"
    },
    {
      "type": "Feature",
      "properties": {
        "@id": "node/9998002017",
        "access": "private",
        "amenity": "charging_station",
        "capacity": "1",
        "operator": "ebee Smart Tgenologies",
        "socket:type2": "1",
        "socket:type2:output": "11 kW",
        "survey:date": "2022-09-03"
      },
      "geometry": {
        "type": "Point",
        "coordinates": [
          13.3818612,
          52.5264539
        ]
      },
      "id": "node/9998002017"
    },
    {
      "type": "Feature",
      "properties": {
        "@id": "node/10001339020",
        "access": "yes",
        "amenity": "charging_station",
        "capacity": "2",
        "covered": "no",
        "fee": "yes",
        "manufacturer": "Compleo",
        "motorcar": "yes",
        "operator": "Berliner Stadtwerke",
        "operator:wikidata": "Q21969102",
        "payment:maestro": "yes",
        "payment:nfc": "yes",
        "payment:paypal": "yes",
        "payment:visa": "yes",
        "socket:type2": "2",
        "source": "survey"
      },
      "geometry": {
        "type": "Point",
        "coordinates": [
          13.2606569,
          52.5089488
        ]
      },
      "id": "node/10001339020"
    },
    {
      "type": "Feature",
      "properties": {
        "@id": "node/10001774853",
        "amenity": "charging_station",
        "capacity": "2",
        "fee": "yes",
        "motorcar": "yes",
        "opening_hours": "24/7",
        "operator": "Allego",
        "operator:wikidata": "Q75560554"
      },
      "geometry": {
        "type": "Point",
        "coordinates": [
          13.3855608,
          52.4750038
        ]
      },
      "id": "node/10001774853"
    },
    {
      "type": "Feature",
      "properties": {
        "@id": "node/10016087780",
        "access": "yes",
        "amenity": "charging_station",
        "capacity": "2",
        "opening_hours": "24/7",
        "operator": "Berliner Stadtwerke",
        "operator:wikidata": "Q21969102"
      },
      "geometry": {
        "type": "Point",
        "coordinates": [
          13.3134858,
          52.5244076
        ]
      },
      "id": "node/10016087780"
    },
    {
      "type": "Feature",
      "properties": {
        "@id": "node/10016087781",
        "access": "yes",
        "amenity": "charging_station",
        "bicycle": "no",
        "capacity": "2",
        "opening_hours": "24/7",
        "operator": "Berliner Stadtwerke",
        "operator:wikidata": "Q21969102"
      },
      "geometry": {
        "type": "Point",
        "coordinates": [
          13.3071923,
          52.5245934
        ]
      },
      "id": "node/10016087781"
    },
    {
      "type": "Feature",
      "properties": {
        "@id": "node/10016087782",
        "access": "yes",
        "amenity": "charging_station",
        "bicycle": "no",
        "capacity": "2",
        "opening_hours": "24/7",
        "operator": "Berliner Stadtwerke"
      },
      "geometry": {
        "type": "Point",
        "coordinates": [
          13.306162,
          52.5301183
        ]
      },
      "id": "node/10016087782"
    },
    {
      "type": "Feature",
      "properties": {
        "@id": "node/10044292777",
        "access": "customers",
        "amenity": "charging_station",
        "capacity": "2",
        "operator": "Berliner Stadtwerke",
        "operator:wikidata": "Q21969102"
      },
      "geometry": {
        "type": "Point",
        "coordinates": [
          13.4932692,
          52.5448131
        ]
      },
      "id": "node/10044292777"
    },
    {
      "type": "Feature",
      "properties": {
        "@id": "node/10044615323",
        "amenity": "charging_station",
        "bicycle": "no",
        "capacity": "2",
        "motorcar": "yes",
        "opening_hours": "24/7",
        "operator": "Berliner Stadtwerke",
        "operator:wikidata": "Q21969102"
      },
      "geometry": {
        "type": "Point",
        "coordinates": [
          13.4371473,
          52.5004891
        ]
      },
      "id": "node/10044615323"
    },
    {
      "type": "Feature",
      "properties": {
        "@id": "node/10046741417",
        "access": "yes",
        "amenity": "charging_station",
        "authentication:app": "yes",
        "authentication:contactless": "yes",
        "authentication:none": "yes",
        "brand": "be emobil",
        "capacity": "1",
        "fee": "yes",
        "network": "Allego",
        "operator": "Allego",
        "operator:wikidata": "Q75560554",
        "socket:type2": "1",
        "socket:type2:output": "3.7 kW",
        "survey:date": "2022-09-23"
      },
      "geometry": {
        "type": "Point",
        "coordinates": [
          13.3239058,
          52.478827
        ]
      },
      "id": "node/10046741417"
    },
    {
      "type": "Feature",
      "properties": {
        "@id": "node/10049524286",
        "amenity": "charging_station",
        "bicycle": "no",
        "capacity": "2",
        "operator": "Berliner Stadtwerke",
        "operator:wikidata": "Q21969102"
      },
      "geometry": {
        "type": "Point",
        "coordinates": [
          13.4314149,
          52.5322428
        ]
      },
      "id": "node/10049524286"
    },
    {
      "type": "Feature",
      "properties": {
        "@id": "node/10053787869",
        "access": "customers",
        "amenity": "charging_station",
        "capacity": "2",
        "fee": "yes",
        "operator": "EnBW Energie Baden-Württemberg AG",
        "operator:wikidata": "Q644304"
      },
      "geometry": {
        "type": "Point",
        "coordinates": [
          13.6067354,
          52.5050756
        ]
      },
      "id": "node/10053787869"
    },
    {
      "type": "Feature",
      "properties": {
        "@id": "node/10065048833",
        "access": "yes",
        "amenity": "charging_station",
        "authentication:membership_card": "yes",
        "authentication:none": "yes",
        "brand": "compleo",
        "capacity": "2",
        "contact:email": "emobilitaet@berlinerstadtwerke.de",
        "contact:phone": "0800 5373000",
        "motorcar": "yes",
        "opening_hours": "24/7",
        "operator": "Berliner Stadtwerke",
        "operator:wikidata": "Q21969102",
        "payment:mastercard": "yes",
        "payment:paypal": "yes",
        "payment:visa": "yes",
        "socket:type2": "2",
        "socket:type2:output": "11 kW"
      },
      "geometry": {
        "type": "Point",
        "coordinates": [
          13.3500562,
          52.5217588
        ]
      },
      "id": "node/10065048833"
    },
    {
      "type": "Feature",
      "properties": {
        "@id": "node/10073039108",
        "access": "yes",
        "amenity": "charging_station",
        "capacity": "2",
        "network": "Allego",
        "operator": "Berliner Stadtwerke",
        "operator:wikidata": "Q21969102",
        "socket:type2": "2",
        "socket:type2:output": "11 kW"
      },
      "geometry": {
        "type": "Point",
        "coordinates": [
          13.3834307,
          52.5272617
        ]
      },
      "id": "node/10073039108"
    },
    {
      "type": "Feature",
      "properties": {
        "@id": "node/10078392511",
        "amenity": "charging_station",
        "bicycle": "no",
        "capacity": "2",
        "fee": "yes",
        "maxstay:conditional": "4 hours @ (08:00-18:00)",
        "motorcar": "yes",
        "operator": "Berliner Stadtwerke",
        "operator:wikidata": "Q21969102",
        "parking:fee": "no"
      },
      "geometry": {
        "type": "Point",
        "coordinates": [
          13.4511613,
          52.5224181
        ]
      },
      "id": "node/10078392511"
    },
    {
      "type": "Feature",
      "properties": {
        "@id": "node/10084888618",
        "access": "private",
        "amenity": "charging_station",
        "capacity": "2",
        "survey:date": "2022-10-08"
      },
      "geometry": {
        "type": "Point",
        "coordinates": [
          13.3435526,
          52.5240704
        ]
      },
      "id": "node/10084888618"
    },
    {
      "type": "Feature",
      "properties": {
        "@id": "node/10131033822",
        "access": "yes",
        "amenity": "charging_station",
        "capacity": "2",
        "covered": "no",
        "fee": "yes",
        "operator": "Berliner Stadtwerke KommunalPartner GmbH",
        "payment:app": "yes",
        "payment:cards": "yes",
        "socket:type2": "2",
        "socket:type2:output": "11 kW",
        "source": "https://berlinerstadtwerke.de/oeffentliche-ladeinfrastruktur/"
      },
      "geometry": {
        "type": "Point",
        "coordinates": [
          13.3379792,
          52.4276421
        ]
      },
      "id": "node/10131033822"
    },
    {
      "type": "Feature",
      "properties": {
        "@id": "node/10140073549",
        "amenity": "charging_station",
        "bicycle": "no",
        "capacity": "2",
        "motorcar": "yes",
        "operator": "Berliner Stadtwerke",
        "operator:wikidata": "Q21969102"
      },
      "geometry": {
        "type": "Point",
        "coordinates": [
          13.4484436,
          52.5241192
        ]
      },
      "id": "node/10140073549"
    },
    {
      "type": "Feature",
      "properties": {
        "@id": "node/10151516192",
        "amenity": "charging_station",
        "capacity": "2",
        "opening_hours": "24/7",
        "operator": "be emobil",
        "socket:type2": "2",
        "socket:type2:current": "16",
        "socket:type2:output": "11 kW",
        "socket:type2:voltage": "400"
      },
      "geometry": {
        "type": "Point",
        "coordinates": [
          13.3397002,
          52.4616525
        ]
      },
      "id": "node/10151516192"
    },
    {
      "type": "Feature",
      "properties": {
        "@id": "node/10166352020",
        "amenity": "charging_station",
        "highway": "street_lamp"
      },
      "geometry": {
        "type": "Point",
        "coordinates": [
          13.5636863,
          52.4961009
        ]
      },
      "id": "node/10166352020"
    },
    {
      "type": "Feature",
      "properties": {
        "@id": "node/10166352021",
        "amenity": "charging_station",
        "highway": "street_lamp"
      },
      "geometry": {
        "type": "Point",
        "coordinates": [
          13.5640644,
          52.4960566
        ]
      },
      "id": "node/10166352021"
    },
    {
      "type": "Feature",
      "properties": {
        "@id": "node/10166352022",
        "amenity": "charging_station",
        "highway": "street_lamp"
      },
      "geometry": {
        "type": "Point",
        "coordinates": [
          13.5644646,
          52.4960123
        ]
      },
      "id": "node/10166352022"
    },
    {
      "type": "Feature",
      "properties": {
        "@id": "node/10166352023",
        "amenity": "charging_station",
        "highway": "street_lamp"
      },
      "geometry": {
        "type": "Point",
        "coordinates": [
          13.5649457,
          52.4959569
        ]
      },
      "id": "node/10166352023"
    },
    {
      "type": "Feature",
      "properties": {
        "@id": "node/10166352024",
        "amenity": "charging_station",
        "highway": "street_lamp"
      },
      "geometry": {
        "type": "Point",
        "coordinates": [
          13.5652813,
          52.4959237
        ]
      },
      "id": "node/10166352024"
    },
    {
      "type": "Feature",
      "properties": {
        "@id": "node/10166966976",
        "access": "yes",
        "amenity": "charging_station",
        "brand": "E.ON",
        "capacity": "2",
        "fee": "yes",
        "operator": "E.ON",
        "operator:wikidata": "Q270223",
        "socket:type2": "2",
        "socket:type2:output": "22 kW"
      },
      "geometry": {
        "type": "Point",
        "coordinates": [
          13.5863046,
          52.5214857
        ]
      },
      "id": "node/10166966976"
    },
    {
      "type": "Feature",
      "properties": {
        "@id": "node/10169110817",
        "amenity": "charging_station",
        "capacity": "2",
        "operator": "Berliner Stadtwerke",
        "operator:wikidata": "Q21969102",
        "survey:date": "2022-11-08"
      },
      "geometry": {
        "type": "Point",
        "coordinates": [
          13.3487027,
          52.5390512
        ]
      },
      "id": "node/10169110817"
    },
    {
      "type": "Feature",
      "properties": {
        "@id": "node/10169164417",
        "amenity": "charging_station",
        "bicycle": "no",
        "capacity": "2",
        "operator": "Berliner Stadtwerke",
        "operator:wikidata": "Q21969102",
        "survey:date": "2022-11-08"
      },
      "geometry": {
        "type": "Point",
        "coordinates": [
          13.3562884,
          52.5393664
        ]
      },
      "id": "node/10169164417"
    },
    {
      "type": "Feature",
      "properties": {
        "@id": "node/10169228895",
        "amenity": "charging_station",
        "capacity": "2",
        "charging_station:output": "150 kW",
        "motorcar": "yes",
        "name": "Allego",
        "operator": "Allego",
        "operator:wikidata": "Q75560554",
        "socket:type2_combo": "2",
        "socket:type2_combo:output": "150 kW"
      },
      "geometry": {
        "type": "Point",
        "coordinates": [
          13.3268975,
          52.519338
        ]
      },
      "id": "node/10169228895"
    },
    {
      "type": "Feature",
      "properties": {
        "@id": "node/10173140219",
        "amenity": "charging_station",
        "capacity": "2",
        "operator": "E.ON",
        "operator:wikidata": "Q270223"
      },
      "geometry": {
        "type": "Point",
        "coordinates": [
          13.6007784,
          52.4764434
        ]
      },
      "id": "node/10173140219"
    },
    {
      "type": "Feature",
      "properties": {
        "@id": "node/10175760156",
        "amenity": "charging_station",
        "capacity": "2",
        "operator": "Lidl",
        "operator:wikidata": "Q151954"
      },
      "geometry": {
        "type": "Point",
        "coordinates": [
          13.3158294,
          52.586378
        ]
      },
      "id": "node/10175760156"
    },
    {
      "type": "Feature",
      "properties": {
        "@id": "node/10187762845",
        "addr:housenumber": "1, 3",
        "addr:street": "John-Sieg-Straße",
        "amenity": "charging_station",
        "bicycle": "no",
        "capacity": "2",
        "check_date": "2026-05-21",
        "operator": "sozdia.de"
      },
      "geometry": {
        "type": "Point",
        "coordinates": [
          13.4793974,
          52.512223
        ]
      },
      "id": "node/10187762845"
    },
    {
      "type": "Feature",
      "properties": {
        "@id": "node/10209447357",
        "amenity": "charging_station"
      },
      "geometry": {
        "type": "Point",
        "coordinates": [
          13.4766864,
          52.420725
        ]
      },
      "id": "node/10209447357"
    },
    {
      "type": "Feature",
      "properties": {
        "@id": "node/10223151636",
        "amenity": "charging_station",
        "capacity": "1"
      },
      "geometry": {
        "type": "Point",
        "coordinates": [
          13.4834869,
          52.4227647
        ]
      },
      "id": "node/10223151636"
    },
    {
      "type": "Feature",
      "properties": {
        "@id": "node/10226851074",
        "access": "private",
        "amenity": "charging_station"
      },
      "geometry": {
        "type": "Point",
        "coordinates": [
          13.3809569,
          52.4048473
        ]
      },
      "id": "node/10226851074"
    },
    {
      "type": "Feature",
      "properties": {
        "@id": "node/10233368726",
        "amenity": "charging_station",
        "capacity": "2",
        "fee": "yes",
        "maxstay": "4 hours",
        "opening_hours": "24/7",
        "operator": "Berliner Stadtwerke",
        "operator:wikidata": "Q21969102"
      },
      "geometry": {
        "type": "Point",
        "coordinates": [
          13.3395956,
          52.4628976
        ]
      },
      "id": "node/10233368726"
    },
    {
      "type": "Feature",
      "properties": {
        "@id": "node/10280131849",
        "amenity": "charging_station",
        "bicycle": "no",
        "capacity": "2",
        "motorcar": "yes",
        "operator": "Berliner Stadtwerke",
        "operator:wikidata": "Q21969102"
      },
      "geometry": {
        "type": "Point",
        "coordinates": [
          13.4657931,
          52.5130324
        ]
      },
      "id": "node/10280131849"
    },
    {
      "type": "Feature",
      "properties": {
        "@id": "node/10280472105",
        "amenity": "charging_station",
        "brand": "ubitricity",
        "brand:wikidata": "Q113699692",
        "capacity": "1",
        "description": "Straßenlaterne",
        "name": "ubitricity",
        "operator": "ubitricity",
        "operator:wikidata": "Q113699692",
        "socket:type2": "1",
        "socket:type2:output": "3.7 kW",
        "website": "https://www.ubitricity.com/de/"
      },
      "geometry": {
        "type": "Point",
        "coordinates": [
          13.3251151,
          52.4234443
        ]
      },
      "id": "node/10280472105"
    },
    {
      "type": "Feature",
      "properties": {
        "@id": "node/10280472106",
        "amenity": "charging_station",
        "brand": "ubitricity",
        "brand:wikidata": "Q113699692",
        "capacity": "1",
        "description": "Straßenlaterne",
        "name": "ubitricity",
        "operator": "ubitricity",
        "operator:wikidata": "Q113699692",
        "socket:type2": "1",
        "socket:type2:output": "3.7 kW",
        "website": "https://www.ubitricity.com/de/"
      },
      "geometry": {
        "type": "Point",
        "coordinates": [
          13.3261367,
          52.4236955
        ]
      },
      "id": "node/10280472106"
    },
    {
      "type": "Feature",
      "properties": {
        "@id": "node/10280472107",
        "amenity": "charging_station",
        "brand": "ubitricity",
        "brand:wikidata": "Q113699692",
        "capacity": "1",
        "description": "Straßenlaterne",
        "name": "ubitricity",
        "operator": "ubitricity",
        "operator:wikidata": "Q113699692",
        "socket:type2": "1",
        "socket:type2:output": "3.7 kW",
        "website": "https://www.ubitricity.com/de/"
      },
      "geometry": {
        "type": "Point",
        "coordinates": [
          13.3272685,
          52.4239899
        ]
      },
      "id": "node/10280472107"
    },
    {
      "type": "Feature",
      "properties": {
        "@id": "node/10280472108",
        "amenity": "charging_station",
        "brand": "ubitricity",
        "brand:wikidata": "Q113699692",
        "capacity": "1",
        "description": "Straßenlaterne",
        "name": "ubitricity",
        "operator": "ubitricity",
        "operator:wikidata": "Q113699692",
        "socket:type2": "1",
        "socket:type2:output": "3.7 kW",
        "website": "https://www.ubitricity.com/de/"
      },
      "geometry": {
        "type": "Point",
        "coordinates": [
          13.3268768,
          52.423898
        ]
      },
      "id": "node/10280472108"
    },
    {
      "type": "Feature",
      "properties": {
        "@id": "node/10280508309",
        "amenity": "charging_station",
        "brand": "ubitricity",
        "brand:wikidata": "Q113699692",
        "capacity": "1",
        "description": "Straßenlaterne",
        "name": "ubitricity",
        "operator": "ubitricity",
        "operator:wikidata": "Q113699692",
        "socket:type2": "1",
        "socket:type2:output": "3.7 kW",
        "website": "https://www.ubitricity.com/de/"
      },
      "geometry": {
        "type": "Point",
        "coordinates": [
          13.3277232,
          52.4241113
        ]
      },
      "id": "node/10280508309"
    },
    {
      "type": "Feature",
      "properties": {
        "@id": "node/10280884022",
        "amenity": "charging_station",
        "bicycle": "no",
        "capacity": "2",
        "motorcar": "yes",
        "operator": "Berliner Stadtwerke",
        "operator:wikidata": "Q21969102"
      },
      "geometry": {
        "type": "Point",
        "coordinates": [
          13.4293635,
          52.4980248
        ]
      },
      "id": "node/10280884022"
    },
    {
      "type": "Feature",
      "properties": {
        "@id": "node/10287125254",
        "access": "yes",
        "addr:floor": "0",
        "amenity": "charging_station",
        "bicycle": "no",
        "brand": "E.ON Drive",
        "brand:wikidata": "Q126650419",
        "capacity": "2",
        "check_date": "2024-03-13",
        "covered": "no",
        "fee": "yes",
        "level": "0",
        "operator": "E.ON",
        "operator:wikidata": "Q270223",
        "payment:mastercard": "yes",
        "payment:visa": "yes",
        "ref": "DE*UFC*E01033",
        "source": "survey"
      },
      "geometry": {
        "type": "Point",
        "coordinates": [
          13.3904693,
          52.5193099
        ]
      },
      "id": "node/10287125254"
    },
    {
      "type": "Feature",
      "properties": {
        "@id": "node/10293471752",
        "amenity": "charging_station",
        "capacity": "2",
        "motorcar": "yes",
        "opening_hours": "24/7",
        "operator": "Berliner Stadtwerke",
        "operator:wikidata": "Q21969102"
      },
      "geometry": {
        "type": "Point",
        "coordinates": [
          13.39824,
          52.4948284
        ]
      },
      "id": "node/10293471752"
    },
    {
      "type": "Feature",
      "properties": {
        "@id": "node/10301365057",
        "access": "yes",
        "addr:floor": "0",
        "amenity": "charging_station",
        "capacity": "2",
        "covered": "no",
        "fee": "yes",
        "level": "0",
        "motorcar": "yes",
        "operator": "Berliner Stadtwerke",
        "operator:wikidata": "Q21969102",
        "payment:mastercard": "yes",
        "payment:paypal": "yes",
        "payment:visa": "yes",
        "source": "survey"
      },
      "geometry": {
        "type": "Point",
        "coordinates": [
          13.4169058,
          52.500857
        ]
      },
      "id": "node/10301365057"
    },
    {
      "type": "Feature",
      "properties": {
        "@id": "node/10302105884",
        "amenity": "charging_station",
        "capacity": "2",
        "motorcar": "yes",
        "operator": "Berliner Stadtwerke",
        "operator:wikidata": "Q21969102"
      },
      "geometry": {
        "type": "Point",
        "coordinates": [
          13.4298618,
          52.4546685
        ]
      },
      "id": "node/10302105884"
    },
    {
      "type": "Feature",
      "properties": {
        "@id": "node/10302108182",
        "access": "yes",
        "addr:floor": "0",
        "amenity": "charging_station",
        "capacity": "1",
        "covered": "no",
        "fee": "yes",
        "level": "0",
        "motorcar": "yes",
        "operator": "Berliner Stadtwerke",
        "operator:wikidata": "Q21969102",
        "ref": "DE*BSW*E604016*016",
        "source": "survey",
        "support": "street_lamp"
      },
      "geometry": {
        "type": "Point",
        "coordinates": [
          13.4576772,
          52.4934048
        ]
      },
      "id": "node/10302108182"
    },
    {
      "type": "Feature",
      "properties": {
        "@id": "node/10542583609",
        "addr:housenumber": "66-67",
        "addr:postcode": "13086",
        "addr:street": "Pistoriusstraße",
        "amenity": "charging_station",
        "capacity": "3",
        "name": "LIDL Ladestation",
        "name:en": "LIDL Charging Station",
        "opening_hours": "Mo-Sa 07:00-21:00; Su 08:00-20:00",
        "operator": "Lidl",
        "operator:wikidata": "Q151954",
        "website": "https://corporate.lidl.co.uk/media-centre/pressreleases/191028_lidl-installs-rapid-chargers"
      },
      "geometry": {
        "type": "Point",
        "coordinates": [
          13.437571,
          52.556153
        ]
      },
      "id": "node/10542583609"
    },
    {
      "type": "Feature",
      "properties": {
        "@id": "node/10547877217",
        "amenity": "charging_station",
        "capacity": "2",
        "operator": ":hager"
      },
      "geometry": {
        "type": "Point",
        "coordinates": [
          13.5347392,
          52.4575501
        ]
      },
      "id": "node/10547877217"
    },
    {
      "type": "Feature",
      "properties": {
        "@id": "node/10550569855",
        "amenity": "charging_station",
        "brand": "ChargePoint",
        "brand:wikidata": "Q5176149",
        "capacity": "6",
        "name": "Shell Recharge",
        "operator": "Shell Recharge Solutions",
        "operator:wikidata": "Q105883058"
      },
      "geometry": {
        "type": "Point",
        "coordinates": [
          13.4904326,
          52.5433577
        ]
      },
      "id": "node/10550569855"
    },
    {
      "type": "Feature",
      "properties": {
        "@id": "node/10555696085",
        "access": "private",
        "amenity": "charging_station",
        "capacity": "2"
      },
      "geometry": {
        "type": "Point",
        "coordinates": [
          13.3669618,
          52.5376207
        ]
      },
      "id": "node/10555696085"
    },
    {
      "type": "Feature",
      "properties": {
        "@id": "node/10555696086",
        "access": "private",
        "amenity": "charging_station",
        "capacity": "2"
      },
      "geometry": {
        "type": "Point",
        "coordinates": [
          13.3670197,
          52.5376465
        ]
      },
      "id": "node/10555696086"
    },
    {
      "type": "Feature",
      "properties": {
        "@id": "node/10555696087",
        "access": "private",
        "amenity": "charging_station",
        "capacity": "2"
      },
      "geometry": {
        "type": "Point",
        "coordinates": [
          13.3670688,
          52.5376713
        ]
      },
      "id": "node/10555696087"
    },
    {
      "type": "Feature",
      "properties": {
        "@id": "node/10567712317",
        "access": "permit",
        "amenity": "charging_station",
        "capacity": "2",
        "operator": "sleep&charge"
      },
      "geometry": {
        "type": "Point",
        "coordinates": [
          13.4986592,
          52.5390222
        ]
      },
      "id": "node/10567712317"
    },
    {
      "type": "Feature",
      "properties": {
        "@id": "node/10574700950",
        "access": "yes",
        "amenity": "charging_station",
        "bicycle": "no",
        "brand": "Circle K",
        "brand:wikidata": "Q3268010",
        "bus": "no",
        "capacity": "2",
        "check_date": "2025-10-11",
        "covered": "no",
        "fee": "yes",
        "hgv": "no",
        "level": "0",
        "motorcar": "yes",
        "operator": "Circle K",
        "operator:wikidata": "Q3268010",
        "scooter": "no"
      },
      "geometry": {
        "type": "Point",
        "coordinates": [
          13.3752005,
          52.5371911
        ]
      },
      "id": "node/10574700950"
    },
    {
      "type": "Feature",
      "properties": {
        "@id": "node/10574700951",
        "access": "yes",
        "amenity": "charging_station",
        "bicycle": "no",
        "brand": "Circle K",
        "brand:wikidata": "Q3268010",
        "bus": "no",
        "capacity": "2",
        "check_date": "2025-10-11",
        "covered": "no",
        "fee": "yes",
        "hgv": "no",
        "level": "0",
        "motorcar": "yes",
        "operator": "Circle K",
        "operator:wikidata": "Q3268010",
        "scooter": "no"
      },
      "geometry": {
        "type": "Point",
        "coordinates": [
          13.3752305,
          52.5372047
        ]
      },
      "id": "node/10574700951"
    },
    {
      "type": "Feature",
      "properties": {
        "@id": "node/10592351014",
        "amenity": "charging_station",
        "capacity": "2",
        "motorcar": "yes",
        "operator": "Stadtwerke Berlin"
      },
      "geometry": {
        "type": "Point",
        "coordinates": [
          13.4199857,
          52.4985165
        ]
      },
      "id": "node/10592351014"
    },
    {
      "type": "Feature",
      "properties": {
        "@id": "node/10592351059",
        "addr:floor": "0",
        "amenity": "charging_station",
        "capacity": "2",
        "check_date": "2026-03-12",
        "covered": "no",
        "level": "0",
        "motorcar": "yes",
        "operator": "Berliner Stadtwerke GmbH",
        "payment:debit_cards": "yes"
      },
      "geometry": {
        "type": "Point",
        "coordinates": [
          13.4225015,
          52.495899
        ]
      },
      "id": "node/10592351059"
    },
    {
      "type": "Feature",
      "properties": {
        "@id": "node/10606275900",
        "amenity": "charging_station",
        "bicycle": "no",
        "capacity": "2",
        "operator": "Allego",
        "operator:wikidata": "Q75560554",
        "socket:type2": "2"
      },
      "geometry": {
        "type": "Point",
        "coordinates": [
          13.453248,
          52.5457557
        ]
      },
      "id": "node/10606275900"
    },
    {
      "type": "Feature",
      "properties": {
        "@id": "node/10607026965",
        "amenity": "charging_station",
        "capacity": "2",
        "motorcar": "yes",
        "operator": "Stadtwerke Berlin"
      },
      "geometry": {
        "type": "Point",
        "coordinates": [
          13.3756481,
          52.4878324
        ]
      },
      "id": "node/10607026965"
    },
    {
      "type": "Feature",
      "properties": {
        "@id": "node/10650031188",
        "access": "private",
        "amenity": "charging_station",
        "bicycle": "no",
        "capacity": "2",
        "maxstay": "unlimited",
        "motorcar": "yes",
        "opening_hours": "PH open",
        "parking:fee": "no",
        "socket:type2": "1"
      },
      "geometry": {
        "type": "Point",
        "coordinates": [
          13.6307274,
          52.4525671
        ]
      },
      "id": "node/10650031188"
    },
    {
      "type": "Feature",
      "properties": {
        "@id": "node/10651939171",
        "amenity": "charging_station",
        "capacity": "2",
        "motorcar": "yes",
        "operator": "Berliner Stadtwerke",
        "operator:wikidata": "Q21969102"
      },
      "geometry": {
        "type": "Point",
        "coordinates": [
          13.4017448,
          52.4960382
        ]
      },
      "id": "node/10651939171"
    },
    {
      "type": "Feature",
      "properties": {
        "@id": "node/10655639949",
        "amenity": "charging_station",
        "bicycle": "no",
        "capacity": "2",
        "motorcar": "yes",
        "operator": "Berliner Stadtwerke",
        "operator:wikidata": "Q21969102"
      },
      "geometry": {
        "type": "Point",
        "coordinates": [
          13.454343,
          52.5218448
        ]
      },
      "id": "node/10655639949"
    },
    {
      "type": "Feature",
      "properties": {
        "@id": "node/10656338216",
        "amenity": "charging_station",
        "bicycle": "no",
        "capacity": "2",
        "motorcar": "yes",
        "operator": "Berliner Stadtwerke",
        "ref:EU:EVSE": "DE*BSWE606051*051"
      },
      "geometry": {
        "type": "Point",
        "coordinates": [
          13.4325507,
          52.5171044
        ]
      },
      "id": "node/10656338216"
    },
    {
      "type": "Feature",
      "properties": {
        "@id": "node/10656438919",
        "amenity": "charging_station",
        "bicycle": "no",
        "capacity": "2",
        "motorcar": "yes",
        "operator": "Berliner Stadtwerke",
        "operator:wikidata": "Q21969102"
      },
      "geometry": {
        "type": "Point",
        "coordinates": [
          13.4466677,
          52.5190723
        ]
      },
      "id": "node/10656438919"
    },
    {
      "type": "Feature",
      "properties": {
        "@id": "node/10657681995",
        "amenity": "charging_station",
        "bicycle": "no",
        "capacity": "2",
        "motorcar": "yes",
        "operator": "Berliner Stadtwerke",
        "operator:wikidata": "Q21969102"
      },
      "geometry": {
        "type": "Point",
        "coordinates": [
          13.4649764,
          52.510456
        ]
      },
      "id": "node/10657681995"
    },
    {
      "type": "Feature",
      "properties": {
        "@id": "node/10665012262",
        "amenity": "charging_station",
        "capacity": "2",
        "motorcar": "yes",
        "operator": "Berliner Stadtwerke",
        "operator:wikidata": "Q21969102"
      },
      "geometry": {
        "type": "Point",
        "coordinates": [
          13.4482334,
          52.5131155
        ]
      },
      "id": "node/10665012262"
    },
    {
      "type": "Feature",
      "properties": {
        "@id": "node/10665186115",
        "access": "yes",
        "addr:city": "Berlin",
        "addr:country": "DE",
        "addr:housenumber": "3",
        "addr:postcode": "10785",
        "addr:street": "Schöneberger Ufer",
        "amenity": "charging_station",
        "bicycle": "no",
        "brand": "Tesla Supercharger",
        "brand:wikidata": "Q17089620",
        "capacity": "20",
        "fee": "yes",
        "name": "Berlin Gleisdreieck Supercharger",
        "opening_hours": "24/7",
        "operator": "Tesla",
        "operator:wikidata": "Q478214",
        "ref:tesla": "gleisdreiecksupercharger",
        "socket:tesla_supercharger_ccs": "20",
        "socket:tesla_supercharger_ccs:output": "250 kW",
        "socket:type2_combo": "20",
        "socket:type2_combo:output": "250 kW",
        "website": "https://www.tesla.com/findus/location/supercharger/gleisdreiecksupercharger"
      },
      "geometry": {
        "type": "Point",
        "coordinates": [
          13.3738321,
          52.5022599
        ]
      },
      "id": "node/10665186115"
    },
    {
      "type": "Feature",
      "properties": {
        "@id": "node/10678219706",
        "access": "yes",
        "amenity": "charging_station",
        "capacity": "2",
        "operator": "Berliner Stadtwerke",
        "operator:wikidata": "Q21969102",
        "socket:type2": "2",
        "socket:type2:current": "16",
        "socket:type2:output": "11 kW",
        "socket:type2:voltage": "400",
        "survey:date": "2023-02-19"
      },
      "geometry": {
        "type": "Point",
        "coordinates": [
          13.3744603,
          52.5481058
        ]
      },
      "id": "node/10678219706"
    },
    {
      "type": "Feature",
      "properties": {
        "@id": "node/10678597448",
        "amenity": "charging_station",
        "bicycle": "no",
        "capacity": "2",
        "motorcar": "yes",
        "operator": "Berliner Stadtwerke",
        "operator:wikidata": "Q21969102"
      },
      "geometry": {
        "type": "Point",
        "coordinates": [
          13.3945609,
          52.5063628
        ]
      },
      "id": "node/10678597448"
    },
    {
      "type": "Feature",
      "properties": {
        "@id": "node/10681631072",
        "access": "yes",
        "amenity": "charging_station",
        "bicycle": "no",
        "capacity": "2",
        "fee": "yes",
        "maxstay": "120 minutes",
        "motorcar": "yes",
        "network": "EnBW mobility+",
        "opening_hours": "24/7",
        "operator": "EnBW Energie Baden-Württemberg AG",
        "operator:wikidata": "Q644304",
        "payment:app": "yes",
        "payment:cards": "yes",
        "payment:cash": "no",
        "payment:membership_card": "yes",
        "socket:type2_combo": "2",
        "socket:type2_combo:current": "300 A",
        "socket:type2_combo:output": "150 kW",
        "socket:type2_combo:voltage": "1000 V"
      },
      "geometry": {
        "type": "Point",
        "coordinates": [
          13.5858146,
          52.4520542
        ]
      },
      "id": "node/10681631072"
    },
    {
      "type": "Feature",
      "properties": {
        "@id": "node/10685069589",
        "access": "private",
        "amenity": "charging_station",
        "capacity": "2",
        "motorcar": "yes",
        "operator": "Wirelane",
        "operator:wikidata": "Q127242843"
      },
      "geometry": {
        "type": "Point",
        "coordinates": [
          13.4783296,
          52.5142234
        ]
      },
      "id": "node/10685069589"
    },
    {
      "type": "Feature",
      "properties": {
        "@id": "node/10706274656",
        "amenity": "charging_station",
        "capacity": "2",
        "charging_station:output": "22 kW",
        "motorcar": "yes",
        "name": "Ladesäule 2x11 kW Typ 2 Blumenthalstr. 2",
        "opening_hours": "24/7",
        "operator": "Berliner Stadtwerke",
        "operator:wikidata": "Q21969102",
        "socket:chademo": "0",
        "socket:type2": "2",
        "socket:type2:current": "16",
        "socket:type2:output": "11 kW",
        "socket:type2:voltage": "400",
        "socket:type2_combo": "0"
      },
      "geometry": {
        "type": "Point",
        "coordinates": [
          13.3809865,
          52.4623566
        ]
      },
      "id": "node/10706274656"
    },
    {
      "type": "Feature",
      "properties": {
        "@id": "node/10706794352",
        "amenity": "charging_station",
        "brand": "ubitricity",
        "brand:wikidata": "Q113699692",
        "capacity": "1",
        "description": "Straßenlaterne",
        "name": "ubitricity",
        "operator": "ubitricity",
        "operator:wikidata": "Q113699692",
        "socket:type2": "1",
        "socket:type2:output": "3.7 kW",
        "website": "https://www.ubitricity.com/de/"
      },
      "geometry": {
        "type": "Point",
        "coordinates": [
          13.3257967,
          52.414148
        ]
      },
      "id": "node/10706794352"
    },
    {
      "type": "Feature",
      "properties": {
        "@id": "node/10706794353",
        "amenity": "charging_station",
        "brand": "ubitricity",
        "brand:wikidata": "Q113699692",
        "capacity": "1",
        "description": "Straßenlaterne",
        "name": "ubitricity",
        "operator": "ubitricity",
        "operator:wikidata": "Q113699692",
        "socket:type2": "1",
        "socket:type2:output": "3.7 kW",
        "website": "https://www.ubitricity.com/de/"
      },
      "geometry": {
        "type": "Point",
        "coordinates": [
          13.3254732,
          52.4138598
        ]
      },
      "id": "node/10706794353"
    },
    {
      "type": "Feature",
      "properties": {
        "@id": "node/10707641673",
        "amenity": "charging_station",
        "bicycle": "no",
        "capacity": "2",
        "motorcar": "yes",
        "operator": "Stadtwerke Berlin"
      },
      "geometry": {
        "type": "Point",
        "coordinates": [
          13.3851869,
          52.5196884
        ]
      },
      "id": "node/10707641673"
    },
    {
      "type": "Feature",
      "properties": {
        "@id": "node/10716243035",
        "amenity": "charging_station",
        "bicycle": "yes",
        "capacity": "2",
        "motorcar": "yes"
      },
      "geometry": {
        "type": "Point",
        "coordinates": [
          13.584779,
          52.4662553
        ]
      },
      "id": "node/10716243035"
    },
    {
      "type": "Feature",
      "properties": {
        "@id": "node/10716467499",
        "amenity": "charging_station",
        "capacity": "2",
        "motorcar": "yes",
        "operator": "Berliner Stadtwerke",
        "operator:wikidata": "Q21969102"
      },
      "geometry": {
        "type": "Point",
        "coordinates": [
          13.4074222,
          52.4902907
        ]
      },
      "id": "node/10716467499"
    },
    {
      "type": "Feature",
      "properties": {
        "@id": "node/10717648809",
        "amenity": "charging_station",
        "bicycle": "no",
        "capacity": "2",
        "motorcar": "yes",
        "operator": "Berliner Stadtwerke",
        "operator:wikidata": "Q21969102"
      },
      "geometry": {
        "type": "Point",
        "coordinates": [
          13.4565431,
          52.5018791
        ]
      },
      "id": "node/10717648809"
    },
    {
      "type": "Feature",
      "properties": {
        "@id": "node/10717746123",
        "amenity": "charging_station",
        "capacity": "2",
        "motorcar": "yes",
        "operator": "Berliner Stadtwerke",
        "operator:wikidata": "Q21969102"
      },
      "geometry": {
        "type": "Point",
        "coordinates": [
          13.4351168,
          52.5143877
        ]
      },
      "id": "node/10717746123"
    },
    {
      "type": "Feature",
      "properties": {
        "@id": "node/10717746126",
        "amenity": "charging_station",
        "capacity": "2",
        "motorcar": "yes",
        "operator": "Berliner Stadtwerke",
        "operator:wikidata": "Q21969102"
      },
      "geometry": {
        "type": "Point",
        "coordinates": [
          13.4381769,
          52.5116513
        ]
      },
      "id": "node/10717746126"
    },
    {
      "type": "Feature",
      "properties": {
        "@id": "node/10717807886",
        "access": "yes",
        "addr:floor": "0",
        "amenity": "charging_station",
        "bicycle": "no",
        "capacity": "2",
        "covered": "no",
        "fee": "yes",
        "level": "0",
        "motorcar": "yes",
        "operator": "Berliner Stadtwerke",
        "operator:wikidata": "Q21969102",
        "payment:mastercard": "yes",
        "payment:paypal": "yes",
        "payment:visa": "yes",
        "source": "survey"
      },
      "geometry": {
        "type": "Point",
        "coordinates": [
          13.416641,
          52.4925174
        ]
      },
      "id": "node/10717807886"
    },
    {
      "type": "Feature",
      "properties": {
        "@id": "node/10717813717",
        "amenity": "charging_station",
        "bicycle": "no",
        "capacity": "2",
        "motorcar": "yes",
        "operator": "Berliner Stadtwerke",
        "operator:wikidata": "Q21969102"
      },
      "geometry": {
        "type": "Point",
        "coordinates": [
          13.4327327,
          52.5026159
        ]
      },
      "id": "node/10717813717"
    },
    {
      "type": "Feature",
      "properties": {
        "@id": "node/10721551205",
        "access": "yes",
        "amenity": "charging_station",
        "bicycle": "no",
        "capacity": "2",
        "fee": "yes",
        "maxstay": "120 minutes",
        "motorcar": "yes",
        "network": "EnBW mobility+",
        "opening_hours": "24/7",
        "operator": "EnBW Energie Baden-Württemberg AG",
        "operator:wikidata": "Q644304",
        "payment:app": "yes",
        "payment:cards": "yes",
        "payment:cash": "no",
        "payment:membership_card": "yes",
        "socket:type2_combo": "2",
        "socket:type2_combo:current": "500 A",
        "socket:type2_combo:output": "300 kW",
        "socket:type2_combo:voltage": "1000 V"
      },
      "geometry": {
        "type": "Point",
        "coordinates": [
          13.5857418,
          52.4520808
        ]
      },
      "id": "node/10721551205"
    },
    {
      "type": "Feature",
      "properties": {
        "@id": "node/10732181384",
        "access": "customers",
        "amenity": "charging_station",
        "capacity": "2"
      },
      "geometry": {
        "type": "Point",
        "coordinates": [
          13.6065086,
          52.4901735
        ]
      },
      "id": "node/10732181384"
    },
    {
      "type": "Feature",
      "properties": {
        "@id": "node/10763334164",
        "access": "yes",
        "addr:floor": "0",
        "amenity": "charging_station",
        "brand": "Compleo",
        "capacity": "2",
        "colour": "grey",
        "covered": "no",
        "fee": "yes",
        "level": "0",
        "operator": "Berliner Stadtwerke",
        "operator:wikidata": "Q21969102",
        "payment:mastercard": "yes",
        "payment:paypal": "yes",
        "payment:visa": "yes",
        "ref": "DE*BSW*E603529*529;DE*BSW*E603528*528",
        "source": "survey"
      },
      "geometry": {
        "type": "Point",
        "coordinates": [
          13.3983223,
          52.5254435
        ]
      },
      "id": "node/10763334164"
    },
    {
      "type": "Feature",
      "properties": {
        "@id": "node/10770059377",
        "amenity": "charging_station",
        "bicycle": "no",
        "capacity": "2",
        "operator": "Berliner Stadtwerke",
        "operator:wikidata": "Q21969102"
      },
      "geometry": {
        "type": "Point",
        "coordinates": [
          13.521065,
          52.506298
        ]
      },
      "id": "node/10770059377"
    },
    {
      "type": "Feature",
      "properties": {
        "@id": "node/10772816867",
        "amenity": "charging_station",
        "capacity": "2",
        "operator": "E.ON",
        "operator:wikidata": "Q270223"
      },
      "geometry": {
        "type": "Point",
        "coordinates": [
          13.4969009,
          52.4165428
        ]
      },
      "id": "node/10772816867"
    },
    {
      "type": "Feature",
      "properties": {
        "@id": "node/10778192305",
        "amenity": "charging_station",
        "capacity": "2",
        "operator": "Shell",
        "operator:wikidata": "Q110716465"
      },
      "geometry": {
        "type": "Point",
        "coordinates": [
          13.4078548,
          52.5040326
        ]
      },
      "id": "node/10778192305"
    },
    {
      "type": "Feature",
      "properties": {
        "@id": "node/10780836082",
        "amenity": "charging_station",
        "highway": "street_lamp"
      },
      "geometry": {
        "type": "Point",
        "coordinates": [
          13.6055196,
          52.4914981
        ]
      },
      "id": "node/10780836082"
    },
    {
      "type": "Feature",
      "properties": {
        "@id": "node/10780836083",
        "amenity": "charging_station",
        "highway": "street_lamp"
      },
      "geometry": {
        "type": "Point",
        "coordinates": [
          13.6059465,
          52.49144
        ]
      },
      "id": "node/10780836083"
    },
    {
      "type": "Feature",
      "properties": {
        "@id": "node/10780836084",
        "amenity": "charging_station",
        "highway": "street_lamp"
      },
      "geometry": {
        "type": "Point",
        "coordinates": [
          13.6064271,
          52.4913709
        ]
      },
      "id": "node/10780836084"
    },
    {
      "type": "Feature",
      "properties": {
        "@id": "node/10780836085",
        "amenity": "charging_station",
        "highway": "street_lamp"
      },
      "geometry": {
        "type": "Point",
        "coordinates": [
          13.6068724,
          52.4913092
        ]
      },
      "id": "node/10780836085"
    },
    {
      "type": "Feature",
      "properties": {
        "@id": "node/10780836086",
        "amenity": "charging_station",
        "highway": "street_lamp"
      },
      "geometry": {
        "type": "Point",
        "coordinates": [
          13.6073282,
          52.4912457
        ]
      },
      "id": "node/10780836086"
    },
    {
      "type": "Feature",
      "properties": {
        "@id": "node/10784004587",
        "amenity": "charging_station",
        "highway": "street_lamp"
      },
      "geometry": {
        "type": "Point",
        "coordinates": [
          13.586717,
          52.4848145
        ]
      },
      "id": "node/10784004587"
    },
    {
      "type": "Feature",
      "properties": {
        "@id": "node/10784004588",
        "amenity": "charging_station",
        "highway": "street_lamp"
      },
      "geometry": {
        "type": "Point",
        "coordinates": [
          13.586346,
          52.4846523
        ]
      },
      "id": "node/10784004588"
    },
    {
      "type": "Feature",
      "properties": {
        "@id": "node/10784004589",
        "amenity": "charging_station",
        "highway": "street_lamp"
      },
      "geometry": {
        "type": "Point",
        "coordinates": [
          13.5860512,
          52.4845223
        ]
      },
      "id": "node/10784004589"
    },
    {
      "type": "Feature",
      "properties": {
        "@id": "node/10784004590",
        "amenity": "charging_station",
        "highway": "street_lamp"
      },
      "geometry": {
        "type": "Point",
        "coordinates": [
          13.5856097,
          52.4843253
        ]
      },
      "id": "node/10784004590"
    },
    {
      "type": "Feature",
      "properties": {
        "@id": "node/10784004591",
        "amenity": "charging_station",
        "highway": "street_lamp"
      },
      "geometry": {
        "type": "Point",
        "coordinates": [
          13.5852114,
          52.4841493
        ]
      },
      "id": "node/10784004591"
    },
    {
      "type": "Feature",
      "properties": {
        "@id": "node/10784004592",
        "amenity": "charging_station",
        "highway": "street_lamp"
      },
      "geometry": {
        "type": "Point",
        "coordinates": [
          13.5849767,
          52.4840341
        ]
      },
      "id": "node/10784004592"
    },
    {
      "type": "Feature",
      "properties": {
        "@id": "node/10790424739",
        "access": "customers",
        "addr:city": "Berlin",
        "addr:housenumber": "47",
        "addr:postcode": "12353",
        "addr:street": "Theodor-Loos-Weg",
        "amenity": "charging_station",
        "capacity": "1",
        "fee": "yes",
        "maxstay:conditional": "4 hours @ (08:00-18:00)",
        "operator": "Berliner Stadtwerke",
        "operator:wikidata": "Q21969102",
        "payment:app": "yes",
        "payment:contactless": "yes",
        "ref:EU:EVSE": "DE*BSW*E604205*205",
        "socket:type2": "1",
        "socket:type2:output": "3.7 kW"
      },
      "geometry": {
        "type": "Point",
        "coordinates": [
          13.4753413,
          52.4208928
        ]
      },
      "id": "node/10790424739"
    },
    {
      "type": "Feature",
      "properties": {
        "@id": "node/10797719922",
        "access": "customers",
        "amenity": "charging_station",
        "capacity": "2",
        "operator": "Lidl",
        "operator:wikidata": "Q151954"
      },
      "geometry": {
        "type": "Point",
        "coordinates": [
          13.5756313,
          52.5460547
        ]
      },
      "id": "node/10797719922"
    },
    {
      "type": "Feature",
      "properties": {
        "@id": "node/10814314772",
        "amenity": "charging_station",
        "bicycle": "no",
        "capacity": "2",
        "operator": "Berliner Stadtwerke",
        "operator:wikidata": "Q21969102"
      },
      "geometry": {
        "type": "Point",
        "coordinates": [
          13.5031276,
          52.4432759
        ]
      },
      "id": "node/10814314772"
    },
    {
      "type": "Feature",
      "properties": {
        "@id": "node/10817777040",
        "amenity": "charging_station",
        "highway": "street_lamp"
      },
      "geometry": {
        "type": "Point",
        "coordinates": [
          13.5656552,
          52.4955389
        ]
      },
      "id": "node/10817777040"
    },
    {
      "type": "Feature",
      "properties": {
        "@id": "node/10817777043",
        "amenity": "charging_station",
        "highway": "street_lamp"
      },
      "geometry": {
        "type": "Point",
        "coordinates": [
          13.5656002,
          52.4953439
        ]
      },
      "id": "node/10817777043"
    },
    {
      "type": "Feature",
      "properties": {
        "@id": "node/10817777044",
        "amenity": "charging_station",
        "highway": "street_lamp"
      },
      "geometry": {
        "type": "Point",
        "coordinates": [
          13.5655308,
          52.4951156
        ]
      },
      "id": "node/10817777044"
    },
    {
      "type": "Feature",
      "properties": {
        "@id": "node/10817777055",
        "amenity": "charging_station",
        "highway": "street_lamp"
      },
      "geometry": {
        "type": "Point",
        "coordinates": [
          13.5652557,
          52.4945167
        ]
      },
      "id": "node/10817777055"
    },
    {
      "type": "Feature",
      "properties": {
        "@id": "node/10817777056",
        "amenity": "charging_station",
        "highway": "street_lamp"
      },
      "geometry": {
        "type": "Point",
        "coordinates": [
          13.5651434,
          52.4937885
        ]
      },
      "id": "node/10817777056"
    },
    {
      "type": "Feature",
      "properties": {
        "@id": "node/10823787279",
        "amenity": "charging_station",
        "capacity": "1",
        "highway": "street_lamp",
        "operator": "ubitricity"
      },
      "geometry": {
        "type": "Point",
        "coordinates": [
          13.6165158,
          52.5223032
        ]
      },
      "id": "node/10823787279"
    },
    {
      "type": "Feature",
      "properties": {
        "@id": "node/10823787280",
        "amenity": "charging_station",
        "capacity": "1",
        "highway": "street_lamp",
        "operator": "ubitricity"
      },
      "geometry": {
        "type": "Point",
        "coordinates": [
          13.6170868,
          52.5221066
        ]
      },
      "id": "node/10823787280"
    },
    {
      "type": "Feature",
      "properties": {
        "@id": "node/10823787281",
        "amenity": "charging_station",
        "capacity": "1",
        "highway": "street_lamp",
        "operator": "ubitricity"
      },
      "geometry": {
        "type": "Point",
        "coordinates": [
          13.6178447,
          52.5218397
        ]
      },
      "id": "node/10823787281"
    },
    {
      "type": "Feature",
      "properties": {
        "@id": "node/10824172699",
        "amenity": "charging_station",
        "highway": "street_lamp"
      },
      "geometry": {
        "type": "Point",
        "coordinates": [
          13.5645954,
          52.4923916
        ]
      },
      "id": "node/10824172699"
    },
    {
      "type": "Feature",
      "properties": {
        "@id": "node/10824172700",
        "amenity": "charging_station",
        "highway": "street_lamp"
      },
      "geometry": {
        "type": "Point",
        "coordinates": [
          13.5647513,
          52.4928
        ]
      },
      "id": "node/10824172700"
    },
    {
      "type": "Feature",
      "properties": {
        "@id": "node/10824172701",
        "amenity": "charging_station",
        "highway": "street_lamp"
      },
      "geometry": {
        "type": "Point",
        "coordinates": [
          13.5648363,
          52.493012
        ]
      },
      "id": "node/10824172701"
    },
    {
      "type": "Feature",
      "properties": {
        "@id": "node/10852783583",
        "amenity": "charging_station",
        "bicycle": "yes",
        "bicycle_parking": "wall_loops",
        "capacity": "6",
        "motorcar": "no",
        "operator": "Charité",
        "operator:wikidata": "Q162684",
        "socket:device:USB-A": "6",
        "socket:device:USB-C": "6",
        "socket:schuko": "6"
      },
      "geometry": {
        "type": "Point",
        "coordinates": [
          13.376642,
          52.5247364
        ]
      },
      "id": "node/10852783583"
    },
    {
      "type": "Feature",
      "properties": {
        "@id": "node/10852876118",
        "amenity": "charging_station",
        "bicycle": "no",
        "capacity": "2",
        "operator": "Berliner Stadtwerke",
        "operator:wikidata": "Q21969102"
      },
      "geometry": {
        "type": "Point",
        "coordinates": [
          13.4642389,
          52.4869762
        ]
      },
      "id": "node/10852876118"
    },
    {
      "type": "Feature",
      "properties": {
        "@id": "node/10868939603",
        "amenity": "charging_station",
        "capacity": "1"
      },
      "geometry": {
        "type": "Point",
        "coordinates": [
          13.3921833,
          52.5510776
        ]
      },
      "id": "node/10868939603"
    },
    {
      "type": "Feature",
      "properties": {
        "@id": "node/10880227413",
        "amenity": "charging_station",
        "capacity": "2",
        "operator": "Deutsche Telekom",
        "operator:wikidata": "Q9396"
      },
      "geometry": {
        "type": "Point",
        "coordinates": [
          13.4477252,
          52.5484318
        ]
      },
      "id": "node/10880227413"
    },
    {
      "type": "Feature",
      "properties": {
        "@id": "node/10882954116",
        "amenity": "charging_station",
        "capacity": "2"
      },
      "geometry": {
        "type": "Point",
        "coordinates": [
          13.4030498,
          52.4985745
        ]
      },
      "id": "node/10882954116"
    },
    {
      "type": "Feature",
      "properties": {
        "@id": "node/10902529155",
        "access": "yes",
        "amenity": "charging_station",
        "bicycle": "no",
        "capacity": "2",
        "covered": "no",
        "fee": "yes",
        "operator": "Berliner Stadtwerke",
        "operator:wikidata": "Q21969102",
        "source": "survey",
        "wheelchair": "limited"
      },
      "geometry": {
        "type": "Point",
        "coordinates": [
          13.3774783,
          52.5293195
        ]
      },
      "id": "node/10902529155"
    },
    {
      "type": "Feature",
      "properties": {
        "@id": "node/10914516040",
        "access": "yes",
        "amenity": "charging_station",
        "capacity": "1",
        "charge": "0.55 EUR/kWh",
        "charge:conditional": "2ct/min @ (stay > 4 hours)",
        "fee": "yes",
        "opening_hours": "24/7",
        "operator": "Berliner Stadtwerke KommunalPartner GmbH",
        "ref:EU:EVSE": "DE*BSW*E503985*985",
        "socket:type2:output": "3.7kW",
        "website": "https://chrg.me/vYPrmb"
      },
      "geometry": {
        "type": "Point",
        "coordinates": [
          13.3439319,
          52.4392664
        ]
      },
      "id": "node/10914516040"
    },
    {
      "type": "Feature",
      "properties": {
        "@id": "node/10916802596",
        "access": "yes",
        "amenity": "charging_station",
        "authentication:membership_card": "yes",
        "authentication:none": "yes",
        "brand": "ubitricity",
        "brand:wikidata": "Q113699692",
        "capacity": "1",
        "name": "ubitricity",
        "opening_hours": "24/7",
        "operator": "ubitricity",
        "operator:wikidata": "Q113699692",
        "parking:fee": "no",
        "socket:type2": "1",
        "socket:type2:current": "16",
        "socket:type2:output": "3.7kW",
        "socket:type2:voltage": "230"
      },
      "geometry": {
        "type": "Point",
        "coordinates": [
          13.555071,
          52.5007389
        ]
      },
      "id": "node/10916802596"
    },
    {
      "type": "Feature",
      "properties": {
        "@id": "node/10916823052",
        "access": "yes",
        "amenity": "charging_station",
        "authentication:membership_card": "yes",
        "authentication:none": "yes",
        "brand": "ubitricity",
        "brand:wikidata": "Q113699692",
        "capacity": "1",
        "name": "ubitricity",
        "opening_hours": "24/7",
        "operator": "ubitricity",
        "operator:wikidata": "Q113699692",
        "parking:fee": "no",
        "socket:type2": "1",
        "socket:type2:current": "16",
        "socket:type2:output": "3.7kW",
        "socket:type2:voltage": "230"
      },
      "geometry": {
        "type": "Point",
        "coordinates": [
          13.5552504,
          52.5004317
        ]
      },
      "id": "node/10916823052"
    },
    {
      "type": "Feature",
      "properties": {
        "@id": "node/10916823053",
        "access": "yes",
        "amenity": "charging_station",
        "authentication:membership_card": "yes",
        "authentication:none": "yes",
        "brand": "ubitricity",
        "brand:wikidata": "Q113699692",
        "capacity": "1",
        "name": "ubitricity",
        "opening_hours": "24/7",
        "operator": "ubitricity",
        "operator:wikidata": "Q113699692",
        "parking:fee": "no",
        "socket:type2": "1",
        "socket:type2:current": "16",
        "socket:type2:output": "3.7kW",
        "socket:type2:voltage": "230"
      },
      "geometry": {
        "type": "Point",
        "coordinates": [
          13.5554113,
          52.5000685
        ]
      },
      "id": "node/10916823053"
    },
    {
      "type": "Feature",
      "properties": {
        "@id": "node/10916832121",
        "amenity": "charging_station",
        "bicycle": "no",
        "capacity": "2",
        "charge": "0.39 EUR/kWh",
        "fee": "yes",
        "name": "Berlin_Siemensstraße_3",
        "operator": "Miha Charge",
        "ref:EU:EVSE": "DE*384*E*156493CS0003*1",
        "socket:type1:output": "50 kW",
        "website": "https://elis.edeka/etsweb3/evseid/DE*384*E*156493CS0003*1"
      },
      "geometry": {
        "type": "Point",
        "coordinates": [
          13.3367021,
          52.4437218
        ]
      },
      "id": "node/10916832121"
    },
    {
      "type": "Feature",
      "properties": {
        "@id": "node/10916832122",
        "amenity": "charging_station",
        "bicycle": "no",
        "capacity": "2",
        "charge": "0.39 EUR/kWh",
        "fee": "yes",
        "name": "Berlin_Siemensstraße_1",
        "operator": "Miha Charge",
        "ref:EU:EVSE": "DE*384*E*156493CS0001*1",
        "socket:type1:output": "50 kW",
        "website": "https://elis.edeka/etsweb3/evseid/DE*384*E*156493CS0001*1"
      },
      "geometry": {
        "type": "Point",
        "coordinates": [
          13.3362714,
          52.4436091
        ]
      },
      "id": "node/10916832122"
    },
    {
      "type": "Feature",
      "properties": {
        "@id": "node/10916832123",
        "amenity": "charging_station",
        "bicycle": "no",
        "capacity": "2",
        "charge": "0.39 EUR/kWh",
        "fee": "yes",
        "name": "Berlin_Siemensstraße_2",
        "operator": "Miha Charge",
        "ref:EU:EVSE": "DE*384*E*156493CS0002*1",
        "socket:type1:output": "50 kW",
        "website": "https://elis.edeka/etsweb3/evseid/DE*384*E*156493CS0002*1"
      },
      "geometry": {
        "type": "Point",
        "coordinates": [
          13.3360919,
          52.4435642
        ]
      },
      "id": "node/10916832123"
    },
    {
      "type": "Feature",
      "properties": {
        "@id": "node/10923587351",
        "amenity": "charging_station",
        "bicycle": "no",
        "capacity": "2",
        "check_date": "2026-05-14",
        "operator": "Berliner Stadtwerke",
        "operator:wikidata": "Q21969102"
      },
      "geometry": {
        "type": "Point",
        "coordinates": [
          13.4284993,
          52.5318319
        ]
      },
      "id": "node/10923587351"
    },
    {
      "type": "Feature",
      "properties": {
        "@id": "node/10956681743",
        "amenity": "charging_station",
        "capacity": "1",
        "operator": "ubitricity"
      },
      "geometry": {
        "type": "Point",
        "coordinates": [
          13.6371944,
          52.5158789
        ]
      },
      "id": "node/10956681743"
    },
    {
      "type": "Feature",
      "properties": {
        "@id": "node/10956681744",
        "amenity": "charging_station",
        "capacity": "1",
        "operator": "ubitricity"
      },
      "geometry": {
        "type": "Point",
        "coordinates": [
          13.6378173,
          52.5162673
        ]
      },
      "id": "node/10956681744"
    },
    {
      "type": "Feature",
      "properties": {
        "@id": "node/10956681745",
        "amenity": "charging_station",
        "capacity": "1",
        "operator": "ubitricity"
      },
      "geometry": {
        "type": "Point",
        "coordinates": [
          13.6381048,
          52.5167937
        ]
      },
      "id": "node/10956681745"
    },
    {
      "type": "Feature",
      "properties": {
        "@id": "node/10956681748",
        "amenity": "charging_station",
        "capacity": "1",
        "operator": "ubitricity"
      },
      "geometry": {
        "type": "Point",
        "coordinates": [
          13.63754,
          52.5170133
        ]
      },
      "id": "node/10956681748"
    },
    {
      "type": "Feature",
      "properties": {
        "@id": "node/10956681754",
        "amenity": "charging_station",
        "capacity": "1",
        "operator": "ubitricity"
      },
      "geometry": {
        "type": "Point",
        "coordinates": [
          13.6372287,
          52.5170145
        ]
      },
      "id": "node/10956681754"
    },
    {
      "type": "Feature",
      "properties": {
        "@id": "node/10956681755",
        "amenity": "charging_station",
        "capacity": "1",
        "operator": "ubitricity"
      },
      "geometry": {
        "type": "Point",
        "coordinates": [
          13.6365712,
          52.5171736
        ]
      },
      "id": "node/10956681755"
    },
    {
      "type": "Feature",
      "properties": {
        "@id": "node/10961198949",
        "access": "yes",
        "amenity": "charging_station",
        "authentication:membership_card": "yes",
        "authentication:none": "yes",
        "brand": "ubitricity",
        "brand:wikidata": "Q113699692",
        "capacity": "1",
        "name": "ubitricity",
        "opening_hours": "24/7",
        "operator": "ubitricity",
        "operator:wikidata": "Q113699692",
        "parking:fee": "no",
        "socket:type2": "1",
        "socket:type2:current": "16",
        "socket:type2:output": "3.7kW",
        "socket:type2:voltage": "230"
      },
      "geometry": {
        "type": "Point",
        "coordinates": [
          13.5546669,
          52.5147604
        ]
      },
      "id": "node/10961198949"
    },
    {
      "type": "Feature",
      "properties": {
        "@id": "node/10961198950",
        "access": "yes",
        "amenity": "charging_station",
        "authentication:membership_card": "yes",
        "authentication:none": "yes",
        "brand": "ubitricity",
        "brand:wikidata": "Q113699692",
        "capacity": "1",
        "name": "ubitricity",
        "opening_hours": "24/7",
        "operator": "ubitricity",
        "operator:wikidata": "Q113699692",
        "parking:fee": "no",
        "socket:type2": "1",
        "socket:type2:current": "16",
        "socket:type2:output": "3.7kW",
        "socket:type2:voltage": "230",
        "wikimedia_commons": "File:Ladestation Ubitricity Oberfeldstraße 9 Berlin-Biesdorf.jpg"
      },
      "geometry": {
        "type": "Point",
        "coordinates": [
          13.5547573,
          52.5152052
        ]
      },
      "id": "node/10961198950"
    },
    {
      "type": "Feature",
      "properties": {
        "@id": "node/10961198951",
        "access": "yes",
        "amenity": "charging_station",
        "authentication:membership_card": "yes",
        "authentication:none": "yes",
        "brand": "ubitricity",
        "brand:wikidata": "Q113699692",
        "capacity": "1",
        "name": "ubitricity",
        "opening_hours": "24/7",
        "operator": "ubitricity",
        "operator:wikidata": "Q113699692",
        "parking:fee": "no",
        "socket:type2": "1",
        "socket:type2:current": "16",
        "socket:type2:output": "3.7kW",
        "socket:type2:voltage": "230"
      },
      "geometry": {
        "type": "Point",
        "coordinates": [
          13.5549612,
          52.5160933
        ]
      },
      "id": "node/10961198951"
    },
    {
      "type": "Feature",
      "properties": {
        "@id": "node/10961198952",
        "access": "yes",
        "amenity": "charging_station",
        "authentication:membership_card": "yes",
        "authentication:none": "yes",
        "brand": "ubitricity",
        "brand:wikidata": "Q113699692",
        "capacity": "1",
        "name": "ubitricity",
        "opening_hours": "24/7",
        "operator": "ubitricity",
        "operator:wikidata": "Q113699692",
        "parking:fee": "no",
        "socket:type2": "1",
        "socket:type2:current": "16",
        "socket:type2:output": "3.7kW",
        "socket:type2:voltage": "230"
      },
      "geometry": {
        "type": "Point",
        "coordinates": [
          13.555093,
          52.5166931
        ]
      },
      "id": "node/10961198952"
    },
    {
      "type": "Feature",
      "properties": {
        "@id": "node/10961198953",
        "access": "yes",
        "amenity": "charging_station",
        "authentication:membership_card": "yes",
        "authentication:none": "yes",
        "brand": "ubitricity",
        "brand:wikidata": "Q113699692",
        "capacity": "1",
        "name": "ubitricity",
        "opening_hours": "24/7",
        "operator": "ubitricity",
        "operator:wikidata": "Q113699692",
        "parking:fee": "no",
        "socket:type2": "1",
        "socket:type2:current": "16",
        "socket:type2:output": "3.7kW",
        "socket:type2:voltage": "230"
      },
      "geometry": {
        "type": "Point",
        "coordinates": [
          13.5551623,
          52.5170497
        ]
      },
      "id": "node/10961198953"
    },
    {
      "type": "Feature",
      "properties": {
        "@id": "node/10961198954",
        "access": "yes",
        "amenity": "charging_station",
        "authentication:membership_card": "yes",
        "authentication:none": "yes",
        "brand": "ubitricity",
        "brand:wikidata": "Q113699692",
        "capacity": "1",
        "name": "ubitricity",
        "opening_hours": "24/7",
        "operator": "ubitricity",
        "operator:wikidata": "Q113699692",
        "parking:fee": "no",
        "socket:type2": "1",
        "socket:type2:current": "16",
        "socket:type2:output": "3.7kW",
        "socket:type2:voltage": "230"
      },
      "geometry": {
        "type": "Point",
        "coordinates": [
          13.555232,
          52.5173408
        ]
      },
      "id": "node/10961198954"
    },
    {
      "type": "Feature",
      "properties": {
        "@id": "node/10961198955",
        "access": "yes",
        "amenity": "charging_station",
        "authentication:membership_card": "yes",
        "authentication:none": "yes",
        "brand": "ubitricity",
        "brand:wikidata": "Q113699692",
        "capacity": "1",
        "name": "ubitricity",
        "opening_hours": "24/7",
        "operator": "ubitricity",
        "operator:wikidata": "Q113699692",
        "parking:fee": "no",
        "socket:type2": "1",
        "socket:type2:current": "16",
        "socket:type2:output": "3.7kW",
        "socket:type2:voltage": "230"
      },
      "geometry": {
        "type": "Point",
        "coordinates": [
          13.5559224,
          52.5204571
        ]
      },
      "id": "node/10961198955"
    },
    {
      "type": "Feature",
      "properties": {
        "@id": "node/10961198956",
        "access": "yes",
        "amenity": "charging_station",
        "authentication:membership_card": "yes",
        "authentication:none": "yes",
        "brand": "ubitricity",
        "brand:wikidata": "Q113699692",
        "capacity": "1",
        "name": "ubitricity",
        "opening_hours": "24/7",
        "operator": "ubitricity",
        "operator:wikidata": "Q113699692",
        "parking:fee": "no",
        "socket:type2": "1",
        "socket:type2:current": "16",
        "socket:type2:output": "3.7kW",
        "socket:type2:voltage": "230"
      },
      "geometry": {
        "type": "Point",
        "coordinates": [
          13.5559865,
          52.5207575
        ]
      },
      "id": "node/10961198956"
    },
    {
      "type": "Feature",
      "properties": {
        "@id": "node/10961198957",
        "access": "yes",
        "amenity": "charging_station",
        "authentication:membership_card": "yes",
        "authentication:none": "yes",
        "brand": "ubitricity",
        "brand:wikidata": "Q113699692",
        "capacity": "1",
        "name": "ubitricity",
        "opening_hours": "24/7",
        "operator": "ubitricity",
        "operator:wikidata": "Q113699692",
        "parking:fee": "no",
        "socket:type2": "1",
        "socket:type2:current": "16",
        "socket:type2:output": "3.7kW",
        "socket:type2:voltage": "230"
      },
      "geometry": {
        "type": "Point",
        "coordinates": [
          13.5560468,
          52.5210324
        ]
      },
      "id": "node/10961198957"
    },
    {
      "type": "Feature",
      "properties": {
        "@id": "node/10961198958",
        "access": "yes",
        "amenity": "charging_station",
        "authentication:membership_card": "yes",
        "authentication:none": "yes",
        "brand": "ubitricity",
        "brand:wikidata": "Q113699692",
        "capacity": "1",
        "name": "ubitricity",
        "opening_hours": "24/7",
        "operator": "ubitricity",
        "operator:wikidata": "Q113699692",
        "parking:fee": "no",
        "socket:type2": "1",
        "socket:type2:current": "16",
        "socket:type2:output": "3.7kW",
        "socket:type2:voltage": "230"
      },
      "geometry": {
        "type": "Point",
        "coordinates": [
          13.5561981,
          52.5217097
        ]
      },
      "id": "node/10961198958"
    },
    {
      "type": "Feature",
      "properties": {
        "@id": "node/10961198959",
        "access": "yes",
        "amenity": "charging_station",
        "authentication:membership_card": "yes",
        "authentication:none": "yes",
        "brand": "ubitricity",
        "brand:wikidata": "Q113699692",
        "capacity": "1",
        "name": "ubitricity",
        "opening_hours": "24/7",
        "operator": "ubitricity",
        "operator:wikidata": "Q113699692",
        "parking:fee": "no",
        "socket:type2": "1",
        "socket:type2:current": "16",
        "socket:type2:output": "3.7kW",
        "socket:type2:voltage": "230"
      },
      "geometry": {
        "type": "Point",
        "coordinates": [
          13.5562497,
          52.5219558
        ]
      },
      "id": "node/10961198959"
    },
    {
      "type": "Feature",
      "properties": {
        "@id": "node/10961198960",
        "access": "yes",
        "amenity": "charging_station",
        "authentication:membership_card": "yes",
        "authentication:none": "yes",
        "brand": "ubitricity",
        "brand:wikidata": "Q113699692",
        "capacity": "1",
        "name": "ubitricity",
        "opening_hours": "24/7",
        "operator": "ubitricity",
        "operator:wikidata": "Q113699692",
        "parking:fee": "no",
        "socket:type2": "1",
        "socket:type2:current": "16",
        "socket:type2:output": "3.7kW",
        "socket:type2:voltage": "230"
      },
      "geometry": {
        "type": "Point",
        "coordinates": [
          13.5563229,
          52.5222414
        ]
      },
      "id": "node/10961198960"
    },
    {
      "type": "Feature",
      "properties": {
        "@id": "node/10961226421",
        "access": "yes",
        "amenity": "charging_station",
        "authentication:membership_card": "yes",
        "authentication:none": "yes",
        "brand": "ubitricity",
        "brand:wikidata": "Q113699692",
        "capacity": "1",
        "name": "ubitricity",
        "opening_hours": "24/7",
        "operator": "ubitricity",
        "operator:wikidata": "Q113699692",
        "parking:fee": "no",
        "socket:type2": "1",
        "socket:type2:current": "16",
        "socket:type2:output": "3.7kW",
        "socket:type2:voltage": "230"
      },
      "geometry": {
        "type": "Point",
        "coordinates": [
          13.5615469,
          52.4977963
        ]
      },
      "id": "node/10961226421"
    },
    {
      "type": "Feature",
      "properties": {
        "@id": "node/10961226422",
        "access": "yes",
        "amenity": "charging_station",
        "authentication:membership_card": "yes",
        "authentication:none": "yes",
        "brand": "ubitricity",
        "brand:wikidata": "Q113699692",
        "capacity": "1",
        "name": "ubitricity",
        "opening_hours": "24/7",
        "operator": "ubitricity",
        "operator:wikidata": "Q113699692",
        "parking:fee": "no",
        "socket:type2": "1",
        "socket:type2:current": "16",
        "socket:type2:output": "3.7kW",
        "socket:type2:voltage": "230"
      },
      "geometry": {
        "type": "Point",
        "coordinates": [
          13.5606417,
          52.497823
        ]
      },
      "id": "node/10961226422"
    },
    {
      "type": "Feature",
      "properties": {
        "@id": "node/10961226423",
        "access": "yes",
        "amenity": "charging_station",
        "authentication:membership_card": "yes",
        "authentication:none": "yes",
        "brand": "ubitricity",
        "brand:wikidata": "Q113699692",
        "capacity": "1",
        "name": "ubitricity",
        "opening_hours": "24/7",
        "operator": "ubitricity",
        "operator:wikidata": "Q113699692",
        "parking:fee": "no",
        "socket:type2": "1",
        "socket:type2:current": "16",
        "socket:type2:output": "3.7kW",
        "socket:type2:voltage": "230"
      },
      "geometry": {
        "type": "Point",
        "coordinates": [
          13.559509,
          52.497855
        ]
      },
      "id": "node/10961226423"
    },
    {
      "type": "Feature",
      "properties": {
        "@id": "node/10961226424",
        "access": "yes",
        "amenity": "charging_station",
        "authentication:membership_card": "yes",
        "authentication:none": "yes",
        "brand": "ubitricity",
        "brand:wikidata": "Q113699692",
        "capacity": "1",
        "name": "ubitricity",
        "opening_hours": "24/7",
        "operator": "ubitricity",
        "operator:wikidata": "Q113699692",
        "parking:fee": "no",
        "socket:type2": "1",
        "socket:type2:current": "16",
        "socket:type2:output": "3.7kW",
        "socket:type2:voltage": "230"
      },
      "geometry": {
        "type": "Point",
        "coordinates": [
          13.558847,
          52.49788
        ]
      },
      "id": "node/10961226424"
    },
    {
      "type": "Feature",
      "properties": {
        "@id": "node/10968173733",
        "access": "yes",
        "amenity": "charging_station",
        "bicycle": "no",
        "bus": "no",
        "capacity": "1",
        "email": "charge@ubitricity.com",
        "fee": "yes",
        "hgv": "no",
        "maxstay": "unlimited",
        "motorcar": "yes",
        "network": "ubitricity",
        "opening_hours": "24/7",
        "panoramax": "f3d0c3db-53ad-43d0-9599-2e026f593c4d",
        "panoramax:0": "c681ccae-8296-4115-8958-77c20b4c83b8",
        "panoramax:1": "c61e1ef6-d121-4dd2-b141-b7809787b38a",
        "parking:fee": "no",
        "payment:app": "yes",
        "payment:cards": "no",
        "payment:cash": "no",
        "payment:membership_card": "yes",
        "phone": "0800 3004500",
        "scooter": "no",
        "socket:type2": "1",
        "socket:type2:current": "16 A",
        "socket:type2:output": "3.7 kW",
        "socket:type2:voltage": "230 V",
        "website": "https://charge.ubitricity.com/DE*UBI*E10033541"
      },
      "geometry": {
        "type": "Point",
        "coordinates": [
          13.6252779,
          52.4460376
        ]
      },
      "id": "node/10968173733"
    },
    {
      "type": "Feature",
      "properties": {
        "@id": "node/10983736845",
        "amenity": "charging_station",
        "bicycle": "yes",
        "name": "E-Tankstelle",
        "scooter": "yes"
      },
      "geometry": {
        "type": "Point",
        "coordinates": [
          13.3156825,
          52.5076274
        ]
      },
      "id": "node/10983736845"
    },
    {
      "type": "Feature",
      "properties": {
        "@id": "node/10989979756",
        "access": "yes",
        "amenity": "charging_station",
        "brand": "ubitricity",
        "brand:wikidata": "Q113699692",
        "capacity": "1",
        "charging_station:output": "3,7 kW",
        "fee": "yes",
        "motorcar": "yes",
        "name": "ubitricity",
        "opening_hours": "24/7",
        "operator": "ubitricity",
        "operator:wikidata": "Q113699692",
        "parking:fee": "no"
      },
      "geometry": {
        "type": "Point",
        "coordinates": [
          13.3148722,
          52.6271353
        ]
      },
      "id": "node/10989979756"
    },
    {
      "type": "Feature",
      "properties": {
        "@id": "node/10989979757",
        "access": "yes",
        "amenity": "charging_station",
        "brand": "ubitricity",
        "brand:wikidata": "Q113699692",
        "capacity": "1",
        "charging_station:output": "3,7 kW",
        "fee": "yes",
        "motorcar": "yes",
        "name": "ubitricity",
        "opening_hours": "24/7",
        "operator": "ubitricity",
        "operator:wikidata": "Q113699692",
        "parking:fee": "no"
      },
      "geometry": {
        "type": "Point",
        "coordinates": [
          13.3145089,
          52.6272509
        ]
      },
      "id": "node/10989979757"
    },
    {
      "type": "Feature",
      "properties": {
        "@id": "node/10989979758",
        "access": "yes",
        "amenity": "charging_station",
        "brand": "ubitricity",
        "brand:wikidata": "Q113699692",
        "capacity": "1",
        "charging_station:output": "3,7 kW",
        "fee": "yes",
        "motorcar": "yes",
        "name": "ubitricity",
        "opening_hours": "24/7",
        "operator": "ubitricity",
        "operator:wikidata": "Q113699692",
        "parking:fee": "no"
      },
      "geometry": {
        "type": "Point",
        "coordinates": [
          13.3140839,
          52.6273985
        ]
      },
      "id": "node/10989979758"
    },
    {
      "type": "Feature",
      "properties": {
        "@id": "node/10989979759",
        "access": "yes",
        "amenity": "charging_station",
        "brand": "ubitricity",
        "brand:wikidata": "Q113699692",
        "capacity": "1",
        "charging_station:output": "3,7 kW",
        "fee": "yes",
        "motorcar": "yes",
        "name": "ubitricity",
        "opening_hours": "24/7",
        "operator": "ubitricity",
        "operator:wikidata": "Q113699692",
        "parking:fee": "no"
      },
      "geometry": {
        "type": "Point",
        "coordinates": [
          13.3128228,
          52.6276561
        ]
      },
      "id": "node/10989979759"
    },
    {
      "type": "Feature",
      "properties": {
        "@id": "node/11001975585",
        "amenity": "charging_station",
        "bicycle": "no",
        "capacity": "1",
        "fee": "yes",
        "motorcar": "yes",
        "opening_hours": "24/7",
        "operator": "Berliner Stadtwerke",
        "operator:wikidata": "Q21969102",
        "socket:type2": "2",
        "socket:type2:output": "3,7"
      },
      "geometry": {
        "type": "Point",
        "coordinates": [
          13.3943084,
          52.3888367
        ]
      },
      "id": "node/11001975585"
    },
    {
      "type": "Feature",
      "properties": {
        "@id": "node/11001999977",
        "amenity": "charging_station",
        "brand": "Shell Recharge",
        "capacity": "3",
        "fee": "yes",
        "motorcar": "yes",
        "opening_hours": "24/7",
        "operator": "Shell Recharge Solutions",
        "operator:wikidata": "Q105883058",
        "socket:chademo": "2",
        "socket:chademo:output": "100",
        "socket:type2_combo": "3",
        "socket:type2_combo:output": "175"
      },
      "geometry": {
        "type": "Point",
        "coordinates": [
          13.4079473,
          52.3872761
        ]
      },
      "id": "node/11001999977"
    },
    {
      "type": "Feature",
      "properties": {
        "@id": "node/11002118252",
        "amenity": "charging_station",
        "authentication:app": "yes",
        "authentication:none": "yes",
        "capacity": "2",
        "fee": "yes",
        "motorcar": "yes",
        "opening_hours": "24/7",
        "operator": "Berliner Stadtwerke",
        "operator:wikidata": "Q21969102",
        "payment:mastercard": "yes",
        "payment:paypal": "yes",
        "payment:visa": "yes",
        "socket:type2": "2",
        "socket:type2:output": "11"
      },
      "geometry": {
        "type": "Point",
        "coordinates": [
          13.382155,
          52.4358377
        ]
      },
      "id": "node/11002118252"
    },
    {
      "type": "Feature",
      "properties": {
        "@id": "node/11009507093",
        "access": "yes",
        "amenity": "charging_station",
        "brand": "ubitricity",
        "brand:wikidata": "Q113699692",
        "capacity": "2",
        "name": "ubitricity",
        "operator": "ubitricity",
        "operator:wikidata": "Q113699692",
        "socket:type2:output": "3,7 kW"
      },
      "geometry": {
        "type": "Point",
        "coordinates": [
          13.5371552,
          52.4360302
        ]
      },
      "id": "node/11009507093"
    },
    {
      "type": "Feature",
      "properties": {
        "@id": "node/11010190396",
        "amenity": "charging_station",
        "capacity": "2",
        "motorcar": "yes",
        "operator": "Berliner Stadtwerke",
        "operator:wikidata": "Q21969102"
      },
      "geometry": {
        "type": "Point",
        "coordinates": [
          13.4143679,
          52.4993019
        ]
      },
      "id": "node/11010190396"
    },
    {
      "type": "Feature",
      "properties": {
        "@id": "node/11012101799",
        "access": "yes",
        "amenity": "charging_station",
        "capacity": "1",
        "operator": "ubitricity",
        "socket:type2:output": "3 kW"
      },
      "geometry": {
        "type": "Point",
        "coordinates": [
          13.5086835,
          52.4395779
        ]
      },
      "id": "node/11012101799"
    },
    {
      "type": "Feature",
      "properties": {
        "@id": "node/11012101800",
        "access": "yes",
        "amenity": "charging_station",
        "capacity": "1",
        "operator": "ubitricity",
        "socket:type2:output": "3 kW"
      },
      "geometry": {
        "type": "Point",
        "coordinates": [
          13.5092708,
          52.4395466
        ]
      },
      "id": "node/11012101800"
    },
    {
      "type": "Feature",
      "properties": {
        "@id": "node/11015531576",
        "amenity": "charging_station",
        "bicycle": "no",
        "capacity": "1",
        "motorcar": "yes",
        "operator": "Senatsverwaltung für Umwelt, Mobilität, Verbraucher- und Klimaschutz Berlin",
        "start_date": "2023"
      },
      "geometry": {
        "type": "Point",
        "coordinates": [
          13.4426524,
          52.4783067
        ]
      },
      "id": "node/11015531576"
    },
    {
      "type": "Feature",
      "properties": {
        "@id": "node/11015531577",
        "amenity": "charging_station",
        "bicycle": "no",
        "capacity": "1",
        "motorcar": "yes",
        "operator": "Senatsverwaltung für Umwelt, Mobilität, Verbraucher- und Klimaschutz Berlin",
        "start_date": "2023"
      },
      "geometry": {
        "type": "Point",
        "coordinates": [
          13.4425946,
          52.4783415
        ]
      },
      "id": "node/11015531577"
    },
    {
      "type": "Feature",
      "properties": {
        "@id": "node/11033859331",
        "access": "yes",
        "amenity": "charging_station",
        "bicycle": "no",
        "brand": "qwello",
        "bus": "no",
        "capacity": "1",
        "covered": "no",
        "fee": "yes",
        "hgv": "no",
        "motorcar": "yes",
        "opening_hours": "24/7",
        "operator": "Qwello",
        "operator:wikidata": "Q130302686",
        "payment:app": "yes",
        "payment:apple_pay": "yes",
        "payment:google_pay": "yes",
        "payment:maestro": "yes",
        "payment:mastercard": "yes",
        "payment:samsung_pay": "yes",
        "payment:visa": "yes",
        "scooter": "no",
        "socket:type2": "1",
        "socket:type2:output": "22 kW",
        "socket:type2_cable": "1",
        "socket:type2_cable:output": "11 kW",
        "website": "https://qwello.de/de"
      },
      "geometry": {
        "type": "Point",
        "coordinates": [
          13.3724679,
          52.5440099
        ]
      },
      "id": "node/11033859331"
    },
    {
      "type": "Feature",
      "properties": {
        "@id": "node/11033859332",
        "access": "yes",
        "amenity": "charging_station",
        "bicycle": "no",
        "brand": "qwello",
        "bus": "no",
        "capacity": "1",
        "covered": "no",
        "fee": "yes",
        "hgv": "no",
        "motorcar": "yes",
        "opening_hours": "24/7",
        "operator": "Qwello",
        "operator:wikidata": "Q130302686",
        "payment:app": "yes",
        "payment:apple_pay": "yes",
        "payment:google_pay": "yes",
        "payment:maestro": "yes",
        "payment:mastercard": "yes",
        "payment:samsung_pay": "yes",
        "payment:visa": "yes",
        "scooter": "no",
        "socket:type2": "1",
        "socket:type2:output": "22 kW",
        "socket:type2_cable": "1",
        "socket:type2_cable:output": "11 kW",
        "website": "https://qwello.de/de"
      },
      "geometry": {
        "type": "Point",
        "coordinates": [
          13.3724352,
          52.544017
        ]
      },
      "id": "node/11033859332"
    },
    {
      "type": "Feature",
      "properties": {
        "@id": "node/11034231172",
        "amenity": "charging_station",
        "capacity": "2",
        "motorcar": "yes",
        "operator": "Compleo"
      },
      "geometry": {
        "type": "Point",
        "coordinates": [
          13.431222,
          52.5047657
        ]
      },
      "id": "node/11034231172"
    },
    {
      "type": "Feature",
      "properties": {
        "@id": "node/11035811470",
        "amenity": "charging_station",
        "brand": "EnBW",
        "capacity": "2",
        "description": "Ladesäule für Autos",
        "operator": "EnBW Energie Baden-Württemberg AG",
        "operator:wikidata": "Q644304",
        "source": "estimate; extrapolate; survey"
      },
      "geometry": {
        "type": "Point",
        "coordinates": [
          13.3633003,
          52.5097254
        ]
      },
      "id": "node/11035811470"
    },
    {
      "type": "Feature",
      "properties": {
        "@id": "node/11036706065",
        "amenity": "charging_station",
        "bicycle": "no",
        "capacity": "2",
        "motorcar": "yes",
        "operator": "Berliner Stadtwerke",
        "operator:wikidata": "Q21969102"
      },
      "geometry": {
        "type": "Point",
        "coordinates": [
          13.3901164,
          52.503172
        ]
      },
      "id": "node/11036706065"
    },
    {
      "type": "Feature",
      "properties": {
        "@id": "node/11042351957",
        "access": "private",
        "amenity": "charging_station"
      },
      "geometry": {
        "type": "Point",
        "coordinates": [
          13.5284251,
          52.5082287
        ]
      },
      "id": "node/11042351957"
    },
    {
      "type": "Feature",
      "properties": {
        "@id": "node/11042351958",
        "access": "private",
        "amenity": "charging_station"
      },
      "geometry": {
        "type": "Point",
        "coordinates": [
          13.528462,
          52.5082287
        ]
      },
      "id": "node/11042351958"
    },
    {
      "type": "Feature",
      "properties": {
        "@id": "node/11050892852",
        "amenity": "charging_station",
        "capacity": "2",
        "motorcar": "yes",
        "opening_hours": "24/7",
        "operator": "Jelbi"
      },
      "geometry": {
        "type": "Point",
        "coordinates": [
          13.4913839,
          52.6362536
        ]
      },
      "id": "node/11050892852"
    },
    {
      "type": "Feature",
      "properties": {
        "@id": "node/11061677158",
        "amenity": "charging_station",
        "capacity": "1",
        "level": "0",
        "motorcar": "yes",
        "operator": "Berliner Stadtwerke",
        "operator:wikidata": "Q21969102"
      },
      "geometry": {
        "type": "Point",
        "coordinates": [
          13.3519338,
          52.4935405
        ]
      },
      "id": "node/11061677158"
    },
    {
      "type": "Feature",
      "properties": {
        "@id": "node/11066603793",
        "amenity": "charging_station",
        "capacity": "2",
        "motorcar": "yes"
      },
      "geometry": {
        "type": "Point",
        "coordinates": [
          13.4630938,
          52.4329738
        ]
      },
      "id": "node/11066603793"
    },
    {
      "type": "Feature",
      "properties": {
        "@id": "node/11073927710",
        "amenity": "charging_station",
        "bicycle": "no",
        "capacity": "2",
        "motorcar": "yes",
        "operator": "Berliner Stadtwerke"
      },
      "geometry": {
        "type": "Point",
        "coordinates": [
          13.4230691,
          52.4941104
        ]
      },
      "id": "node/11073927710"
    },
    {
      "type": "Feature",
      "properties": {
        "@id": "node/11085292706",
        "amenity": "charging_station",
        "authentication:app": "yes",
        "authentication:short_message": "yes",
        "brand": "LichtBlick eMobility",
        "capacity": "2",
        "fee": "yes",
        "motorcar": "yes",
        "opening_hours": "24/7",
        "ref": "DE*BDO*E107410505*1;DE*BDO*E107410505*2",
        "socket:type2": "2",
        "socket:type2:output": "22"
      },
      "geometry": {
        "type": "Point",
        "coordinates": [
          13.395463,
          52.3911897
        ]
      },
      "id": "node/11085292706"
    },
    {
      "type": "Feature",
      "properties": {
        "@id": "node/11085518922",
        "access": "yes",
        "amenity": "charging_station",
        "bicycle": "no",
        "capacity": "2",
        "operator": "Berliner Stadtwerke GmbH"
      },
      "geometry": {
        "type": "Point",
        "coordinates": [
          13.5572237,
          52.5062585
        ]
      },
      "id": "node/11085518922"
    },
    {
      "type": "Feature",
      "properties": {
        "@id": "node/11091093588",
        "amenity": "charging_station",
        "capacity": "2",
        "name": "Esso Lichtenrader Damm",
        "opening_hours": "24/7",
        "operator": "Esso",
        "operator:wikidata": "Q867662",
        "socket:type2_combo": "2",
        "socket:type2_combo:output": "300"
      },
      "geometry": {
        "type": "Point",
        "coordinates": [
          13.4083255,
          52.3879584
        ]
      },
      "id": "node/11091093588"
    },
    {
      "type": "Feature",
      "properties": {
        "@id": "node/11098758480",
        "amenity": "charging_station",
        "bicycle": "no",
        "brand": "TotalEnergies",
        "brand:wikidata": "Q154037",
        "capacity": "2",
        "fee": "yes",
        "operator": "TotalEnergies",
        "operator:wikidata": "Q154037",
        "wikimedia_commons": "File:20230808 xl 0718-Ladestation, Krefelder Straße 13.jpg"
      },
      "geometry": {
        "type": "Point",
        "coordinates": [
          13.3398613,
          52.5233014
        ]
      },
      "id": "node/11098758480"
    },
    {
      "type": "Feature",
      "properties": {
        "@id": "node/11101385054",
        "access": "yes",
        "amenity": "charging_station",
        "brand": "TotalEnergies",
        "brand:wikidata": "Q154037",
        "capacity": "2",
        "operator": "TotalEnergies",
        "operator:wikidata": "Q154037",
        "wikimedia_commons": "File:20230809_xl_1230-Ladestation, Berlin-Moabit, vor Zwinglistraße 1.jpg"
      },
      "geometry": {
        "type": "Point",
        "coordinates": [
          13.3347204,
          52.5255294
        ]
      },
      "id": "node/11101385054"
    },
    {
      "type": "Feature",
      "properties": {
        "@id": "node/11101400501",
        "access": "yes",
        "amenity": "charging_station",
        "brand": "TotalEnergies",
        "brand:wikidata": "Q154037",
        "capacity": "2",
        "operator": "TotalEnergies",
        "operator:wikidata": "Q154037",
        "wikimedia_commons": "File:20230809_xl_1230-Ladestation, Berlin-Moabit, vor Zwinglistraße 1.jpg"
      },
      "geometry": {
        "type": "Point",
        "coordinates": [
          13.3346506,
          52.5255319
        ]
      },
      "id": "node/11101400501"
    },
    {
      "type": "Feature",
      "properties": {
        "@id": "node/11104965813",
        "access": "yes",
        "amenity": "charging_station",
        "capacity": "1",
        "covered": "no",
        "fee": "yes",
        "operator": "Berliner Stadtwerke GmbH"
      },
      "geometry": {
        "type": "Point",
        "coordinates": [
          13.5670238,
          52.505434
        ]
      },
      "id": "node/11104965813"
    },
    {
      "type": "Feature",
      "properties": {
        "@id": "node/11119441688",
        "amenity": "charging_station",
        "brand": "Shell Recharge",
        "capacity": "6",
        "operator": "Shell Recharge Solutions",
        "operator:wikidata": "Q105883058"
      },
      "geometry": {
        "type": "Point",
        "coordinates": [
          13.3947164,
          52.5661126
        ]
      },
      "id": "node/11119441688"
    },
    {
      "type": "Feature",
      "properties": {
        "@id": "node/11122021060",
        "amenity": "charging_station",
        "capacity": "1",
        "operator": "Qwello",
        "operator:wikidata": "Q130302686"
      },
      "geometry": {
        "type": "Point",
        "coordinates": [
          13.4371306,
          52.4773715
        ]
      },
      "id": "node/11122021060"
    },
    {
      "type": "Feature",
      "properties": {
        "@id": "node/11122021061",
        "amenity": "charging_station",
        "capacity": "1",
        "operator": "Qwello",
        "operator:wikidata": "Q130302686"
      },
      "geometry": {
        "type": "Point",
        "coordinates": [
          13.437204,
          52.4773811
        ]
      },
      "id": "node/11122021061"
    },
    {
      "type": "Feature",
      "properties": {
        "@id": "node/11122053150",
        "amenity": "charging_station",
        "brand": "E.ON Drive",
        "brand:wikidata": "Q126650419",
        "capacity": "2",
        "operator": "E.ON",
        "operator:wikidata": "Q270223"
      },
      "geometry": {
        "type": "Point",
        "coordinates": [
          13.424861,
          52.5300293
        ]
      },
      "id": "node/11122053150"
    },
    {
      "type": "Feature",
      "properties": {
        "@id": "node/11122053151",
        "amenity": "charging_station",
        "brand": "E.ON Drive",
        "brand:wikidata": "Q126650419",
        "capacity": "2",
        "operator": "E.ON",
        "operator:wikidata": "Q270223"
      },
      "geometry": {
        "type": "Point",
        "coordinates": [
          13.4247966,
          52.5300539
        ]
      },
      "id": "node/11122053151"
    },
    {
      "type": "Feature",
      "properties": {
        "@id": "node/11122066005",
        "amenity": "charging_station",
        "capacity": "1",
        "operator": "Qwello",
        "operator:wikidata": "Q130302686"
      },
      "geometry": {
        "type": "Point",
        "coordinates": [
          13.4451978,
          52.4707715
        ]
      },
      "id": "node/11122066005"
    },
    {
      "type": "Feature",
      "properties": {
        "@id": "node/11122066006",
        "amenity": "charging_station",
        "capacity": "1",
        "operator": "Qwello",
        "operator:wikidata": "Q130302686"
      },
      "geometry": {
        "type": "Point",
        "coordinates": [
          13.4452675,
          52.4707795
        ]
      },
      "id": "node/11122066006"
    },
    {
      "type": "Feature",
      "properties": {
        "@id": "node/11128418550",
        "access": "customers",
        "amenity": "charging_station",
        "capacity": "2",
        "operator": "Lidl",
        "operator:wikidata": "Q151954",
        "socket:chademo": "1",
        "socket:chademo:output": "50 kW",
        "socket:type2": "1",
        "socket:type2:output": "22 kW",
        "socket:type2_combo": "1",
        "socket:type2_combo:output": "50 kW"
      },
      "geometry": {
        "type": "Point",
        "coordinates": [
          13.4285646,
          52.5467165
        ]
      },
      "id": "node/11128418550"
    },
    {
      "type": "Feature",
      "properties": {
        "@id": "node/11128492822",
        "access": "customers",
        "amenity": "charging_station",
        "capacity": "2",
        "operator": "Vattenfall"
      },
      "geometry": {
        "type": "Point",
        "coordinates": [
          13.4299299,
          52.5475282
        ]
      },
      "id": "node/11128492822"
    },
    {
      "type": "Feature",
      "properties": {
        "@id": "node/11132634153",
        "amenity": "charging_station",
        "bicycle": "no",
        "capacity": "2",
        "operator": "Qwello",
        "operator:wikidata": "Q130302686"
      },
      "geometry": {
        "type": "Point",
        "coordinates": [
          13.3914795,
          52.5507838
        ]
      },
      "id": "node/11132634153"
    },
    {
      "type": "Feature",
      "properties": {
        "@id": "node/11133630090",
        "access": "yes",
        "amenity": "charging_station",
        "bicycle": "no",
        "bus": "no",
        "capacity": "2",
        "hgv": "no",
        "motorcar": "yes",
        "opening_hours": "24/7",
        "operator": "Berliner Stadtwerke",
        "operator:wikidata": "Q21969102",
        "scooter": "yes",
        "socket:type2": "2"
      },
      "geometry": {
        "type": "Point",
        "coordinates": [
          13.3883009,
          52.5518409
        ]
      },
      "id": "node/11133630090"
    },
    {
      "type": "Feature",
      "properties": {
        "@id": "node/11134750763",
        "access": "customers",
        "amenity": "charging_station",
        "capacity": "2",
        "covered": "no",
        "fee": "yes",
        "level": "0",
        "operator": "Kaufland",
        "operator:wikidata": "Q685967"
      },
      "geometry": {
        "type": "Point",
        "coordinates": [
          13.4626004,
          52.5231097
        ]
      },
      "id": "node/11134750763"
    },
    {
      "type": "Feature",
      "properties": {
        "@id": "node/11135562970",
        "amenity": "charging_station",
        "authentication:app": "yes",
        "authentication:contactless": "yes",
        "authentication:none": "yes",
        "bicycle": "no",
        "capacity": "2",
        "covered": "no",
        "fee": "yes",
        "hgv": "no",
        "man_made": "charge_point",
        "motorcar": "yes",
        "motorcycle": "yes",
        "opening_hours": "24/7",
        "operator": "Berliner Stadtwerke",
        "operator:wikidata": "Q21969102",
        "orientation": "parallel",
        "parking:fee": "no",
        "payment:mastercard": "yes",
        "payment:paypal": "yes",
        "payment:visa": "yes",
        "ref:EU:EVSE": "DE*BSW*E603464*464;DE*BSW*E603465*465",
        "socket:type2": "2",
        "socket:type2:output": "11 kW",
        "website": "https://www.chrg.direct/?evseId=DE*BSW*E603464*464;https://www.chrg.direct/?evseId=DE*BSW*E603465*465"
      },
      "geometry": {
        "type": "Point",
        "coordinates": [
          13.3234502,
          52.5254364
        ]
      },
      "id": "node/11135562970"
    },
    {
      "type": "Feature",
      "properties": {
        "@id": "node/11141727341",
        "amenity": "charging_station",
        "bicycle": "no",
        "capacity": "6",
        "check_date": "2026-06-20",
        "operator": "Lidl",
        "operator:wikidata": "Q151954"
      },
      "geometry": {
        "type": "Point",
        "coordinates": [
          13.6116613,
          52.5134641
        ]
      },
      "id": "node/11141727341"
    },
    {
      "type": "Feature",
      "properties": {
        "@id": "node/11224124982",
        "amenity": "charging_station"
      },
      "geometry": {
        "type": "Point",
        "coordinates": [
          13.4088607,
          52.439436
        ]
      },
      "id": "node/11224124982"
    },
    {
      "type": "Feature",
      "properties": {
        "@id": "node/11224415397",
        "access": "yes",
        "amenity": "charging_station",
        "bicycle": "no",
        "capacity": "2",
        "check_date": "2025-11-22",
        "fee": "yes",
        "operator": "Berliner Stadtwerke",
        "operator:wikidata": "Q21969102"
      },
      "geometry": {
        "type": "Point",
        "coordinates": [
          13.3162004,
          52.4993256
        ]
      },
      "id": "node/11224415397"
    },
    {
      "type": "Feature",
      "properties": {
        "@id": "node/11224415398",
        "access": "yes",
        "amenity": "charging_station",
        "bicycle": "no",
        "capacity": "2",
        "check_date": "2025-11-22",
        "fee": "yes",
        "operator": "Berliner Stadtwerke",
        "operator:wikidata": "Q21969102"
      },
      "geometry": {
        "type": "Point",
        "coordinates": [
          13.3161238,
          52.4993304
        ]
      },
      "id": "node/11224415398"
    },
    {
      "type": "Feature",
      "properties": {
        "@id": "node/11224415399",
        "access": "yes",
        "amenity": "charging_station",
        "bicycle": "no",
        "capacity": "2",
        "check_date": "2025-11-22",
        "fee": "yes",
        "operator": "Berliner Stadtwerke",
        "operator:wikidata": "Q21969102"
      },
      "geometry": {
        "type": "Point",
        "coordinates": [
          13.3160547,
          52.4993348
        ]
      },
      "id": "node/11224415399"
    },
    {
      "type": "Feature",
      "properties": {
        "@id": "node/11225246237",
        "amenity": "charging_station",
        "bicycle": "no",
        "capacity": "1",
        "operator": "Qwello",
        "operator:wikidata": "Q130302686"
      },
      "geometry": {
        "type": "Point",
        "coordinates": [
          13.3592718,
          52.5477934
        ]
      },
      "id": "node/11225246237"
    },
    {
      "type": "Feature",
      "properties": {
        "@id": "node/11225246238",
        "amenity": "charging_station",
        "bicycle": "no",
        "capacity": "1",
        "operator": "Qwello",
        "operator:wikidata": "Q130302686"
      },
      "geometry": {
        "type": "Point",
        "coordinates": [
          13.3592089,
          52.5477557
        ]
      },
      "id": "node/11225246238"
    },
    {
      "type": "Feature",
      "properties": {
        "@id": "node/11227904777",
        "access": "yes",
        "amenity": "charging_station",
        "bicycle": "no",
        "capacity": "2",
        "covered": "no",
        "fee": "yes",
        "motorcar": "yes",
        "operator": "EZE",
        "operator:wikidata": "Q127690117",
        "socket:type2": "2",
        "socket:type2:output": "22 kW"
      },
      "geometry": {
        "type": "Point",
        "coordinates": [
          13.376785,
          52.5064022
        ]
      },
      "id": "node/11227904777"
    },
    {
      "type": "Feature",
      "properties": {
        "@id": "node/11232602778",
        "amenity": "charging_station",
        "capacity": "1",
        "motorcar": "yes"
      },
      "geometry": {
        "type": "Point",
        "coordinates": [
          13.4446548,
          52.4817846
        ]
      },
      "id": "node/11232602778"
    },
    {
      "type": "Feature",
      "properties": {
        "@id": "node/11232602780",
        "amenity": "charging_station",
        "capacity": "1",
        "motorcar": "yes"
      },
      "geometry": {
        "type": "Point",
        "coordinates": [
          13.4446258,
          52.4817632
        ]
      },
      "id": "node/11232602780"
    },
    {
      "type": "Feature",
      "properties": {
        "@id": "node/11237820793",
        "amenity": "charging_station",
        "bicycle": "no",
        "capacity": "2",
        "motorcar": "yes",
        "operator": "Berliner Stadtwerke",
        "operator:wikidata": "Q21969102"
      },
      "geometry": {
        "type": "Point",
        "coordinates": [
          13.4363394,
          52.492267
        ]
      },
      "id": "node/11237820793"
    },
    {
      "type": "Feature",
      "properties": {
        "@id": "node/11247383501",
        "amenity": "charging_station",
        "brand": "Innogy",
        "brand:wikidata": "Q2124721",
        "capacity": "2",
        "name": "Innogy",
        "operator": "Innogy",
        "operator:wikidata": "Q2124721"
      },
      "geometry": {
        "type": "Point",
        "coordinates": [
          13.5666909,
          52.5700193
        ]
      },
      "id": "node/11247383501"
    },
    {
      "type": "Feature",
      "properties": {
        "@id": "node/11255411458",
        "amenity": "charging_station",
        "bicycle": "no",
        "capacity": "2",
        "operator": "Lidl",
        "operator:wikidata": "Q151954"
      },
      "geometry": {
        "type": "Point",
        "coordinates": [
          13.5693989,
          52.5696416
        ]
      },
      "id": "node/11255411458"
    },
    {
      "type": "Feature",
      "properties": {
        "@id": "node/11263969451",
        "amenity": "charging_station",
        "capacity": "2",
        "fee": "yes",
        "motorcar": "yes",
        "opening_hours": "24/7",
        "socket:type2": "2"
      },
      "geometry": {
        "type": "Point",
        "coordinates": [
          13.4594443,
          52.4406881
        ]
      },
      "id": "node/11263969451"
    },
    {
      "type": "Feature",
      "properties": {
        "@id": "node/11279330140",
        "amenity": "charging_station",
        "bicycle": "no",
        "brand": "TotalEnergies",
        "brand:wikidata": "Q154037",
        "capacity": "2",
        "operator": "TotalEnergies",
        "operator:wikidata": "Q154037",
        "survey:date": "2023-10-21"
      },
      "geometry": {
        "type": "Point",
        "coordinates": [
          13.3449446,
          52.5327136
        ]
      },
      "id": "node/11279330140"
    },
    {
      "type": "Feature",
      "properties": {
        "@id": "node/11279330141",
        "amenity": "charging_station",
        "bicycle": "no",
        "brand": "TotalEnergies",
        "brand:wikidata": "Q154037",
        "capacity": "2",
        "operator": "TotalEnergies",
        "operator:wikidata": "Q154037",
        "survey:date": "2023-10-21"
      },
      "geometry": {
        "type": "Point",
        "coordinates": [
          13.3450017,
          52.5327415
        ]
      },
      "id": "node/11279330141"
    },
    {
      "type": "Feature",
      "properties": {
        "@id": "node/11281423109",
        "access": "yes",
        "addr:floor": "0",
        "amenity": "charging_station",
        "capacity": "2",
        "covered": "no",
        "fee": "yes",
        "level": "0",
        "operator": "Berliner Stadtwerke",
        "operator:wikidata": "Q21969102",
        "source": "survey"
      },
      "geometry": {
        "type": "Point",
        "coordinates": [
          13.3953879,
          52.5329184
        ]
      },
      "id": "node/11281423109"
    },
    {
      "type": "Feature",
      "properties": {
        "@id": "node/11292967691",
        "amenity": "charging_station",
        "capacity": "2",
        "motorcar": "yes",
        "operator": "technagon"
      },
      "geometry": {
        "type": "Point",
        "coordinates": [
          13.3903303,
          52.4877394
        ]
      },
      "id": "node/11292967691"
    },
    {
      "type": "Feature",
      "properties": {
        "@id": "node/11301423049",
        "amenity": "charging_station",
        "brand": "ubitricity",
        "brand:wikidata": "Q113699692",
        "capacity": "1",
        "name": "ubitricity",
        "operator": "ubitricity",
        "operator:wikidata": "Q113699692"
      },
      "geometry": {
        "type": "Point",
        "coordinates": [
          13.4932131,
          52.4654986
        ]
      },
      "id": "node/11301423049"
    },
    {
      "type": "Feature",
      "properties": {
        "@id": "node/11301423050",
        "amenity": "charging_station"
      },
      "geometry": {
        "type": "Point",
        "coordinates": [
          13.4927225,
          52.4658473
        ]
      },
      "id": "node/11301423050"
    },
    {
      "type": "Feature",
      "properties": {
        "@id": "node/11301423053",
        "amenity": "charging_station",
        "brand": "ubitricity",
        "brand:wikidata": "Q113699692",
        "capacity": "1",
        "name": "ubitricity",
        "operator": "ubitricity",
        "operator:wikidata": "Q113699692"
      },
      "geometry": {
        "type": "Point",
        "coordinates": [
          13.4921622,
          52.4662484
        ]
      },
      "id": "node/11301423053"
    },
    {
      "type": "Feature",
      "properties": {
        "@id": "node/11343302811",
        "access": "yes",
        "amenity": "charging_station",
        "bicycle": "no",
        "capacity": "2",
        "covered": "no",
        "fee": "yes",
        "operator": "Shell Recharge Solutions",
        "operator:wikidata": "Q105883058"
      },
      "geometry": {
        "type": "Point",
        "coordinates": [
          13.3774858,
          52.542745
        ]
      },
      "id": "node/11343302811"
    },
    {
      "type": "Feature",
      "properties": {
        "@id": "node/11345835067",
        "amenity": "charging_station",
        "bicycle": "no",
        "capacity": "4",
        "contact:website": "https://find.shell.com/de/fuel/12986476-ev-penny-askanierring",
        "operator": "Shell",
        "operator:wikidata": "Q110716465",
        "socket:type2_combo": "4",
        "socket:type2_combo:output": "150 kW"
      },
      "geometry": {
        "type": "Point",
        "coordinates": [
          13.194174,
          52.547659
        ]
      },
      "id": "node/11345835067"
    },
    {
      "type": "Feature",
      "properties": {
        "@id": "node/11358013403",
        "amenity": "charging_station",
        "authentication:contactless": "yes",
        "authentication:none": "yes",
        "brand": "ubitricity",
        "brand:wikidata": "Q113699692",
        "capacity": "1",
        "covered": "no",
        "fee": "yes",
        "name": "ubitricity",
        "opening_hours": "24/7",
        "operator": "ubitricity",
        "operator:wikidata": "Q113699692",
        "parking:fee": "no",
        "payment:cash": "no",
        "payment:credit_cards": "yes",
        "ref": "DE*UBI*E10022410",
        "socket:type2": "1",
        "socket:type2:output": "3.7"
      },
      "geometry": {
        "type": "Point",
        "coordinates": [
          13.3614503,
          52.4256944
        ]
      },
      "id": "node/11358013403"
    },
    {
      "type": "Feature",
      "properties": {
        "@id": "node/11358013405",
        "amenity": "charging_station",
        "authentication:contactless": "yes",
        "authentication:none": "yes",
        "brand": "ubitricity",
        "brand:wikidata": "Q113699692",
        "capacity": "1",
        "covered": "no",
        "fee": "yes",
        "man_made": "charge_point",
        "name": "ubitricity",
        "opening_hours": "24/7",
        "operator": "ubitricity",
        "operator:wikidata": "Q113699692",
        "parking:fee": "no",
        "payment:cash": "no",
        "payment:credit_cards": "yes",
        "ref": "DE*UBI*E10054323",
        "socket:type2": "1",
        "socket:type2:output": "3.7"
      },
      "geometry": {
        "type": "Point",
        "coordinates": [
          13.361414,
          52.4264666
        ]
      },
      "id": "node/11358013405"
    },
    {
      "type": "Feature",
      "properties": {
        "@id": "node/11366145838",
        "access": "yes",
        "amenity": "charging_station",
        "authentication:app": "yes",
        "authentication:membership_card": "yes",
        "brand": "ubitricity",
        "brand:wikidata": "Q113699692",
        "capacity": "1",
        "fee": "yes",
        "indoor": "no",
        "motorcar": "yes",
        "name": "ubitricity",
        "opening_hours": "24/7",
        "operator": "ubitricity",
        "operator:wikidata": "Q113699692",
        "socket:type2": "1",
        "socket:type2:output": "3.7kW"
      },
      "geometry": {
        "type": "Point",
        "coordinates": [
          13.2962612,
          52.634175
        ]
      },
      "id": "node/11366145838"
    },
    {
      "type": "Feature",
      "properties": {
        "@id": "node/11366353954",
        "access": "customers",
        "amenity": "charging_station",
        "bicycle": "no",
        "brand": "ubitricity",
        "brand:wikidata": "Q113699692",
        "capacity": "1",
        "covered": "no",
        "fee": "yes",
        "image": "https://commons.wikimedia.org/wiki/File:Ladestation_Typ_Heinz_V_1.2A.jpg",
        "man_made": "charge_point",
        "name": "ubitricity",
        "operator": "ubitricity",
        "operator:wikidata": "Q113699692",
        "payment:cash": "no",
        "ref": "DE*UBI*E10061725",
        "socket:type2": "1",
        "socket:type2:output": "3.7",
        "source": "survey",
        "wikimedia_commons": "File:Typenschild Ladestation Typ Heinz V 1.2A.jpg"
      },
      "geometry": {
        "type": "Point",
        "coordinates": [
          13.1982826,
          52.5469909
        ]
      },
      "id": "node/11366353954"
    },
    {
      "type": "Feature",
      "properties": {
        "@id": "node/11366353955",
        "access": "customers",
        "amenity": "charging_station",
        "bicycle": "no",
        "brand": "ubitricity",
        "brand:wikidata": "Q113699692",
        "capacity:motorcar": "1",
        "covered": "no",
        "fee": "yes",
        "name": "ubitricity",
        "note": "An der Laterne #15",
        "operator": "ubitricity",
        "operator:wikidata": "Q113699692",
        "payment:cash": "yes",
        "ref": "DE*UBI*10072024",
        "source": "survey"
      },
      "geometry": {
        "type": "Point",
        "coordinates": [
          13.1986231,
          52.5467289
        ]
      },
      "id": "node/11366353955"
    },
    {
      "type": "Feature",
      "properties": {
        "@id": "node/11366353957",
        "access": "customers",
        "amenity": "charging_station",
        "bicycle": "no",
        "brand": "ubitricity",
        "brand:wikidata": "Q113699692",
        "capacity:motorcar": "1",
        "covered": "no",
        "fee": "yes",
        "name": "ubitricity",
        "note": "An der Laterne 16",
        "operator": "ubitricity",
        "operator:wikidata": "Q113699692",
        "payment:cash": "yes",
        "ref": "DE*UBI*10090107"
      },
      "geometry": {
        "type": "Point",
        "coordinates": [
          13.1991892,
          52.5466072
        ]
      },
      "id": "node/11366353957"
    },
    {
      "type": "Feature",
      "properties": {
        "@id": "node/11366353965",
        "access": "yes",
        "amenity": "charging_station",
        "bicycle": "no",
        "brand": "Elektrisch unterwegs",
        "capacity:motorcar": "1",
        "covered": "no",
        "fee": "yes",
        "note": "N DER Laterne 3",
        "operator": "Unitrocity",
        "ref": "DE*UBI*E10057841"
      },
      "geometry": {
        "type": "Point",
        "coordinates": [
          13.2004119,
          52.5457546
        ]
      },
      "id": "node/11366353965"
    },
    {
      "type": "Feature",
      "properties": {
        "@id": "node/11366353966",
        "amenity": "charging_station",
        "bicycle": "no",
        "brand": "Elektrisch unterwegs",
        "capacity": "1",
        "covered": "no",
        "fee": "yes",
        "note": "An der Laterne 4",
        "operator": "Unitticity",
        "ref": "DE*UBI*E10091716"
      },
      "geometry": {
        "type": "Point",
        "coordinates": [
          13.2003204,
          52.5454403
        ]
      },
      "id": "node/11366353966"
    },
    {
      "type": "Feature",
      "properties": {
        "@id": "node/11372857201",
        "amenity": "charging_station",
        "fixme": "tbc"
      },
      "geometry": {
        "type": "Point",
        "coordinates": [
          13.5580616,
          52.4120648
        ]
      },
      "id": "node/11372857201"
    },
    {
      "type": "Feature",
      "properties": {
        "@id": "node/11391712064",
        "amenity": "charging_station",
        "bicycle": "no",
        "capacity": "1",
        "covered": "no",
        "note": "An der Laterne 12",
        "operator": "ubitricity",
        "ref": "DE*UBI*E10009835"
      },
      "geometry": {
        "type": "Point",
        "coordinates": [
          13.1974066,
          52.5473675
        ]
      },
      "id": "node/11391712064"
    },
    {
      "type": "Feature",
      "properties": {
        "@id": "node/11391712065",
        "amenity": "charging_station",
        "bicycle": "no",
        "capacity:motorcar": "1",
        "covered": "no",
        "note": "An der Laterne 11",
        "operator": "ubitricity",
        "ref": "DE*UBi*E10000088"
      },
      "geometry": {
        "type": "Point",
        "coordinates": [
          13.1969776,
          52.5474164
        ]
      },
      "id": "node/11391712065"
    },
    {
      "type": "Feature",
      "properties": {
        "@id": "node/11394063897",
        "amenity": "charging_station",
        "bicycle": "no",
        "capacity": "1",
        "note": "An der Laterne 7",
        "operator": "Ubitricity Gesellschaft für verteilte Energiesysteme mbH",
        "ref": "DE*UBI*10063396",
        "support": "street_lamp"
      },
      "geometry": {
        "type": "Point",
        "coordinates": [
          13.2011819,
          52.5447407
        ]
      },
      "id": "node/11394063897"
    },
    {
      "type": "Feature",
      "properties": {
        "@id": "node/11394063898",
        "amenity": "charging_station",
        "bicycle": "no",
        "capacity": "1",
        "note": "An der Laterne 6",
        "operator": "Ubitricity Gesellschaft für verteilte Energiesysteme mbH",
        "ref": "DE*UBI*E10059080",
        "support": "street_lamp"
      },
      "geometry": {
        "type": "Point",
        "coordinates": [
          13.2007221,
          52.544713
        ]
      },
      "id": "node/11394063898"
    },
    {
      "type": "Feature",
      "properties": {
        "@id": "node/11394063899",
        "amenity": "charging_station",
        "bicycle": "no",
        "capacity": "1",
        "note": "An der Laterne 10",
        "operator": "Ubitricity Gesellschaft für verteilte Energiesysteme mbH",
        "ref": "DE*UBI*E10030456"
      },
      "geometry": {
        "type": "Point",
        "coordinates": [
          13.202373,
          52.5444126
        ]
      },
      "id": "node/11394063899"
    },
    {
      "type": "Feature",
      "properties": {
        "@id": "node/11394063900",
        "amenity": "charging_station",
        "brand": "ubitricity",
        "brand:wikidata": "Q113699692",
        "capacity": "1",
        "name": "ubitricity",
        "note": "An der Laterne 15",
        "operator": "ubitricity",
        "operator:wikidata": "Q113699692",
        "ref": "DE*UBI*E10013401"
      },
      "geometry": {
        "type": "Point",
        "coordinates": [
          13.2067478,
          52.54874
        ]
      },
      "id": "node/11394063900"
    },
    {
      "type": "Feature",
      "properties": {
        "@id": "node/11394063901",
        "amenity": "charging_station",
        "brand": "ubitricity",
        "brand:wikidata": "Q113699692",
        "capacity:motorcar": "1",
        "name": "ubitricity",
        "note": "An der Laterne 17",
        "operator": "ubitricity",
        "operator:wikidata": "Q113699692",
        "ref": "DE*UBI*E10052808"
      },
      "geometry": {
        "type": "Point",
        "coordinates": [
          13.2075933,
          52.5487898
        ]
      },
      "id": "node/11394063901"
    },
    {
      "type": "Feature",
      "properties": {
        "@id": "node/11394063902",
        "amenity": "charging_station",
        "brand": "ubitricity",
        "brand:wikidata": "Q113699692",
        "name": "ubitricity",
        "note": "An der Laterne 18",
        "operator": "ubitricity",
        "operator:wikidata": "Q113699692",
        "ref": "DE*UBI*E10085240"
      },
      "geometry": {
        "type": "Point",
        "coordinates": [
          13.2080614,
          52.5489302
        ]
      },
      "id": "node/11394063902"
    },
    {
      "type": "Feature",
      "properties": {
        "@id": "node/11394063903",
        "amenity": "charging_station",
        "capacity": "1",
        "note": "An der Laterne 4",
        "ref": "DE*UBI*E10083914"
      },
      "geometry": {
        "type": "Point",
        "coordinates": [
          13.2024318,
          52.5486001
        ]
      },
      "id": "node/11394063903"
    },
    {
      "type": "Feature",
      "properties": {
        "@id": "node/11394063904",
        "amenity": "charging_station",
        "brand": "ubitricity",
        "brand:wikidata": "Q113699692",
        "capacity": "1",
        "name": "ubitricity",
        "note": "An der Laterne 2",
        "operator": "ubitricity",
        "operator:wikidata": "Q113699692",
        "ref": "DE*UBI*E10074380"
      },
      "geometry": {
        "type": "Point",
        "coordinates": [
          13.2013788,
          52.5485374
        ]
      },
      "id": "node/11394063904"
    },
    {
      "type": "Feature",
      "properties": {
        "@id": "node/11394063905",
        "access": "yes",
        "amenity": "charging_station",
        "bicycle": "no",
        "brand": "Compleo",
        "capacity:motorcar": "2",
        "covered": "no",
        "fee": "yes",
        "operator": "Berliner Stadtwerke",
        "operator:wikidata": "Q21969102",
        "ref": "DE*BSW*E603622*622, DE*BSW*E603623*623"
      },
      "geometry": {
        "type": "Point",
        "coordinates": [
          13.1998757,
          52.5484157
        ]
      },
      "id": "node/11394063905"
    },
    {
      "type": "Feature",
      "properties": {
        "@id": "node/11394569706",
        "amenity": "charging_station",
        "capacity": "2",
        "operator": "Shell",
        "operator:wikidata": "Q110716465"
      },
      "geometry": {
        "type": "Point",
        "coordinates": [
          13.3916442,
          52.5549119
        ]
      },
      "id": "node/11394569706"
    },
    {
      "type": "Feature",
      "properties": {
        "@id": "node/11395600088",
        "access": "yes",
        "addr:floor": "0",
        "amenity": "charging_station",
        "bicycle": "no",
        "capacity": "2",
        "covered": "no",
        "fee": "yes",
        "level": "0",
        "operator": "Berliner Stadtwerke",
        "operator:wikidata": "Q21969102",
        "payment:mastercard": "yes",
        "payment:paypal": "yes",
        "payment:visa": "yes",
        "source": "survey"
      },
      "geometry": {
        "type": "Point",
        "coordinates": [
          13.409105,
          52.531371
        ]
      },
      "id": "node/11395600088"
    },
    {
      "type": "Feature",
      "properties": {
        "@id": "node/11398020998",
        "access": "yes",
        "amenity": "charging_station",
        "authentication:app": "yes",
        "authentication:membership_card": "yes",
        "brand": "ubitricity",
        "brand:wikidata": "Q113699692",
        "capacity": "1",
        "fee": "yes",
        "indoor": "no",
        "motorcar": "yes",
        "name": "ubitricity",
        "opening_hours": "24/7",
        "operator": "ubitricity",
        "operator:wikidata": "Q113699692",
        "socket:type2": "1",
        "socket:type2:output": "3.7kW"
      },
      "geometry": {
        "type": "Point",
        "coordinates": [
          13.2982593,
          52.6353146
        ]
      },
      "id": "node/11398020998"
    },
    {
      "type": "Feature",
      "properties": {
        "@id": "node/11398020999",
        "access": "yes",
        "amenity": "charging_station",
        "authentication:app": "yes",
        "authentication:membership_card": "yes",
        "brand": "ubitricity",
        "brand:wikidata": "Q113699692",
        "capacity": "1",
        "fee": "yes",
        "indoor": "no",
        "motorcar": "yes",
        "name": "ubitricity",
        "opening_hours": "24/7",
        "operator": "ubitricity",
        "operator:wikidata": "Q113699692",
        "socket:type2": "1",
        "socket:type2:output": "3.7kW"
      },
      "geometry": {
        "type": "Point",
        "coordinates": [
          13.2988049,
          52.635444
        ]
      },
      "id": "node/11398020999"
    },
    {
      "type": "Feature",
      "properties": {
        "@id": "node/11398021000",
        "access": "yes",
        "amenity": "charging_station",
        "authentication:app": "yes",
        "authentication:membership_card": "yes",
        "brand": "ubitricity",
        "brand:wikidata": "Q113699692",
        "capacity": "1",
        "fee": "yes",
        "indoor": "no",
        "motorcar": "yes",
        "name": "ubitricity",
        "opening_hours": "24/7",
        "operator": "ubitricity",
        "operator:wikidata": "Q113699692",
        "socket:type2": "1",
        "socket:type2:output": "3.7kW"
      },
      "geometry": {
        "type": "Point",
        "coordinates": [
          13.3018652,
          52.6355377
        ]
      },
      "id": "node/11398021000"
    },
    {
      "type": "Feature",
      "properties": {
        "@id": "node/11398021001",
        "access": "yes",
        "amenity": "charging_station",
        "authentication:app": "yes",
        "authentication:membership_card": "yes",
        "brand": "ubitricity",
        "brand:wikidata": "Q113699692",
        "capacity": "1",
        "fee": "yes",
        "indoor": "no",
        "motorcar": "yes",
        "name": "ubitricity",
        "opening_hours": "24/7",
        "operator": "ubitricity",
        "operator:wikidata": "Q113699692",
        "socket:type2": "1",
        "socket:type2:output": "3.7kW"
      },
      "geometry": {
        "type": "Point",
        "coordinates": [
          13.3013854,
          52.6354271
        ]
      },
      "id": "node/11398021001"
    },
    {
      "type": "Feature",
      "properties": {
        "@id": "node/11398021002",
        "access": "yes",
        "amenity": "charging_station",
        "authentication:app": "yes",
        "authentication:membership_card": "yes",
        "brand": "ubitricity",
        "brand:wikidata": "Q113699692",
        "capacity": "1",
        "fee": "yes",
        "indoor": "no",
        "motorcar": "yes",
        "name": "ubitricity",
        "opening_hours": "24/7",
        "operator": "ubitricity",
        "operator:wikidata": "Q113699692",
        "socket:type2": "1",
        "socket:type2:output": "3.7kW"
      },
      "geometry": {
        "type": "Point",
        "coordinates": [
          13.296759,
          52.6342965
        ]
      },
      "id": "node/11398021002"
    },
    {
      "type": "Feature",
      "properties": {
        "@id": "node/11398021003",
        "access": "yes",
        "amenity": "charging_station",
        "authentication:app": "yes",
        "authentication:membership_card": "yes",
        "brand": "ubitricity",
        "brand:wikidata": "Q113699692",
        "capacity": "1",
        "fee": "yes",
        "indoor": "no",
        "motorcar": "yes",
        "name": "ubitricity",
        "opening_hours": "24/7",
        "operator": "ubitricity",
        "operator:wikidata": "Q113699692",
        "socket:type2": "1",
        "socket:type2:output": "3.7kW"
      },
      "geometry": {
        "type": "Point",
        "coordinates": [
          13.292848,
          52.6338127
        ]
      },
      "id": "node/11398021003"
    },
    {
      "type": "Feature",
      "properties": {
        "@id": "node/11406955484",
        "access": "yes",
        "amenity": "charging_station",
        "bicycle": "no",
        "capacity": "3.5",
        "operator": "Berliner Stadtwerke",
        "operator:wikidata": "Q21969102"
      },
      "geometry": {
        "type": "Point",
        "coordinates": [
          13.3430112,
          52.4761385
        ]
      },
      "id": "node/11406955484"
    },
    {
      "type": "Feature",
      "properties": {
        "@id": "node/11416801123",
        "amenity": "charging_station",
        "capacity": "2"
      },
      "geometry": {
        "type": "Point",
        "coordinates": [
          13.5648952,
          52.5188425
        ]
      },
      "id": "node/11416801123"
    },
    {
      "type": "Feature",
      "properties": {
        "@id": "node/11423703408",
        "access": "yes",
        "amenity": "charging_station",
        "brand": "ubitricity",
        "brand:wikidata": "Q113699692",
        "capacity": "1",
        "charge": "0.49 EUR/kWh",
        "fee": "yes",
        "name": "ubitricity",
        "operator": "ubitricity",
        "operator:wikidata": "Q113699692",
        "ref:EU:EVSE": "DE*UBI*E10039281",
        "socket:type2:output": "3.7kW",
        "website": "https://charge.ubitricity.com/DE*UBI*E10039281"
      },
      "geometry": {
        "type": "Point",
        "coordinates": [
          13.3558227,
          52.4218436
        ]
      },
      "id": "node/11423703408"
    },
    {
      "type": "Feature",
      "properties": {
        "@id": "node/11423703409",
        "access": "yes",
        "amenity": "charging_station",
        "brand": "ubitricity",
        "brand:wikidata": "Q113699692",
        "capacity": "1",
        "charge": "0.49 EUR/kWh",
        "fee": "yes",
        "name": "ubitricity",
        "operator": "ubitricity",
        "operator:wikidata": "Q113699692",
        "ref:EU:EVSE": "DE*UBI*E10042765",
        "socket:type2:output": "3.7kW",
        "website": "https://charge.ubitricity.com/DE*UBI*E10042765"
      },
      "geometry": {
        "type": "Point",
        "coordinates": [
          13.3555276,
          52.421955
        ]
      },
      "id": "node/11423703409"
    },
    {
      "type": "Feature",
      "properties": {
        "@id": "node/11423703410",
        "access": "yes",
        "amenity": "charging_station",
        "brand": "ubitricity",
        "brand:wikidata": "Q113699692",
        "capacity": "1",
        "charge": "0.49 EUR/kWh",
        "fee": "yes",
        "name": "ubitricity",
        "operator": "ubitricity",
        "operator:wikidata": "Q113699692",
        "ref:EU:EVSE": "DE*UBI*E10042765",
        "socket:type2:output": "3.7kW",
        "website": "https://charge.ubitricity.com/DE*UBI*E10084691"
      },
      "geometry": {
        "type": "Point",
        "coordinates": [
          13.3551798,
          52.4220841
        ]
      },
      "id": "node/11423703410"
    },
    {
      "type": "Feature",
      "properties": {
        "@id": "node/11427437873",
        "amenity": "charging_station",
        "brand": "TotalEnergies",
        "brand:wikidata": "Q154037",
        "operator": "TotalEnergies",
        "operator:wikidata": "Q154037",
        "ref:EU:EVSE": "DE*DES*E1003282*1;DE*DES*E1003282*2",
        "socket:type2": "2",
        "socket:type2:output": "22 kW"
      },
      "geometry": {
        "type": "Point",
        "coordinates": [
          13.3454538,
          52.527244
        ]
      },
      "id": "node/11427437873"
    },
    {
      "type": "Feature",
      "properties": {
        "@id": "node/11427437874",
        "amenity": "charging_station",
        "brand": "TotalEnergies",
        "brand:wikidata": "Q154037",
        "operator": "TotalEnergies",
        "operator:wikidata": "Q154037",
        "ref:EU:EVSE": "DE*DES*E1003283*1;DE*DES*E1003283*2",
        "socket:type2": "2",
        "socket:type2:output": "22 kW"
      },
      "geometry": {
        "type": "Point",
        "coordinates": [
          13.3454554,
          52.5271422
        ]
      },
      "id": "node/11427437874"
    },
    {
      "type": "Feature",
      "properties": {
        "@id": "node/11451930674",
        "amenity": "charging_station",
        "authentication:membership_card": "yes",
        "authentication:none": "yes",
        "brand": "ubitricity",
        "brand:wikidata": "Q113699692",
        "fee": "yes",
        "motorcar": "yes",
        "name": "ubitricity",
        "operator": "ubitricity",
        "operator:wikidata": "Q113699692",
        "parking:fee": "no",
        "socket:type2": "1",
        "socket:type2:current": "16 A",
        "socket:type2:output": "3,7 kW",
        "voltage": "230"
      },
      "geometry": {
        "type": "Point",
        "coordinates": [
          13.5190265,
          52.4534125
        ]
      },
      "id": "node/11451930674"
    },
    {
      "type": "Feature",
      "properties": {
        "@id": "node/11451930675",
        "amenity": "charging_station",
        "authentication:membership_card": "yes",
        "authentication:none": "yes",
        "brand": "ubitricity",
        "brand:wikidata": "Q113699692",
        "fee": "yes",
        "motorcar": "yes",
        "name": "ubitricity",
        "operator": "ubitricity",
        "operator:wikidata": "Q113699692",
        "parking:fee": "no",
        "socket:type2": "1",
        "socket:type2:current": "16 A",
        "socket:type2:output": "3,7 kW",
        "voltage": "230"
      },
      "geometry": {
        "type": "Point",
        "coordinates": [
          13.5204167,
          52.4531214
        ]
      },
      "id": "node/11451930675"
    },
    {
      "type": "Feature",
      "properties": {
        "@id": "node/11451930676",
        "amenity": "charging_station",
        "authentication:membership_card": "yes",
        "authentication:none": "yes",
        "brand": "ubitricity",
        "brand:wikidata": "Q113699692",
        "fee": "yes",
        "motorcar": "yes",
        "name": "ubitricity",
        "operator": "ubitricity",
        "operator:wikidata": "Q113699692",
        "parking:fee": "no",
        "socket:type2": "1",
        "socket:type2:current": "16 A",
        "socket:type2:output": "3,7 kW",
        "voltage": "230"
      },
      "geometry": {
        "type": "Point",
        "coordinates": [
          13.5212066,
          52.4529673
        ]
      },
      "id": "node/11451930676"
    },
    {
      "type": "Feature",
      "properties": {
        "@id": "node/11451930677",
        "amenity": "charging_station",
        "authentication:membership_card": "yes",
        "authentication:none": "yes",
        "brand": "ubitricity",
        "brand:wikidata": "Q113699692",
        "fee": "yes",
        "motorcar": "yes",
        "name": "ubitricity",
        "operator": "ubitricity",
        "operator:wikidata": "Q113699692",
        "parking:fee": "no",
        "socket:type2": "1",
        "socket:type2:current": "16 A",
        "socket:type2:output": "3,7 kW",
        "voltage": "230"
      },
      "geometry": {
        "type": "Point",
        "coordinates": [
          13.5258479,
          52.4519979
        ]
      },
      "id": "node/11451930677"
    },
    {
      "type": "Feature",
      "properties": {
        "@id": "node/11451930678",
        "amenity": "charging_station",
        "authentication:membership_card": "yes",
        "authentication:none": "yes",
        "brand": "ubitricity",
        "brand:wikidata": "Q113699692",
        "fee": "yes",
        "motorcar": "yes",
        "name": "ubitricity",
        "operator": "ubitricity",
        "operator:wikidata": "Q113699692",
        "parking:fee": "no",
        "socket:type2": "1",
        "socket:type2:current": "16 A",
        "socket:type2:output": "3,7 kW",
        "voltage": "230"
      },
      "geometry": {
        "type": "Point",
        "coordinates": [
          13.5266991,
          52.4518209
        ]
      },
      "id": "node/11451930678"
    },
    {
      "type": "Feature",
      "properties": {
        "@id": "node/11451930679",
        "amenity": "charging_station",
        "authentication:membership_card": "yes",
        "authentication:none": "yes",
        "brand": "ubitricity",
        "brand:wikidata": "Q113699692",
        "fee": "yes",
        "motorcar": "yes",
        "name": "ubitricity",
        "operator": "ubitricity",
        "operator:wikidata": "Q113699692",
        "parking:fee": "no",
        "socket:type2": "1",
        "socket:type2:current": "16 A",
        "socket:type2:output": "3,7 kW",
        "voltage": "230"
      },
      "geometry": {
        "type": "Point",
        "coordinates": [
          13.5271569,
          52.4517288
        ]
      },
      "id": "node/11451930679"
    },
    {
      "type": "Feature",
      "properties": {
        "@id": "node/11459996615",
        "amenity": "charging_station",
        "authentication:membership_card": "yes",
        "authentication:none": "yes",
        "bicycle": "no",
        "brand": "ubitricity",
        "brand:wikidata": "Q113699692",
        "fee": "yes",
        "motorcar": "yes",
        "name": "ubitricity",
        "operator": "ubitricity",
        "operator:wikidata": "Q113699692",
        "parking:fee": "no",
        "socket:type2": "1",
        "socket:type2:current": "16 A",
        "socket:type2:output": "3,7 kW",
        "voltage": "230"
      },
      "geometry": {
        "type": "Point",
        "coordinates": [
          13.5363107,
          52.452688
        ]
      },
      "id": "node/11459996615"
    },
    {
      "type": "Feature",
      "properties": {
        "@id": "node/11460068225",
        "access": "yes",
        "amenity": "charging_station",
        "bicycle": "no",
        "brand": "ubitricity",
        "brand:wikidata": "Q113699692",
        "capacity": "1",
        "charge": "0.49 EUR/kWh",
        "fee": "yes",
        "name": "ubitricity",
        "operator": "ubitricity",
        "operator:wikidata": "Q113699692",
        "ref:EU:EVSE": "DE*UBI*E10043023",
        "website": "https://charge.ubitricity.com/DE*UBI*E10043023"
      },
      "geometry": {
        "type": "Point",
        "coordinates": [
          13.3422543,
          52.434857
        ]
      },
      "id": "node/11460068225"
    },
    {
      "type": "Feature",
      "properties": {
        "@id": "node/11460068226",
        "access": "yes",
        "amenity": "charging_station",
        "brand": "ubitricity",
        "brand:wikidata": "Q113699692",
        "capacity": "1",
        "charge": "0.49 EUR/kWh",
        "fee": "yes",
        "name": "ubitricity",
        "operator": "ubitricity",
        "operator:wikidata": "Q113699692",
        "ref:EU:EVSE": "DE*UBI*E10037515",
        "website": "https://charge.ubitricity.com/DE*UBI*E10037515"
      },
      "geometry": {
        "type": "Point",
        "coordinates": [
          13.3420121,
          52.435021
        ]
      },
      "id": "node/11460068226"
    },
    {
      "type": "Feature",
      "properties": {
        "@id": "node/11461781274",
        "amenity": "charging_station",
        "brand": "ubitricity",
        "brand:wikidata": "Q113699692",
        "capacity": "1",
        "description": "an Straßenlaterne, Betreiber https://ubitricity.com/de/pressemitteilungen/laternenladepunkte-berlin-inbetriebnahme/",
        "name": "ubitricity",
        "operator": "ubitricity",
        "operator:wikidata": "Q113699692"
      },
      "geometry": {
        "type": "Point",
        "coordinates": [
          13.5703894,
          52.5488509
        ]
      },
      "id": "node/11461781274"
    },
    {
      "type": "Feature",
      "properties": {
        "@id": "node/11461781275",
        "amenity": "charging_station",
        "brand": "ubitricity",
        "brand:wikidata": "Q113699692",
        "capacity": "1",
        "description": "an Straßenlaterne, Betreiber https://ubitricity.com/de/pressemitteilungen/laternenladepunkte-berlin-inbetriebnahme/",
        "name": "ubitricity",
        "operator": "ubitricity",
        "operator:wikidata": "Q113699692"
      },
      "geometry": {
        "type": "Point",
        "coordinates": [
          13.570337,
          52.5486048
        ]
      },
      "id": "node/11461781275"
    },
    {
      "type": "Feature",
      "properties": {
        "@id": "node/11473128710",
        "access": "yes",
        "amenity": "charging_station",
        "capacity": "22",
        "fee": "yes",
        "operator": "Berliner Stadtwerke",
        "operator:wikidata": "Q21969102"
      },
      "geometry": {
        "type": "Point",
        "coordinates": [
          13.1582393,
          52.4209
        ]
      },
      "id": "node/11473128710"
    },
    {
      "type": "Feature",
      "properties": {
        "@id": "node/11499935414",
        "amenity": "charging_station",
        "bicycle": "no",
        "capacity": "1",
        "motorcar": "yes",
        "operator": "Qwello",
        "operator:type": "public",
        "operator:wikidata": "Q130302686",
        "socket:type2": "4",
        "socket:type2:output": "11 kW"
      },
      "geometry": {
        "type": "Point",
        "coordinates": [
          13.45143,
          52.4734893
        ]
      },
      "id": "node/11499935414"
    },
    {
      "type": "Feature",
      "properties": {
        "@id": "node/11499935415",
        "amenity": "charging_station",
        "capacity": "1",
        "motorcar": "yes",
        "operator": "Qwello",
        "operator:type": "public",
        "operator:wikidata": "Q130302686",
        "socket:type2": "4",
        "socket:type2:output": "11 kW"
      },
      "geometry": {
        "type": "Point",
        "coordinates": [
          13.4514686,
          52.4734726
        ]
      },
      "id": "node/11499935415"
    },
    {
      "type": "Feature",
      "properties": {
        "@id": "node/11499935416",
        "amenity": "charging_station",
        "capacity": "1",
        "motorcar": "yes",
        "operator": "Qwello",
        "operator:type": "public",
        "operator:wikidata": "Q130302686",
        "socket:type2": "4",
        "socket:type2:output": "11 kW"
      },
      "geometry": {
        "type": "Point",
        "coordinates": [
          13.4515055,
          52.4734534
        ]
      },
      "id": "node/11499935416"
    },
    {
      "type": "Feature",
      "properties": {
        "@id": "node/11499935417",
        "amenity": "charging_station",
        "capacity": "1",
        "motorcar": "yes",
        "operator": "Qwello",
        "operator:type": "public",
        "operator:wikidata": "Q130302686",
        "socket:type2": "4",
        "socket:type2:output": "11 kW"
      },
      "geometry": {
        "type": "Point",
        "coordinates": [
          13.4515461,
          52.4734325
        ]
      },
      "id": "node/11499935417"
    },
    {
      "type": "Feature",
      "properties": {
        "@id": "node/11500443396",
        "access": "yes",
        "amenity": "charging_station",
        "capacity": "2",
        "check_date": "2025-10-24",
        "covered": "no",
        "fee": "yes",
        "opening_hours": "24/7",
        "operator": "Berliner Stadtwerke",
        "operator:wikidata": "Q21969102"
      },
      "geometry": {
        "type": "Point",
        "coordinates": [
          13.4082143,
          52.5329284
        ]
      },
      "id": "node/11500443396"
    },
    {
      "type": "Feature",
      "properties": {
        "@id": "node/11503337360",
        "access": "yes",
        "amenity": "charging_station",
        "capacity": "2",
        "covered": "no",
        "fee": "yes",
        "operator": "Berliner Stadtwerke GmbH"
      },
      "geometry": {
        "type": "Point",
        "coordinates": [
          13.3238156,
          52.4799598
        ]
      },
      "id": "node/11503337360"
    },
    {
      "type": "Feature",
      "properties": {
        "@id": "node/11505519327",
        "amenity": "charging_station"
      },
      "geometry": {
        "type": "Point",
        "coordinates": [
          13.5545754,
          52.5629539
        ]
      },
      "id": "node/11505519327"
    },
    {
      "type": "Feature",
      "properties": {
        "@id": "node/11506859678",
        "amenity": "charging_station",
        "capacity": "2",
        "motorcar": "yes",
        "operator": "EZE",
        "operator:wikidata": "Q127690117"
      },
      "geometry": {
        "type": "Point",
        "coordinates": [
          13.4290615,
          52.4941583
        ]
      },
      "id": "node/11506859678"
    },
    {
      "type": "Feature",
      "properties": {
        "@id": "node/11509997902",
        "amenity": "charging_station",
        "capacity": "2",
        "operator": "Allego",
        "operator:wikidata": "Q75560554"
      },
      "geometry": {
        "type": "Point",
        "coordinates": [
          13.4674717,
          52.5624122
        ]
      },
      "id": "node/11509997902"
    },
    {
      "type": "Feature",
      "properties": {
        "@id": "node/11519319410",
        "amenity": "charging_station",
        "authentication:membership_card": "yes",
        "authentication:none": "yes",
        "bicycle": "no",
        "capacity:motorcar": "2",
        "fee": "yes",
        "motorcar": "yes",
        "operator": "EDEKA",
        "operator:wikidata": "Q701755",
        "parking:fee": "no",
        "socket:type2": "1",
        "socket:type2:current": "32",
        "socket:type2:output": "22 kW",
        "socket:type2:voltage": "400",
        "socket:type2_combo": "1",
        "socket:type2_combo:current": "125",
        "socket:type2_combo:output": "50 kW",
        "socket:type2_combo:voltage": "500"
      },
      "geometry": {
        "type": "Point",
        "coordinates": [
          13.5096312,
          52.4574596
        ]
      },
      "id": "node/11519319410"
    },
    {
      "type": "Feature",
      "properties": {
        "@id": "node/11519319411",
        "amenity": "charging_station",
        "authentication:membership_card": "yes",
        "authentication:none": "yes",
        "bicycle": "no",
        "capacity:motorcar": "2",
        "fee": "yes",
        "motorcar": "yes",
        "operator": "EDEKA",
        "operator:wikidata": "Q701755",
        "parking:fee": "no",
        "socket:type2": "1",
        "socket:type2:current": "32",
        "socket:type2:output": "22 kW",
        "socket:type2:voltage": "400",
        "socket:type2_combo": "1",
        "socket:type2_combo:current": "125",
        "socket:type2_combo:output": "50 kW",
        "socket:type2_combo:voltage": "500"
      },
      "geometry": {
        "type": "Point",
        "coordinates": [
          13.5095739,
          52.4574957
        ]
      },
      "id": "node/11519319411"
    },
    {
      "type": "Feature",
      "properties": {
        "@id": "node/11525016868",
        "amenity": "charging_station",
        "bicycle": "no",
        "capacity": "2",
        "operator": "EZE",
        "operator:wikidata": "Q127690117"
      },
      "geometry": {
        "type": "Point",
        "coordinates": [
          13.4332195,
          52.4900488
        ]
      },
      "id": "node/11525016868"
    },
    {
      "type": "Feature",
      "properties": {
        "@id": "node/11526419092",
        "amenity": "charging_station",
        "brand": "ubitricity",
        "brand:wikidata": "Q113699692",
        "capacity": "1",
        "name": "ubitricity",
        "operator": "ubitricity",
        "operator:wikidata": "Q113699692",
        "ref": "DE*UBI*E10017722"
      },
      "geometry": {
        "type": "Point",
        "coordinates": [
          13.3248981,
          52.4552026
        ]
      },
      "id": "node/11526419092"
    },
    {
      "type": "Feature",
      "properties": {
        "@id": "node/11536569751",
        "amenity": "charging_station",
        "bicycle": "no",
        "capacity": "2",
        "operator": "Qwello",
        "operator:wikidata": "Q130302686",
        "socket:type2": "2",
        "socket:type2:output": "11 kW"
      },
      "geometry": {
        "type": "Point",
        "coordinates": [
          13.4186115,
          52.5574131
        ]
      },
      "id": "node/11536569751"
    },
    {
      "type": "Feature",
      "properties": {
        "@id": "node/11544733667",
        "access": "yes",
        "amenity": "charging_station",
        "brand": "ubitricity",
        "brand:wikidata": "Q113699692",
        "capacity": "1",
        "name": "ubitricity",
        "operator": "ubitricity",
        "operator:wikidata": "Q113699692",
        "ref:EU:EVSE": "DE*UBI*E10072977",
        "website": "https://charge.ubitricity.com/DE*UBI*E10072977"
      },
      "geometry": {
        "type": "Point",
        "coordinates": [
          13.3305129,
          52.4513157
        ]
      },
      "id": "node/11544733667"
    },
    {
      "type": "Feature",
      "properties": {
        "@id": "node/11544733668",
        "access": "yes",
        "amenity": "charging_station",
        "brand": "ubitricity",
        "brand:wikidata": "Q113699692",
        "capacity": "1",
        "name": "ubitricity",
        "operator": "ubitricity",
        "operator:wikidata": "Q113699692",
        "ref:EU:EVSE": "DE*UBI*E10047385",
        "website": "https://charge.ubitricity.com/DE*UBI*E10047385"
      },
      "geometry": {
        "type": "Point",
        "coordinates": [
          13.3310325,
          52.4511489
        ]
      },
      "id": "node/11544733668"
    },
    {
      "type": "Feature",
      "properties": {
        "@id": "node/11550498790",
        "amenity": "charging_station",
        "capacity": "4"
      },
      "geometry": {
        "type": "Point",
        "coordinates": [
          13.419902,
          52.5504948
        ]
      },
      "id": "node/11550498790"
    },
    {
      "type": "Feature",
      "properties": {
        "@id": "node/11556623388",
        "access": "yes",
        "amenity": "charging_station",
        "brand": "Lidl",
        "capacity": "2",
        "operator": "Lidl",
        "operator:wikidata": "Q151954"
      },
      "geometry": {
        "type": "Point",
        "coordinates": [
          13.5334944,
          52.5250435
        ]
      },
      "id": "node/11556623388"
    },
    {
      "type": "Feature",
      "properties": {
        "@id": "node/11585110914",
        "amenity": "charging_station",
        "bicycle": "no",
        "capacity": "2",
        "motorcar": "yes",
        "operator": "EZE",
        "operator:wikidata": "Q127690117"
      },
      "geometry": {
        "type": "Point",
        "coordinates": [
          13.43775,
          52.4801627
        ]
      },
      "id": "node/11585110914"
    },
    {
      "type": "Feature",
      "properties": {
        "@id": "node/11591808802",
        "access": "yes",
        "amenity": "charging_station",
        "bicycle": "no",
        "capacity": "2",
        "fee": "no",
        "operator": "Berliner Stadtwerke",
        "operator:wikidata": "Q21969102",
        "socket:type2": "2",
        "socket:type2:output": "11 kW"
      },
      "geometry": {
        "type": "Point",
        "coordinates": [
          13.4064949,
          52.5527886
        ]
      },
      "id": "node/11591808802"
    },
    {
      "type": "Feature",
      "properties": {
        "@id": "node/11600784694",
        "access": "yes",
        "amenity": "charging_station",
        "bicycle": "no",
        "capacity": "2",
        "operator": "Berliner Stadtwerke",
        "socket:type2:output": "11 kW"
      },
      "geometry": {
        "type": "Point",
        "coordinates": [
          13.4102606,
          52.5734898
        ]
      },
      "id": "node/11600784694"
    },
    {
      "type": "Feature",
      "properties": {
        "@id": "node/11624368113",
        "access": "yes",
        "amenity": "charging_station",
        "authentication:app": "yes",
        "authentication:nfc": "yes",
        "bicycle": "no",
        "capacity": "2",
        "contact:phone": "0800 5373000",
        "fee": "yes",
        "motorcar": "yes",
        "opening_hours": "24/7",
        "operator": "Berliner Stadtwerke",
        "operator:wikidata": "Q21969102",
        "parking:fee": "no",
        "socket:type2": "2",
        "socket:type2:output": "11 kW"
      },
      "geometry": {
        "type": "Point",
        "coordinates": [
          13.425885,
          52.4798639
        ]
      },
      "id": "node/11624368113"
    },
    {
      "type": "Feature",
      "properties": {
        "@id": "node/11626094150",
        "access": "yes",
        "amenity": "charging_station",
        "capacity": "2",
        "not:operator:wikidata": "Q21969102",
        "operator": "Berliner Stadtwerke",
        "socket:type2": "2",
        "socket:type2:output": "11 kW"
      },
      "geometry": {
        "type": "Point",
        "coordinates": [
          13.3794187,
          52.5605259
        ]
      },
      "id": "node/11626094150"
    },
    {
      "type": "Feature",
      "properties": {
        "@id": "node/11626094182",
        "access": "yes",
        "amenity": "charging_station",
        "capacity": "2",
        "operator": "Qwello",
        "operator:wikidata": "Q130302686",
        "socket:type2": "2",
        "socket:type2:output": "11 kW"
      },
      "geometry": {
        "type": "Point",
        "coordinates": [
          13.3792901,
          52.56178
        ]
      },
      "id": "node/11626094182"
    },
    {
      "type": "Feature",
      "properties": {
        "@id": "node/11638173468",
        "access": "yes",
        "amenity": "charging_station",
        "capacity": "2",
        "operator": "Berliner Stadtwerke",
        "operator:wikidata": "Q21969102",
        "payment:credit_cards": "yes",
        "payment:paypal": "yes"
      },
      "geometry": {
        "type": "Point",
        "coordinates": [
          13.4297613,
          52.4604713
        ]
      },
      "id": "node/11638173468"
    },
    {
      "type": "Feature",
      "properties": {
        "@id": "node/11639146568",
        "access": "customers",
        "amenity": "charging_station",
        "capacity": "2",
        "maxstay": "90 minutes",
        "socket:type2:output": "22 kW"
      },
      "geometry": {
        "type": "Point",
        "coordinates": [
          13.4067403,
          52.5694053
        ]
      },
      "id": "node/11639146568"
    },
    {
      "type": "Feature",
      "properties": {
        "@id": "node/11662539336",
        "access": "yes",
        "amenity": "charging_station",
        "brand": "Shell",
        "capacity": "1",
        "fixme": "Ladestation von Shell Ladesystem ubitricity an Straßenlaterne, Bitte richtig taggen",
        "operator": "Shell",
        "operator:wikidata": "Q110716465"
      },
      "geometry": {
        "type": "Point",
        "coordinates": [
          13.5507668,
          52.5256591
        ]
      },
      "id": "node/11662539336"
    },
    {
      "type": "Feature",
      "properties": {
        "@id": "node/11662539337",
        "access": "yes",
        "amenity": "charging_station",
        "brand": "Shell",
        "capacity": "1",
        "fixme": "Ladestation von Shell Ladesystem ubitricity an Straßenlaterne, Bitte richtig taggen",
        "operator": "Shell",
        "operator:wikidata": "Q110716465"
      },
      "geometry": {
        "type": "Point",
        "coordinates": [
          13.5520387,
          52.5255544
        ]
      },
      "id": "node/11662539337"
    },
    {
      "type": "Feature",
      "properties": {
        "@id": "node/11662539338",
        "access": "yes",
        "amenity": "charging_station",
        "brand": "Shell",
        "capacity": "1",
        "fixme": "Ladestation von Shell Ladesystem ubitricity an Straßenlaterne, Bitte richtig taggen",
        "operator": "Shell",
        "operator:wikidata": "Q110716465"
      },
      "geometry": {
        "type": "Point",
        "coordinates": [
          13.5527287,
          52.5254992
        ]
      },
      "id": "node/11662539338"
    },
    {
      "type": "Feature",
      "properties": {
        "@id": "node/11662539339",
        "access": "yes",
        "amenity": "charging_station",
        "brand": "Shell",
        "capacity": "1",
        "fixme": "Ladestation von Shell Ladesystem ubitricity an Straßenlaterne, Bitte richtig taggen",
        "operator": "Shell",
        "operator:wikidata": "Q110716465"
      },
      "geometry": {
        "type": "Point",
        "coordinates": [
          13.5553571,
          52.525284
        ]
      },
      "id": "node/11662539339"
    },
    {
      "type": "Feature",
      "properties": {
        "@id": "node/11662539340",
        "access": "yes",
        "amenity": "charging_station",
        "brand": "Shell",
        "capacity": "1",
        "fixme": "Ladestation von Shell Ladesystem ubitricity an Straßenlaterne, Bitte richtig taggen",
        "operator": "Shell",
        "operator:wikidata": "Q110716465"
      },
      "geometry": {
        "type": "Point",
        "coordinates": [
          13.5559948,
          52.5252328
        ]
      },
      "id": "node/11662539340"
    },
    {
      "type": "Feature",
      "properties": {
        "@id": "node/11662684782",
        "access": "yes",
        "addr:floor": "0",
        "amenity": "charging_station",
        "capacity": "2",
        "covered": "no",
        "level": "0",
        "operator": "EZE",
        "operator:wikidata": "Q127690117",
        "source": "survey"
      },
      "geometry": {
        "type": "Point",
        "coordinates": [
          13.4002896,
          52.5276074
        ]
      },
      "id": "node/11662684782"
    },
    {
      "type": "Feature",
      "properties": {
        "@id": "node/11668477418",
        "amenity": "charging_station",
        "bicycle": "no",
        "capacity": "2",
        "motorcar": "yes",
        "operator": "Berliner Stadtwerke",
        "operator:wikidata": "Q21969102",
        "socket:type2": "2",
        "socket:type2:output": "22 kW"
      },
      "geometry": {
        "type": "Point",
        "coordinates": [
          13.4638157,
          52.509189
        ]
      },
      "id": "node/11668477418"
    },
    {
      "type": "Feature",
      "properties": {
        "@id": "node/11715917271",
        "access": "private",
        "amenity": "charging_station"
      },
      "geometry": {
        "type": "Point",
        "coordinates": [
          13.4815008,
          52.4804122
        ]
      },
      "id": "node/11715917271"
    },
    {
      "type": "Feature",
      "properties": {
        "@id": "node/11717077641",
        "amenity": "charging_station",
        "bicycle": "no",
        "capacity": "2",
        "operator": "Lidl",
        "operator:wikidata": "Q151954"
      },
      "geometry": {
        "type": "Point",
        "coordinates": [
          13.4652798,
          52.5002951
        ]
      },
      "id": "node/11717077641"
    },
    {
      "type": "Feature",
      "properties": {
        "@id": "node/11724382560",
        "amenity": "charging_station",
        "bicycle": "no",
        "capacity": "1",
        "operator": "Qwello",
        "operator:wikidata": "Q130302686"
      },
      "geometry": {
        "type": "Point",
        "coordinates": [
          13.3634659,
          52.5500536
        ]
      },
      "id": "node/11724382560"
    },
    {
      "type": "Feature",
      "properties": {
        "@id": "node/11724400100",
        "amenity": "charging_station",
        "bicycle": "no",
        "capacity": "1",
        "operator": "Qwello",
        "operator:wikidata": "Q130302686"
      },
      "geometry": {
        "type": "Point",
        "coordinates": [
          13.3634024,
          52.5501079
        ]
      },
      "id": "node/11724400100"
    },
    {
      "type": "Feature",
      "properties": {
        "@id": "node/11738474670",
        "access": "yes",
        "amenity": "charging_station",
        "bicycle": "no",
        "capacity": "2",
        "fee": "yes",
        "operator": "Jolt Energy GmbH"
      },
      "geometry": {
        "type": "Point",
        "coordinates": [
          13.2925798,
          52.4455591
        ]
      },
      "id": "node/11738474670"
    },
    {
      "type": "Feature",
      "properties": {
        "@id": "node/11738476410",
        "access": "yes",
        "amenity": "charging_station",
        "bicycle": "no",
        "capacity": "2",
        "fee": "yes",
        "operator": "Lidl",
        "operator:wikidata": "Q151954"
      },
      "geometry": {
        "type": "Point",
        "coordinates": [
          13.2894415,
          52.4407313
        ]
      },
      "id": "node/11738476410"
    },
    {
      "type": "Feature",
      "properties": {
        "@id": "node/11738485243",
        "access": "yes",
        "amenity": "charging_station",
        "capacity": "2",
        "fee": "yes",
        "operator": "be.berlin"
      },
      "geometry": {
        "type": "Point",
        "coordinates": [
          13.3134746,
          52.446553
        ]
      },
      "id": "node/11738485243"
    },
    {
      "type": "Feature",
      "properties": {
        "@id": "node/11769093388",
        "amenity": "charging_station",
        "bicycle": "no",
        "capacity": "2",
        "motorcar": "yes",
        "operator": "Berliner Stadtwerke",
        "operator:wikidata": "Q21969102"
      },
      "geometry": {
        "type": "Point",
        "coordinates": [
          13.4392375,
          52.4698513
        ]
      },
      "id": "node/11769093388"
    },
    {
      "type": "Feature",
      "properties": {
        "@id": "node/11775952508",
        "access": "yes",
        "amenity": "charging_station",
        "brand": "EZE",
        "capacity": "2",
        "fee": "yes",
        "operator": "EZE",
        "operator:wikidata": "Q127690117"
      },
      "geometry": {
        "type": "Point",
        "coordinates": [
          13.511055,
          52.452255
        ]
      },
      "id": "node/11775952508"
    },
    {
      "type": "Feature",
      "properties": {
        "@id": "node/11775952509",
        "access": "yes",
        "amenity": "charging_station",
        "brand": "EZE",
        "capacity": "2",
        "operator": "EZE",
        "operator:wikidata": "Q127690117"
      },
      "geometry": {
        "type": "Point",
        "coordinates": [
          13.511883,
          52.4505588
        ]
      },
      "id": "node/11775952509"
    },
    {
      "type": "Feature",
      "properties": {
        "@id": "node/11778759520",
        "amenity": "charging_station",
        "bicycle": "no",
        "brand": "Qwello",
        "capacity": "1",
        "charging_station:output": "11 kW",
        "motorcar": "yes",
        "operator": "Qwello",
        "operator:wikidata": "Q130302686"
      },
      "geometry": {
        "type": "Point",
        "coordinates": [
          13.4258915,
          52.4914844
        ]
      },
      "id": "node/11778759520"
    },
    {
      "type": "Feature",
      "properties": {
        "@id": "node/11778759521",
        "amenity": "charging_station",
        "bicycle": "no",
        "brand": "Qwello",
        "capacity": "1",
        "charging_station:output": "11 kW",
        "motorcar": "yes",
        "operator": "Qwello",
        "operator:wikidata": "Q130302686"
      },
      "geometry": {
        "type": "Point",
        "coordinates": [
          13.4258827,
          52.491516
        ]
      },
      "id": "node/11778759521"
    },
    {
      "type": "Feature",
      "properties": {
        "@id": "node/11778759522",
        "amenity": "charging_station",
        "bicycle": "no",
        "brand": "Qwello",
        "capacity": "1",
        "charging_station:output": "11 kW",
        "motorcar": "yes",
        "operator": "Qwello",
        "operator:wikidata": "Q130302686"
      },
      "geometry": {
        "type": "Point",
        "coordinates": [
          13.4258733,
          52.491549
        ]
      },
      "id": "node/11778759522"
    },
    {
      "type": "Feature",
      "properties": {
        "@id": "node/11779135925",
        "amenity": "charging_station",
        "brand": "Shell",
        "capacity": "2",
        "fee": "no",
        "name": "Shell Recharge",
        "operator": "Shell Recharge Solutions",
        "operator:wikidata": "Q105883058"
      },
      "geometry": {
        "type": "Point",
        "coordinates": [
          13.3066072,
          52.4885197
        ]
      },
      "id": "node/11779135925"
    },
    {
      "type": "Feature",
      "properties": {
        "@id": "node/11779135926",
        "amenity": "charging_station",
        "brand": "Shell",
        "capacity": "2",
        "fee": "no",
        "name": "Shell Recharge",
        "operator": "Shell Recharge Solutions",
        "operator:wikidata": "Q105883058"
      },
      "geometry": {
        "type": "Point",
        "coordinates": [
          13.3066937,
          52.4885287
        ]
      },
      "id": "node/11779135926"
    },
    {
      "type": "Feature",
      "properties": {
        "@id": "node/11799942214",
        "amenity": "charging_station",
        "bicycle": "no",
        "brand": "ubitricity",
        "brand:wikidata": "Q113699692",
        "capacity": "1",
        "name": "ubitricity",
        "operator": "ubitricity",
        "operator:wikidata": "Q113699692"
      },
      "geometry": {
        "type": "Point",
        "coordinates": [
          13.3185143,
          52.4588552
        ]
      },
      "id": "node/11799942214"
    },
    {
      "type": "Feature",
      "properties": {
        "@id": "node/11802195611",
        "amenity": "charging_station",
        "authentication:membership_card": "yes",
        "authentication:none": "yes",
        "fee": "yes",
        "mapillary": "939702044684439",
        "motorcar": "yes",
        "operator": "EZE",
        "operator:wikidata": "Q127690117",
        "parking:fee": "no",
        "socket:type2": "2",
        "socket:type2:current": "32",
        "socket:type2:output": "22 kW",
        "socket:type2:voltage": "400"
      },
      "geometry": {
        "type": "Point",
        "coordinates": [
          13.5766046,
          52.445872
        ]
      },
      "id": "node/11802195611"
    },
    {
      "type": "Feature",
      "properties": {
        "@id": "node/11806916616",
        "amenity": "charging_station",
        "bicycle": "no",
        "capacity": "2",
        "motorcar": "yes",
        "operator": "EZE",
        "operator:wikidata": "Q127690117"
      },
      "geometry": {
        "type": "Point",
        "coordinates": [
          13.4281634,
          52.4796783
        ]
      },
      "id": "node/11806916616"
    },
    {
      "type": "Feature",
      "properties": {
        "@id": "node/11808288913",
        "amenity": "charging_station",
        "bicycle": "no",
        "capacity": "1",
        "operator": "Qwello",
        "operator:wikidata": "Q130302686"
      },
      "geometry": {
        "type": "Point",
        "coordinates": [
          13.3823645,
          52.548704
        ]
      },
      "id": "node/11808288913"
    },
    {
      "type": "Feature",
      "properties": {
        "@id": "node/11808288914",
        "amenity": "charging_station",
        "bicycle": "no",
        "capacity": "1",
        "operator": "Qwello",
        "operator:wikidata": "Q130302686"
      },
      "geometry": {
        "type": "Point",
        "coordinates": [
          13.3824402,
          52.5486968
        ]
      },
      "id": "node/11808288914"
    },
    {
      "type": "Feature",
      "properties": {
        "@id": "node/11819991558",
        "access": "yes",
        "amenity": "charging_station",
        "brand": "TotalEnergies",
        "brand:wikidata": "Q5176149",
        "capacity": "4",
        "name": "ChargePoint",
        "operator": "TotalEnergies",
        "operator:wikidata": "Q154037"
      },
      "geometry": {
        "type": "Point",
        "coordinates": [
          13.4577847,
          52.5277185
        ]
      },
      "id": "node/11819991558"
    },
    {
      "type": "Feature",
      "properties": {
        "@id": "node/11821825764",
        "access": "yes",
        "amenity": "charging_station",
        "bicycle": "yes",
        "capacity": "3",
        "fee": "no",
        "motorcar": "no"
      },
      "geometry": {
        "type": "Point",
        "coordinates": [
          13.1887885,
          52.5334153
        ]
      },
      "id": "node/11821825764"
    },
    {
      "type": "Feature",
      "properties": {
        "@id": "node/11822087780",
        "amenity": "charging_station",
        "capacity": "1",
        "fee": "yes",
        "operator": "Qwello",
        "operator:wikidata": "Q130302686"
      },
      "geometry": {
        "type": "Point",
        "coordinates": [
          13.4100629,
          52.4911439
        ]
      },
      "id": "node/11822087780"
    },
    {
      "type": "Feature",
      "properties": {
        "@id": "node/11822087781",
        "amenity": "charging_station",
        "capacity": "1",
        "fee": "yes",
        "operator": "Qwello",
        "operator:wikidata": "Q130302686"
      },
      "geometry": {
        "type": "Point",
        "coordinates": [
          13.410141,
          52.4911234
        ]
      },
      "id": "node/11822087781"
    },
    {
      "type": "Feature",
      "properties": {
        "@id": "node/11825827886",
        "amenity": "charging_station",
        "capacity": "2",
        "man_made": "charge_point",
        "manufacturer": "Compleo Charging Solutions AG",
        "model": "Compleo ADVANCED IMS bm SAM",
        "network": "ladenetz.de",
        "opening_hours": "24/7",
        "operator": "Berliner Stadtwerke",
        "operator:wikidata": "Q21969102",
        "reg_network": "berlinLadestrom",
        "socket:type2": "2",
        "socket:type2:current": "16",
        "socket:type2:output": "11 kW",
        "socket:type2:voltage": "400",
        "start_date": "2024-04",
        "website": "https://ladeapp.berlinerstadtwerke.de/"
      },
      "geometry": {
        "type": "Point",
        "coordinates": [
          13.5784791,
          52.497483
        ]
      },
      "id": "node/11825827886"
    },
    {
      "type": "Feature",
      "properties": {
        "@id": "node/11829038647",
        "access": "yes",
        "amenity": "charging_station",
        "brand": "Allego",
        "capacity": "2",
        "covered": "no",
        "fee": "yes",
        "image": "https://www.mapillary.com/app/?pKey=1942486976182575",
        "level": "0",
        "manufacturer": "Alpitronic",
        "network": "Allego",
        "operator": "Allego",
        "operator:wikidata": "Q75560554",
        "payment:credit_cards": "yes",
        "payment:debit_cards": "yes"
      },
      "geometry": {
        "type": "Point",
        "coordinates": [
          13.2387511,
          52.5427793
        ]
      },
      "id": "node/11829038647"
    },
    {
      "type": "Feature",
      "properties": {
        "@id": "node/11834701343",
        "amenity": "charging_station",
        "capacity": "2",
        "operator": "Berliner Stadtwerke",
        "operator:wikidata": "Q21969102"
      },
      "geometry": {
        "type": "Point",
        "coordinates": [
          13.3897677,
          52.5471016
        ]
      },
      "id": "node/11834701343"
    },
    {
      "type": "Feature",
      "properties": {
        "@id": "node/11848136037",
        "amenity": "charging_station",
        "bicycle": "no",
        "brand": "Vattenfall InCharge",
        "capacity": "4",
        "description": "Stand 2024-04-25: noch nicht in Betrieb",
        "motorcar": "yes",
        "opening_hours": "24/7",
        "socket:type2_combo": "4"
      },
      "geometry": {
        "type": "Point",
        "coordinates": [
          13.400394,
          52.3859947
        ]
      },
      "id": "node/11848136037"
    },
    {
      "type": "Feature",
      "properties": {
        "@id": "node/11853821188",
        "amenity": "charging_station",
        "authentication:membership_card": "yes",
        "authentication:none": "yes",
        "brand": "ubitricity",
        "brand:wikidata": "Q113699692",
        "capacity": "1",
        "fee": "yes",
        "motorcar": "yes",
        "name": "ubitricity",
        "operator": "ubitricity",
        "operator:wikidata": "Q113699692",
        "parking:fee": "no",
        "socket:type2": "1",
        "socket:type2:current": "16 A",
        "socket:type2:output": "3,7 kW",
        "voltage": "230"
      },
      "geometry": {
        "type": "Point",
        "coordinates": [
          13.2388287,
          52.4242083
        ]
      },
      "id": "node/11853821188"
    },
    {
      "type": "Feature",
      "properties": {
        "@id": "node/11854170963",
        "amenity": "charging_station",
        "capacity": "2",
        "operator": "EZE",
        "operator:wikidata": "Q127690117"
      },
      "geometry": {
        "type": "Point",
        "coordinates": [
          13.546589,
          52.4365832
        ]
      },
      "id": "node/11854170963"
    },
    {
      "type": "Feature",
      "properties": {
        "@id": "node/11857815404",
        "amenity": "charging_station",
        "capacity": "2",
        "fee": "yes",
        "not:operator:wikidata": "Q21969102",
        "operator": "Berliner Stadtwerke",
        "payment:credit_cards": "yes",
        "socket:type2": "2",
        "socket:type2:output": "11 kW"
      },
      "geometry": {
        "type": "Point",
        "coordinates": [
          13.5672062,
          52.5287608
        ]
      },
      "id": "node/11857815404"
    },
    {
      "type": "Feature",
      "properties": {
        "@id": "node/11873887887",
        "amenity": "charging_station",
        "capacity": "2",
        "operator": "Shell",
        "operator:wikidata": "Q110716465"
      },
      "geometry": {
        "type": "Point",
        "coordinates": [
          13.34098,
          52.4758863
        ]
      },
      "id": "node/11873887887"
    },
    {
      "type": "Feature",
      "properties": {
        "@id": "node/11877152860",
        "access": "yes",
        "amenity": "charging_station",
        "bicycle": "no",
        "brand": "ubitricity",
        "brand:wikidata": "Q113699692",
        "bus": "no",
        "capacity": "1",
        "email": "charge@ubitricity.de",
        "fee": "yes",
        "hgv": "no",
        "maxstay": "unlimited",
        "motorcar": "yes",
        "name": "ubitricity",
        "network": "Ubitricity",
        "opening_hours": "24/7",
        "operator": "ubitricity",
        "operator:wikidata": "Q113699692",
        "parking:fee": "no",
        "payment:app": "yes",
        "payment:cards": "no",
        "payment:cash": "no",
        "payment:membership_card": "yes",
        "phone": "0800 3004500",
        "ref": "DE*UBI*E10012183",
        "scooter": "yes",
        "socket:type2": "1",
        "socket:type2:current": "16 A",
        "socket:type2:output": "3.7 kW",
        "socket:type2:voltage": "230 V",
        "website": "https://charge.ubitricity.com/DE*UBI*E10012183"
      },
      "geometry": {
        "type": "Point",
        "coordinates": [
          13.631017,
          52.4489208
        ]
      },
      "id": "node/11877152860"
    },
    {
      "type": "Feature",
      "properties": {
        "@id": "node/11877152861",
        "access": "yes",
        "amenity": "charging_station",
        "bicycle": "no",
        "brand": "ubitricity",
        "brand:wikidata": "Q113699692",
        "bus": "no",
        "capacity": "1",
        "covered": "no",
        "email": "charge@ubitricity.com",
        "fee": "yes",
        "hgv": "no",
        "maxstay": "unlimited",
        "motorcar": "yes",
        "name": "ubitricity",
        "network": "Ubitricity",
        "opening_hours": "24/7",
        "operator": "ubitricity",
        "operator:wikidata": "Q113699692",
        "parking:fee": "no",
        "payment:app": "yes",
        "payment:cards": "no",
        "payment:cash": "no",
        "payment:membership_card": "yes",
        "phone": "0800 3004500",
        "ref": "DE*UBI*E10096768",
        "scooter": "yes",
        "socket:type2": "1",
        "socket:type2:current": "16 A",
        "socket:type2:output": "3.7 kW",
        "socket:type2:voltage": "230 V",
        "website": "https://charge.ubitricity.com/DE*UBI*E10096768"
      },
      "geometry": {
        "type": "Point",
        "coordinates": [
          13.6313863,
          52.448913
        ]
      },
      "id": "node/11877152861"
    },
    {
      "type": "Feature",
      "properties": {
        "@id": "node/11881271749",
        "amenity": "charging_station",
        "capacity": "3",
        "operator": "Mennekes"
      },
      "geometry": {
        "type": "Point",
        "coordinates": [
          13.4033995,
          52.4619271
        ]
      },
      "id": "node/11881271749"
    },
    {
      "type": "Feature",
      "properties": {
        "@id": "node/11886110335",
        "amenity": "charging_station",
        "capacity": "2"
      },
      "geometry": {
        "type": "Point",
        "coordinates": [
          13.4652865,
          52.4360237
        ]
      },
      "id": "node/11886110335"
    },
    {
      "type": "Feature",
      "properties": {
        "@id": "node/11886957402",
        "access": "yes",
        "amenity": "charging_station",
        "capacity": "2",
        "fee": "yes",
        "opening_hours": "24/7",
        "operator": "eze.networks",
        "parking:fee": "no",
        "socket:type2": "2",
        "socket:type2:output": "22 kW"
      },
      "geometry": {
        "type": "Point",
        "coordinates": [
          13.415285,
          52.525385
        ]
      },
      "id": "node/11886957402"
    },
    {
      "type": "Feature",
      "properties": {
        "@id": "node/11898346173",
        "access": "yes",
        "amenity": "charging_station",
        "bicycle": "no",
        "brand": "Aral pulse",
        "brand:wikidata": "Q5176149",
        "capacity": "2",
        "fee": "yes",
        "image": "https://www.mapillary.com/app/?pKey=462680502896074",
        "name": "Aral Pulse",
        "operator": "Aral",
        "operator:wikidata": "Q565734",
        "payment:credit_cards": "yes",
        "payment:debit_cards": "yes"
      },
      "geometry": {
        "type": "Point",
        "coordinates": [
          13.2430024,
          52.5436113
        ]
      },
      "id": "node/11898346173"
    },
    {
      "type": "Feature",
      "properties": {
        "@id": "node/11904811439",
        "amenity": "charging_station",
        "bicycle": "no",
        "capacity": "2",
        "operator": "Shell",
        "operator:wikidata": "Q110716465"
      },
      "geometry": {
        "type": "Point",
        "coordinates": [
          13.459821,
          52.5059602
        ]
      },
      "id": "node/11904811439"
    },
    {
      "type": "Feature",
      "properties": {
        "@id": "node/11904811440",
        "amenity": "charging_station",
        "bicycle": "no",
        "capacity": "2",
        "operator": "Shell",
        "operator:wikidata": "Q110716465"
      },
      "geometry": {
        "type": "Point",
        "coordinates": [
          13.4598451,
          52.5060119
        ]
      },
      "id": "node/11904811440"
    },
    {
      "type": "Feature",
      "properties": {
        "@id": "node/11904811441",
        "amenity": "charging_station",
        "bicycle": "no",
        "capacity": "2",
        "operator": "Shell",
        "operator:wikidata": "Q110716465"
      },
      "geometry": {
        "type": "Point",
        "coordinates": [
          13.4598685,
          52.5060619
        ]
      },
      "id": "node/11904811441"
    },
    {
      "type": "Feature",
      "properties": {
        "@id": "node/11904811442",
        "amenity": "charging_station",
        "capacity": "2",
        "motorcar": "yes",
        "operator": "Qwello",
        "operator:wikidata": "Q130302686"
      },
      "geometry": {
        "type": "Point",
        "coordinates": [
          13.4620863,
          52.5096689
        ]
      },
      "id": "node/11904811442"
    },
    {
      "type": "Feature",
      "properties": {
        "@id": "node/11910690891",
        "access": "yes",
        "amenity": "charging_station",
        "bicycle": "no",
        "brand": "EZE",
        "capacity": "2",
        "operator": "EZE",
        "operator:wikidata": "Q127690117"
      },
      "geometry": {
        "type": "Point",
        "coordinates": [
          13.5088605,
          52.4671565
        ]
      },
      "id": "node/11910690891"
    },
    {
      "type": "Feature",
      "properties": {
        "@id": "node/11913874163",
        "access": "yes",
        "amenity": "charging_station",
        "brand": "Berliner Stadtwerke",
        "brand:wikidata": "Q5176149",
        "capacity": "11",
        "fee": "yes",
        "operator": "Berliner Stadtwerke",
        "operator:wikidata": "Q21969102",
        "payment:app": "yes",
        "payment:rfid_card": "yes"
      },
      "geometry": {
        "type": "Point",
        "coordinates": [
          13.2183994,
          52.5576105
        ]
      },
      "id": "node/11913874163"
    },
    {
      "type": "Feature",
      "properties": {
        "@id": "node/11914000982",
        "access": "yes",
        "amenity": "charging_station",
        "brand": "ubitricity",
        "brand:wikidata": "Q113699692",
        "capacity": "3,7",
        "fee": "yes",
        "name": "ubitricity",
        "operator": "ubitricity",
        "operator:wikidata": "Q113699692",
        "payment:app": "yes",
        "payment:rfid_card": "yes"
      },
      "geometry": {
        "type": "Point",
        "coordinates": [
          13.2136593,
          52.5512323
        ]
      },
      "id": "node/11914000982"
    },
    {
      "type": "Feature",
      "properties": {
        "@id": "node/11914000983",
        "access": "yes",
        "amenity": "charging_station",
        "brand": "ubitricity",
        "brand:wikidata": "Q113699692",
        "capacity": "3,7",
        "fee": "yes",
        "name": "ubitricity",
        "operator": "ubitricity",
        "operator:wikidata": "Q113699692",
        "payment:app": "yes",
        "payment:rfid_card": "yes"
      },
      "geometry": {
        "type": "Point",
        "coordinates": [
          13.2133489,
          52.5507493
        ]
      },
      "id": "node/11914000983"
    },
    {
      "type": "Feature",
      "properties": {
        "@id": "node/11914000984",
        "access": "yes",
        "amenity": "charging_station",
        "brand": "ubitricity",
        "brand:wikidata": "Q113699692",
        "capacity": "3,7",
        "fee": "yes",
        "name": "ubitricity",
        "operator": "ubitricity",
        "operator:wikidata": "Q113699692",
        "payment:app": "yes",
        "payment:rfid_card": "yes"
      },
      "geometry": {
        "type": "Point",
        "coordinates": [
          13.2129344,
          52.549975
        ]
      },
      "id": "node/11914000984"
    },
    {
      "type": "Feature",
      "properties": {
        "@id": "node/11914196522",
        "amenity": "charging_station",
        "bicycle": "no",
        "brand": "EZE",
        "capacity:motorcar": "2",
        "note": "2 charging bays",
        "operator": "EZE",
        "operator:wikidata": "Q127690117",
        "ref": "TTA 00 04 62",
        "website": "https://www.eze.network"
      },
      "geometry": {
        "type": "Point",
        "coordinates": [
          13.3085731,
          52.508951
        ]
      },
      "id": "node/11914196522"
    },
    {
      "type": "Feature",
      "properties": {
        "@id": "node/11916526776",
        "access": "yes",
        "amenity": "charging_station",
        "capacity": "2",
        "operator": "Allego",
        "operator:wikidata": "Q75560554"
      },
      "geometry": {
        "type": "Point",
        "coordinates": [
          13.2342413,
          52.5384966
        ]
      },
      "id": "node/11916526776"
    },
    {
      "type": "Feature",
      "properties": {
        "@id": "node/11930840870",
        "amenity": "charging_station",
        "brand": "Aral pulse",
        "fee": "yes",
        "operator": "Aral",
        "operator:wikidata": "Q565734"
      },
      "geometry": {
        "type": "Point",
        "coordinates": [
          13.1774333,
          52.5167205
        ]
      },
      "id": "node/11930840870"
    },
    {
      "type": "Feature",
      "properties": {
        "@id": "node/11930840871",
        "amenity": "charging_station",
        "brand": "Aral pulse",
        "fee": "yes",
        "operator": "Aral",
        "operator:wikidata": "Q565734"
      },
      "geometry": {
        "type": "Point",
        "coordinates": [
          13.1774416,
          52.5167442
        ]
      },
      "id": "node/11930840871"
    },
    {
      "type": "Feature",
      "properties": {
        "@id": "node/11930840872",
        "amenity": "charging_station",
        "bicycle": "no",
        "brand": "Total",
        "fee": "yes",
        "operator": "TotalEnergies",
        "operator:wikidata": "Q154037"
      },
      "geometry": {
        "type": "Point",
        "coordinates": [
          13.1802124,
          52.5168777
        ]
      },
      "id": "node/11930840872"
    },
    {
      "type": "Feature",
      "properties": {
        "@id": "node/11930847981",
        "access": "yes",
        "amenity": "charging_station",
        "capacity": "1",
        "fee": "yes",
        "operator": "ubitricity"
      },
      "geometry": {
        "type": "Point",
        "coordinates": [
          13.1892874,
          52.5208968
        ]
      },
      "id": "node/11930847981"
    },
    {
      "type": "Feature",
      "properties": {
        "@id": "node/11930847982",
        "access": "yes",
        "amenity": "charging_station",
        "capacity": "1",
        "fee": "yes",
        "operator": "ubitricity"
      },
      "geometry": {
        "type": "Point",
        "coordinates": [
          13.1884823,
          52.5208887
        ]
      },
      "id": "node/11930847982"
    },
    {
      "type": "Feature",
      "properties": {
        "@id": "node/11933136343",
        "amenity": "charging_station",
        "authentication:membership_card": "yes",
        "authentication:none": "yes",
        "brand": "ubitricity",
        "brand:wikidata": "Q113699692",
        "capacity": "1",
        "fee": "yes",
        "motorcar": "yes",
        "name": "ubitricity",
        "operator": "ubitricity",
        "operator:wikidata": "Q113699692",
        "parking:fee": "no",
        "socket:type2": "1",
        "socket:type2:current": "16 A",
        "socket:type2:output": "3,7 kW",
        "voltage": "230"
      },
      "geometry": {
        "type": "Point",
        "coordinates": [
          13.6172713,
          52.4945001
        ]
      },
      "id": "node/11933136343"
    },
    {
      "type": "Feature",
      "properties": {
        "@id": "node/11933136344",
        "amenity": "charging_station",
        "authentication:membership_card": "yes",
        "authentication:none": "yes",
        "brand": "ubitricity",
        "brand:wikidata": "Q113699692",
        "capacity": "1",
        "fee": "yes",
        "motorcar": "yes",
        "name": "ubitricity",
        "operator": "ubitricity",
        "operator:wikidata": "Q113699692",
        "parking:fee": "no",
        "socket:type2": "1",
        "socket:type2:current": "16 A",
        "socket:type2:output": "3,7 kW",
        "voltage": "230"
      },
      "geometry": {
        "type": "Point",
        "coordinates": [
          13.6178021,
          52.4950493
        ]
      },
      "id": "node/11933136344"
    },
    {
      "type": "Feature",
      "properties": {
        "@id": "node/11933136345",
        "amenity": "charging_station",
        "authentication:membership_card": "yes",
        "authentication:none": "yes",
        "brand": "ubitricity",
        "brand:wikidata": "Q113699692",
        "capacity": "1",
        "fee": "yes",
        "motorcar": "yes",
        "name": "ubitricity",
        "operator": "ubitricity",
        "operator:wikidata": "Q113699692",
        "parking:fee": "no",
        "socket:type2": "1",
        "socket:type2:current": "16 A",
        "socket:type2:output": "3,7 kW",
        "voltage": "230"
      },
      "geometry": {
        "type": "Point",
        "coordinates": [
          13.6175292,
          52.4947663
        ]
      },
      "id": "node/11933136345"
    },
    {
      "type": "Feature",
      "properties": {
        "@id": "node/11941835307",
        "amenity": "charging_station",
        "bicycle": "no",
        "capacity": "2",
        "operator": "EZE",
        "operator:wikidata": "Q127690117"
      },
      "geometry": {
        "type": "Point",
        "coordinates": [
          13.5217866,
          52.4623711
        ]
      },
      "id": "node/11941835307"
    },
    {
      "type": "Feature",
      "properties": {
        "@id": "node/11946912290",
        "access": "yes",
        "addr:floor": "0",
        "amenity": "charging_station",
        "capacity": "4",
        "contact:phone": "+4989954595959",
        "covered": "no",
        "fee": "yes",
        "level": "0",
        "operator": "Qwello",
        "operator:wikidata": "Q130302686",
        "socket:type2": "4",
        "socket:type2:output": "11 kW",
        "source": "survey"
      },
      "geometry": {
        "type": "Point",
        "coordinates": [
          13.4054995,
          52.5508713
        ]
      },
      "id": "node/11946912290"
    },
    {
      "type": "Feature",
      "properties": {
        "@id": "node/11948834990",
        "amenity": "charging_station",
        "bicycle": "no",
        "capacity": "2",
        "operator": "Shell Recharge Solutions"
      },
      "geometry": {
        "type": "Point",
        "coordinates": [
          13.26633,
          52.5440598
        ]
      },
      "id": "node/11948834990"
    },
    {
      "type": "Feature",
      "properties": {
        "@id": "node/11952253552",
        "access": "yes",
        "amenity": "charging_station",
        "brand": "EZE",
        "capacity": "2",
        "operator": "EZE",
        "operator:wikidata": "Q127690117"
      },
      "geometry": {
        "type": "Point",
        "coordinates": [
          13.5115561,
          52.4459275
        ]
      },
      "id": "node/11952253552"
    },
    {
      "type": "Feature",
      "properties": {
        "@id": "node/11956320261",
        "access": "yes",
        "addr:floor": "0",
        "amenity": "charging_station",
        "bicycle": "no",
        "capacity": "2",
        "covered": "no",
        "level": "0",
        "operator": "Vattenfall",
        "source": "survey"
      },
      "geometry": {
        "type": "Point",
        "coordinates": [
          13.4196399,
          52.5481025
        ]
      },
      "id": "node/11956320261"
    },
    {
      "type": "Feature",
      "properties": {
        "@id": "node/11958086242",
        "amenity": "charging_station",
        "authentication:membership_card": "yes",
        "authentication:none": "yes",
        "bicycle": "no",
        "capacity": "2",
        "fee": "yes",
        "motorcar": "yes",
        "operator": "EZE",
        "operator:wikidata": "Q127690117",
        "parking:fee": "no",
        "socket:type2": "2",
        "socket:type2:current": "32",
        "socket:type2:output": "22 kW",
        "socket:type2:voltage": "400"
      },
      "geometry": {
        "type": "Point",
        "coordinates": [
          13.569473,
          52.4450248
        ]
      },
      "id": "node/11958086242"
    },
    {
      "type": "Feature",
      "properties": {
        "@id": "node/11962880139",
        "amenity": "charging_station",
        "bicycle": "no",
        "capacity": "2",
        "operator": "Berliner Stadtwerke",
        "operator:wikidata": "Q21969102",
        "ref:EU:EVSE": "DE*BSW*E604448*448"
      },
      "geometry": {
        "type": "Point",
        "coordinates": [
          13.441337,
          52.5260305
        ]
      },
      "id": "node/11962880139"
    },
    {
      "type": "Feature",
      "properties": {
        "@id": "node/11980471077",
        "access": "yes",
        "amenity": "charging_station",
        "capacity": "1",
        "covered": "no",
        "operator": "Qwello",
        "operator:wikidata": "Q130302686"
      },
      "geometry": {
        "type": "Point",
        "coordinates": [
          13.4547019,
          52.4435155
        ]
      },
      "id": "node/11980471077"
    },
    {
      "type": "Feature",
      "properties": {
        "@id": "node/11980471078",
        "access": "yes",
        "amenity": "charging_station",
        "capacity": "1",
        "covered": "no",
        "operator": "Qwello",
        "operator:wikidata": "Q130302686"
      },
      "geometry": {
        "type": "Point",
        "coordinates": [
          13.454725,
          52.4434646
        ]
      },
      "id": "node/11980471078"
    },
    {
      "type": "Feature",
      "properties": {
        "@id": "node/11986412693",
        "access": "yes",
        "addr:floor": "0",
        "amenity": "charging_station",
        "capacity": "2",
        "check_date": "2026-06-17",
        "covered": "no",
        "fee": "yes",
        "level": "0",
        "operator": "Berliner Stadtwerke",
        "operator:wikidata": "Q21969102",
        "payment:account_cards": "yes",
        "payment:paypal": "yes",
        "source": "survey"
      },
      "geometry": {
        "type": "Point",
        "coordinates": [
          13.4072801,
          52.5261941
        ]
      },
      "id": "node/11986412693"
    },
    {
      "type": "Feature",
      "properties": {
        "@id": "node/11991521086",
        "access": "yes",
        "amenity": "charging_station",
        "brand": "eze",
        "capacity": "2",
        "operator": "EZE",
        "operator:wikidata": "Q127690117"
      },
      "geometry": {
        "type": "Point",
        "coordinates": [
          13.3090864,
          52.4647409
        ]
      },
      "id": "node/11991521086"
    },
    {
      "type": "Feature",
      "properties": {
        "@id": "node/11993511408",
        "access": "yes",
        "amenity": "charging_station",
        "capacity": "4",
        "operator": "TotalEnergies",
        "operator:wikidata": "Q154037",
        "socket:chademo": "2",
        "socket:chademo:output": "100 kW",
        "socket:type2_combo": "2",
        "socket:type2_combo:output": "175 kW"
      },
      "geometry": {
        "type": "Point",
        "coordinates": [
          13.4323642,
          52.581762
        ]
      },
      "id": "node/11993511408"
    },
    {
      "type": "Feature",
      "properties": {
        "@id": "node/11993640023",
        "access": "yes",
        "amenity": "charging_station",
        "capacity": "2",
        "operator": "Berliner Stadtwerke"
      },
      "geometry": {
        "type": "Point",
        "coordinates": [
          13.487195,
          52.5016287
        ]
      },
      "id": "node/11993640023"
    },
    {
      "type": "Feature",
      "properties": {
        "@id": "node/11993640028",
        "access": "yes",
        "amenity": "charging_station",
        "capacity": "1",
        "operator": "Qwello"
      },
      "geometry": {
        "type": "Point",
        "coordinates": [
          13.4924184,
          52.5023003
        ]
      },
      "id": "node/11993640028"
    },
    {
      "type": "Feature",
      "properties": {
        "@id": "node/11993640029",
        "access": "yes",
        "amenity": "charging_station",
        "capacity": "1",
        "operator": "Qwello"
      },
      "geometry": {
        "type": "Point",
        "coordinates": [
          13.4923552,
          52.5022666
        ]
      },
      "id": "node/11993640029"
    },
    {
      "type": "Feature",
      "properties": {
        "@id": "node/11998725769",
        "amenity": "charging_station",
        "capacity": "2",
        "name": "chargecloud.de",
        "opening_hours": "24/7",
        "website": "https://chargecloud.de/"
      },
      "geometry": {
        "type": "Point",
        "coordinates": [
          13.3310929,
          52.5255413
        ]
      },
      "id": "node/11998725769"
    },
    {
      "type": "Feature",
      "properties": {
        "@id": "node/12012455141",
        "amenity": "charging_station"
      },
      "geometry": {
        "type": "Point",
        "coordinates": [
          13.316915,
          52.4466083
        ]
      },
      "id": "node/12012455141"
    },
    {
      "type": "Feature",
      "properties": {
        "@id": "node/12018811315",
        "access": "yes",
        "addr:floor": "0",
        "amenity": "charging_station",
        "bicycle": "no",
        "capacity": "2",
        "covered": "no",
        "level": "0",
        "operator": "Berliner Stadtwerke",
        "operator:wikidata": "Q21969102",
        "source": "survey"
      },
      "geometry": {
        "type": "Point",
        "coordinates": [
          13.4125075,
          52.5264117
        ]
      },
      "id": "node/12018811315"
    },
    {
      "type": "Feature",
      "properties": {
        "@id": "node/12020381001",
        "amenity": "charging_station",
        "capacity": "2",
        "operator": "EZE",
        "operator:wikidata": "Q127690117"
      },
      "geometry": {
        "type": "Point",
        "coordinates": [
          13.3971193,
          52.5303657
        ]
      },
      "id": "node/12020381001"
    },
    {
      "type": "Feature",
      "properties": {
        "@id": "node/12020597749",
        "access": "customers",
        "amenity": "charging_station",
        "bicycle": "no",
        "capacity": "2",
        "operator": "Vattenfall"
      },
      "geometry": {
        "type": "Point",
        "coordinates": [
          13.4856375,
          52.6179075
        ]
      },
      "id": "node/12020597749"
    },
    {
      "type": "Feature",
      "properties": {
        "@id": "node/12020597750",
        "access": "customers",
        "amenity": "charging_station",
        "bicycle": "no",
        "capacity": "2",
        "operator": "Vattenfall"
      },
      "geometry": {
        "type": "Point",
        "coordinates": [
          13.4857059,
          52.6178755
        ]
      },
      "id": "node/12020597750"
    },
    {
      "type": "Feature",
      "properties": {
        "@id": "node/12022775280",
        "amenity": "charging_station",
        "bicycle": "no",
        "capacity": "2",
        "operator": "Berliner Stadtwerke",
        "operator:wikidata": "Q21969102",
        "parking:fee": "no"
      },
      "geometry": {
        "type": "Point",
        "coordinates": [
          13.3321845,
          52.476295
        ]
      },
      "id": "node/12022775280"
    },
    {
      "type": "Feature",
      "properties": {
        "@id": "node/12023216816",
        "amenity": "charging_station",
        "authentication:membership_card": "yes",
        "authentication:none": "yes",
        "brand": "ubitricity",
        "brand:wikidata": "Q113699692",
        "fee": "yes",
        "motorcar": "yes",
        "name": "ubitricity",
        "operator": "ubitricity",
        "operator:wikidata": "Q113699692",
        "parking:fee": "no",
        "socket:type2": "1",
        "socket:type2:current": "16 A",
        "socket:type2:output": "3,7 kW",
        "voltage": "230"
      },
      "geometry": {
        "type": "Point",
        "coordinates": [
          13.2834949,
          52.5785446
        ]
      },
      "id": "node/12023216816"
    },
    {
      "type": "Feature",
      "properties": {
        "@id": "node/12037360355",
        "amenity": "charging_station",
        "bicycle": "no",
        "capacity": "2",
        "operator": "Qwello",
        "operator:wikidata": "Q130302686"
      },
      "geometry": {
        "type": "Point",
        "coordinates": [
          13.4501724,
          52.4913836
        ]
      },
      "id": "node/12037360355"
    },
    {
      "type": "Feature",
      "properties": {
        "@id": "node/12037516759",
        "access": "private",
        "amenity": "charging_station"
      },
      "geometry": {
        "type": "Point",
        "coordinates": [
          13.5180161,
          52.423169
        ]
      },
      "id": "node/12037516759"
    },
    {
      "type": "Feature",
      "properties": {
        "@id": "node/12037516760",
        "access": "private",
        "amenity": "charging_station"
      },
      "geometry": {
        "type": "Point",
        "coordinates": [
          13.5180354,
          52.4231223
        ]
      },
      "id": "node/12037516760"
    },
    {
      "type": "Feature",
      "properties": {
        "@id": "node/12037516761",
        "access": "private",
        "amenity": "charging_station"
      },
      "geometry": {
        "type": "Point",
        "coordinates": [
          13.5180506,
          52.4230791
        ]
      },
      "id": "node/12037516761"
    },
    {
      "type": "Feature",
      "properties": {
        "@id": "node/12037516762",
        "access": "private",
        "amenity": "charging_station"
      },
      "geometry": {
        "type": "Point",
        "coordinates": [
          13.5182326,
          52.4234226
        ]
      },
      "id": "node/12037516762"
    },
    {
      "type": "Feature",
      "properties": {
        "@id": "node/12038353859",
        "access": "yes",
        "addr:floor": "0",
        "amenity": "charging_station",
        "bicycle": "no",
        "capacity": "2",
        "covered": "no",
        "fee": "yes",
        "level": "0",
        "operator": "Berliner Stadtwerke",
        "operator:wikidata": "Q21969102",
        "payment:paypal": "yes",
        "payment:visa": "yes",
        "source": "survey"
      },
      "geometry": {
        "type": "Point",
        "coordinates": [
          13.3877311,
          52.5186032
        ]
      },
      "id": "node/12038353859"
    },
    {
      "type": "Feature",
      "properties": {
        "@id": "node/12039444372",
        "amenity": "charging_station",
        "bicycle": "no",
        "capacity": "1",
        "mapillary": "509180504797803",
        "operator": "Qwello",
        "operator:wikidata": "Q130302686"
      },
      "geometry": {
        "type": "Point",
        "coordinates": [
          13.5529493,
          52.5542196
        ]
      },
      "id": "node/12039444372"
    },
    {
      "type": "Feature",
      "properties": {
        "@id": "node/12039444373",
        "amenity": "charging_station",
        "bicycle": "no",
        "capacity": "1",
        "mapillary": "509180504797803",
        "operator": "Qwello",
        "operator:wikidata": "Q130302686"
      },
      "geometry": {
        "type": "Point",
        "coordinates": [
          13.5528707,
          52.554197
        ]
      },
      "id": "node/12039444373"
    },
    {
      "type": "Feature",
      "properties": {
        "@id": "node/12040209868",
        "access": "yes",
        "amenity": "charging_station",
        "bicycle": "no",
        "brand": "ubitricity",
        "brand:wikidata": "Q113699692",
        "bus": "no",
        "capacity": "1",
        "email": "charge@ubitricity.com",
        "fee": "yes",
        "hgv": "no",
        "maxstay": "unlimited",
        "motorcar": "yes",
        "name": "ubitricity",
        "network": "ubitricity",
        "opening_hours": "24/7",
        "operator": "ubitricity",
        "operator:wikidata": "Q113699692",
        "panoramax": "1e7c0df0-b7fa-4a19-bbdc-97d50b0be78c",
        "panoramax:0": "d9ddcad4-fefa-48be-b95d-7223a6ab6889",
        "panoramax:1": "4f72582c-e907-4f51-9b23-b321c64e790f",
        "parking:fee": "no",
        "payment:app": "yes",
        "payment:cards": "no",
        "payment:cash": "no",
        "payment:membership_card": "yes",
        "payment:qr_code": "yes",
        "phone": "0800 3004500",
        "ref": "DE*UBI*E10072910",
        "scooter": "no",
        "socket:type2": "1",
        "socket:type2:current": "16 A",
        "socket:type2:output": "3.7kW",
        "socket:type2:voltage": "230 V",
        "website": "https://charge.ubitricity.com/DE*UBI*E10072910/81067c2c5f45866a"
      },
      "geometry": {
        "type": "Point",
        "coordinates": [
          13.6287033,
          52.4552632
        ]
      },
      "id": "node/12040209868"
    },
    {
      "type": "Feature",
      "properties": {
        "@id": "node/12040246154",
        "access": "yes",
        "amenity": "charging_station",
        "bicycle": "no",
        "brand": "ubitricity",
        "brand:wikidata": "Q113699692",
        "bus": "no",
        "capacity": "1",
        "email": "charge@ubitricity.com",
        "fee": "yes",
        "hgv": "no",
        "maxstay": "unlimited",
        "motorcar": "yes",
        "network": "ubitricity",
        "opening_hours": "24/7",
        "operator": "ubitricity",
        "operator:wikidata": "Q113699692",
        "panoramax": "20dab137-c0f0-4c1d-829e-9b8b1de6bd4b",
        "panoramax:0": "168c8690-d42f-4799-9a97-7d28e4320933",
        "panoramax:1": "8cb67708-9824-4abf-b10b-47596059804b",
        "parking:fee": "no",
        "payment:app": "yes",
        "payment:cards": "no",
        "payment:cash": "no",
        "payment:membership_card": "yes",
        "payment:qr_code": "yes",
        "phone": "0800 3004500",
        "ref": "DE*UBI*E10083031",
        "scooter": "no",
        "socket:type2": "1",
        "socket:type2:current": "16 A",
        "socket:type2:output": "3.7kW",
        "socket:type2:voltage": "230 V",
        "website": "https://charge.ubitricity.com/DE*UBI*E10083031"
      },
      "geometry": {
        "type": "Point",
        "coordinates": [
          13.6311029,
          52.4532581
        ]
      },
      "id": "node/12040246154"
    },
    {
      "type": "Feature",
      "properties": {
        "@id": "node/12040248207",
        "access": "yes",
        "amenity": "charging_station",
        "bicycle": "no",
        "brand": "ubitricity",
        "brand:wikidata": "Q113699692",
        "bus": "no",
        "capacity": "1",
        "email": "charge@ubitricity.com",
        "fee": "yes",
        "hgv": "no",
        "maxstay": "unlimited",
        "motorcar": "yes",
        "name": "ubitricity",
        "network": "ubitricity",
        "opening_hours": "24/7",
        "operator": "ubitricity",
        "operator:wikidata": "Q113699692",
        "panoramax": "66a5605d-c912-47f2-a7e7-8d20d6164149",
        "panoramax:0": "63d454b0-4646-4121-9c9e-6c67b523e567",
        "parking:fee": "no",
        "payment:app": "yes",
        "payment:cards": "no",
        "payment:cash": "no",
        "payment:membership_card": "yes",
        "payment:qr_code": "yes",
        "phone": "0800 3004500",
        "ref": "DE*UBI*E10086851",
        "scooter": "no",
        "socket:type2": "1",
        "socket:type2:current": "16 A",
        "socket:type2:output": "3.7kW",
        "socket:type2:voltage": "230 V",
        "website": "https://charge.ubitricity.com/DE*UBI*E10086851/73e11ddcdc5ddbef"
      },
      "geometry": {
        "type": "Point",
        "coordinates": [
          13.6289346,
          52.4538858
        ]
      },
      "id": "node/12040248207"
    },
    {
      "type": "Feature",
      "properties": {
        "@id": "node/12040268917",
        "access": "yes",
        "amenity": "charging_station",
        "bicycle": "no",
        "brand": "ubitricity",
        "brand:wikidata": "Q113699692",
        "bus": "no",
        "capacity": "1",
        "email": "charge@ubitricity.com",
        "fee": "yes",
        "hgv": "no",
        "maxstay": "unlimited",
        "motorcar": "yes",
        "network": "ubitricity",
        "opening_hours": "24/7",
        "operator": "ubitricity",
        "operator:wikidata": "Q113699692",
        "panoramax": "650f17df-6b86-4624-adc7-02110d3c51fa",
        "panoramax:0": "e8a930a3-1a93-4a45-873d-de25b2fbfebc",
        "panoramax:1": "351ad103-286b-4e88-ba54-d4a641c4550e",
        "parking:fee": "no",
        "payment:app": "yes",
        "payment:cards": "no",
        "payment:cash": "no",
        "payment:membership_card": "yes",
        "payment:qr_code": "yes",
        "phone": "0800 3004500",
        "ref": "DE*UBI*E10092005",
        "scooter": "no",
        "socket:type2": "1",
        "socket:type2:current": "16 A",
        "socket:type2:output": "3.7kW",
        "socket:type2:voltage": "230 V",
        "website": "https://charge.ubitricity.com/DE*UBI*E10092005"
      },
      "geometry": {
        "type": "Point",
        "coordinates": [
          13.6300522,
          52.4532351
        ]
      },
      "id": "node/12040268917"
    },
    {
      "type": "Feature",
      "properties": {
        "@id": "node/12040274953",
        "access": "yes",
        "amenity": "charging_station",
        "bicycle": "no",
        "brand": "ubitricity",
        "brand:wikidata": "Q113699692",
        "bus": "no",
        "capacity": "1",
        "email": "charge@ubitricity.com",
        "fee": "yes",
        "hgv": "no",
        "maxstay": "unlimited",
        "motorcar": "yes",
        "network": "ubitricity",
        "opening_hours": "24/7",
        "operator": "ubitricity",
        "operator:wikidata": "Q113699692",
        "panoramax": "72d56e1a-00f6-43bc-8ca6-c7f1b0439719",
        "panoramax:0": "40600f82-d2c8-43cf-a3b5-d845d55dc72d",
        "panoramax:1": "ae27ceae-c7e9-4564-9b7a-d63e62342661",
        "parking:fee": "no",
        "payment:app": "yes",
        "payment:cards": "no",
        "payment:cash": "no",
        "payment:membership_card": "yes",
        "payment:qr_code": "yes",
        "phone": "0800 3004500",
        "ref": "DE*UBI*E10090524",
        "scooter": "no",
        "socket:type2": "1",
        "socket:type2:current": "16 A",
        "socket:type2:output": "3.7kW",
        "socket:type2:voltage": "230 V",
        "website": "https://charge.ubitricity.com/DE*UBI*E10090524"
      },
      "geometry": {
        "type": "Point",
        "coordinates": [
          13.6294226,
          52.4532183
        ]
      },
      "id": "node/12040274953"
    },
    {
      "type": "Feature",
      "properties": {
        "@id": "node/12040275288",
        "access": "yes",
        "amenity": "charging_station",
        "bicycle": "no",
        "brand": "ubitricity",
        "brand:wikidata": "Q113699692",
        "bus": "no",
        "capacity": "1",
        "email": "charge@ubitricity.com",
        "fee": "yes",
        "hgv": "no",
        "maxstay": "unlimited",
        "motorcar": "yes",
        "network": "ubitricity",
        "opening_hours": "24/7",
        "operator": "ubitricity",
        "operator:wikidata": "Q113699692",
        "panoramax": "4f6d57bc-6288-47e3-8057-3b38638a2c4e",
        "panoramax:0": "6d4fc0d8-30fd-4a6a-ac71-bc5e8ffe1abb",
        "panoramax:1": "6866345a-9d24-4bcc-a4a6-d401d494a7c7",
        "parking:fee": "no",
        "payment:app": "yes",
        "payment:cards": "no",
        "payment:cash": "no",
        "payment:membership_card": "yes",
        "payment:qr_code": "yes",
        "phone": "0800 3004500",
        "ref": "DE*UBI*E10080828",
        "scooter": "no",
        "socket:type2": "1",
        "socket:type2:current": "16 A",
        "socket:type2:output": "3.7kW",
        "socket:type2:voltage": "230 V",
        "website": "https://charge.ubitricity.com/DE*UBI*E10080828"
      },
      "geometry": {
        "type": "Point",
        "coordinates": [
          13.6287311,
          52.4532002
        ]
      },
      "id": "node/12040275288"
    },
    {
      "type": "Feature",
      "properties": {
        "@id": "node/12040281297",
        "access": "yes",
        "amenity": "charging_station",
        "bicycle": "no",
        "brand": "ubitricity",
        "brand:wikidata": "Q113699692",
        "bus": "no",
        "capacity": "1",
        "email": "charge@ubitricity.com",
        "fee": "yes",
        "hgv": "no",
        "maxstay": "unlimited",
        "motorcar": "yes",
        "network": "ubitricity",
        "opening_hours": "24/7",
        "operator": "ubitricity",
        "operator:wikidata": "Q113699692",
        "panoramax": "5ef76c3c-20ae-4eaa-8dcd-099d001d55fc",
        "panoramax:0": "0b5a34db-678b-4596-88bb-125db6f5b186",
        "panoramax:1": "5288407f-71a8-4112-b563-52c99f7a05bd",
        "parking:fee": "no",
        "payment:app": "yes",
        "payment:cards": "no",
        "payment:cash": "no",
        "payment:membership_card": "yes",
        "payment:qr_code": "yes",
        "phone": "0800 3004500",
        "ref": "DE*UBI*E10045147",
        "scooter": "no",
        "socket:type2": "1",
        "socket:type2:current": "16 A",
        "socket:type2:output": "3.7kW",
        "socket:type2:voltage": "230 V",
        "website": "https://charge.ubitricity.com/DE*UBI*E10045147"
      },
      "geometry": {
        "type": "Point",
        "coordinates": [
          13.6317991,
          52.4532847
        ]
      },
      "id": "node/12040281297"
    },
    {
      "type": "Feature",
      "properties": {
        "@id": "node/12044539074",
        "access": "yes",
        "amenity": "charging_station",
        "brand": "Qwello",
        "capacity": "2",
        "operator": "Qwello",
        "operator:wikidata": "Q130302686"
      },
      "geometry": {
        "type": "Point",
        "coordinates": [
          13.335408,
          52.5201677
        ]
      },
      "id": "node/12044539074"
    },
    {
      "type": "Feature",
      "properties": {
        "@id": "node/12046583352",
        "amenity": "charging_station",
        "bicycle": "no",
        "capacity": "2",
        "check_date": "2026-03-20",
        "covered": "no",
        "fee": "yes",
        "operator": "Lidl",
        "operator:wikidata": "Q151954"
      },
      "geometry": {
        "type": "Point",
        "coordinates": [
          13.5063629,
          52.5090703
        ]
      },
      "id": "node/12046583352"
    },
    {
      "type": "Feature",
      "properties": {
        "@id": "node/12048238455",
        "access": "yes",
        "addr:floor": "0",
        "amenity": "charging_station",
        "bicycle": "no",
        "brand": "E.ON Drive",
        "brand:wikidata": "Q126650419",
        "capacity": "2",
        "covered": "no",
        "fee": "yes",
        "level": "0",
        "manufacturer": "Alfen",
        "operator": "E.ON",
        "operator:wikidata": "Q270223",
        "payment:mastercard": "yes",
        "payment:visa": "yes",
        "ref": "ACE0507761",
        "source": "survey"
      },
      "geometry": {
        "type": "Point",
        "coordinates": [
          13.4039913,
          52.5232702
        ]
      },
      "id": "node/12048238455"
    },
    {
      "type": "Feature",
      "properties": {
        "@id": "node/12054128690",
        "access": "yes",
        "addr:floor": "0",
        "amenity": "charging_station",
        "bicycle": "no",
        "capacity": "1",
        "covered": "no",
        "fee": "yes",
        "level": "0",
        "operator": "Qwello",
        "operator:wikidata": "Q130302686",
        "ref": "CP06GA01S00166AZ",
        "source": "survey",
        "wheelchair": "no"
      },
      "geometry": {
        "type": "Point",
        "coordinates": [
          13.4087333,
          52.5277404
        ]
      },
      "id": "node/12054128690"
    },
    {
      "type": "Feature",
      "properties": {
        "@id": "node/12054128692",
        "access": "yes",
        "addr:floor": "0",
        "amenity": "charging_station",
        "bicycle": "no",
        "capacity": "1",
        "covered": "no",
        "fee": "yes",
        "level": "0",
        "operator": "Qwello",
        "operator:wikidata": "Q130302686",
        "ref": "CP06GA01S00065AZ",
        "source": "survey",
        "wheelchair": "yes"
      },
      "geometry": {
        "type": "Point",
        "coordinates": [
          13.4086907,
          52.5276841
        ]
      },
      "id": "node/12054128692"
    },
    {
      "type": "Feature",
      "properties": {
        "@id": "node/12054952567",
        "access": "yes",
        "amenity": "charging_station",
        "bicycle": "no",
        "capacity": "2",
        "operator": "Qwello",
        "operator:wikidata": "Q130302686",
        "socket:type2": "2",
        "socket:type2:output": "11 kW"
      },
      "geometry": {
        "type": "Point",
        "coordinates": [
          13.410803,
          52.5526338
        ]
      },
      "id": "node/12054952567"
    },
    {
      "type": "Feature",
      "properties": {
        "@id": "node/12056145539",
        "amenity": "charging_station",
        "bicycle": "no",
        "capacity": "1",
        "motorcar": "yes",
        "operator": "TotalEnergies",
        "operator:wikidata": "Q154037"
      },
      "geometry": {
        "type": "Point",
        "coordinates": [
          13.4539475,
          52.5263872
        ]
      },
      "id": "node/12056145539"
    },
    {
      "type": "Feature",
      "properties": {
        "@id": "node/12056145540",
        "amenity": "charging_station",
        "bicycle": "no",
        "capacity": "2",
        "motorcar": "yes",
        "operator": "TotalEnergies",
        "operator:wikidata": "Q154037"
      },
      "geometry": {
        "type": "Point",
        "coordinates": [
          13.4537932,
          52.526349
        ]
      },
      "id": "node/12056145540"
    },
    {
      "type": "Feature",
      "properties": {
        "@id": "node/12056145541",
        "access": "yes",
        "amenity": "charging_station",
        "capacity": "2",
        "fee": "yes",
        "motorcar": "yes",
        "operator": "TotalEnergies",
        "operator:wikidata": "Q154037"
      },
      "geometry": {
        "type": "Point",
        "coordinates": [
          13.4460649,
          52.5235204
        ]
      },
      "id": "node/12056145541"
    },
    {
      "type": "Feature",
      "properties": {
        "@id": "node/12056145551",
        "amenity": "charging_station",
        "capacity": "1",
        "motorcar": "yes",
        "operator": "Qwello",
        "operator:wikidata": "Q130302686"
      },
      "geometry": {
        "type": "Point",
        "coordinates": [
          13.4476198,
          52.5176499
        ]
      },
      "id": "node/12056145551"
    },
    {
      "type": "Feature",
      "properties": {
        "@id": "node/12056145552",
        "amenity": "charging_station",
        "capacity": "1",
        "motorcar": "yes",
        "operator": "Qwello",
        "operator:wikidata": "Q130302686"
      },
      "geometry": {
        "type": "Point",
        "coordinates": [
          13.4475895,
          52.5176906
        ]
      },
      "id": "node/12056145552"
    },
    {
      "type": "Feature",
      "properties": {
        "@id": "node/12056212012",
        "amenity": "charging_station",
        "bicycle": "no",
        "capacity": "2",
        "motorcar": "yes",
        "operator": "Qwello GmbH"
      },
      "geometry": {
        "type": "Point",
        "coordinates": [
          13.4533716,
          52.5253749
        ]
      },
      "id": "node/12056212012"
    },
    {
      "type": "Feature",
      "properties": {
        "@id": "node/12062153449",
        "access": "yes",
        "addr:floor": "0",
        "amenity": "charging_station",
        "brand": "technagon",
        "capacity": "2",
        "covered": "no",
        "fee": "yes",
        "level": "0",
        "operator": "EZE",
        "operator:wikidata": "Q127690117",
        "source": "survey"
      },
      "geometry": {
        "type": "Point",
        "coordinates": [
          13.4209466,
          52.4973708
        ]
      },
      "id": "node/12062153449"
    },
    {
      "type": "Feature",
      "properties": {
        "@id": "node/12065418542",
        "access": "yes",
        "addr:floor": "0",
        "amenity": "charging_station",
        "bicycle": "no",
        "capacity": "2",
        "covered": "no",
        "fee": "yes",
        "level": "0",
        "operator": "Berliner Stadtwerke",
        "operator:wikidata": "Q21969102",
        "payment:mastercard": "yes",
        "payment:paypal": "yes",
        "payment:visa": "yes",
        "source": "survey"
      },
      "geometry": {
        "type": "Point",
        "coordinates": [
          13.3974271,
          52.5282479
        ]
      },
      "id": "node/12065418542"
    },
    {
      "type": "Feature",
      "properties": {
        "@id": "node/12066543080",
        "amenity": "charging_station",
        "capacity": "2",
        "opening_hours": "24/7",
        "operator": "Qwello",
        "operator:wikidata": "Q130302686"
      },
      "geometry": {
        "type": "Point",
        "coordinates": [
          13.3376266,
          52.496851
        ]
      },
      "id": "node/12066543080"
    },
    {
      "type": "Feature",
      "properties": {
        "@id": "node/12068604695",
        "access": "yes",
        "addr:floor": "0",
        "amenity": "charging_station",
        "bicycle": "no",
        "capacity": "1",
        "covered": "no",
        "fee": "yes",
        "level": "0",
        "operator": "Qwello",
        "operator:wikidata": "Q130302686",
        "payment:cards": "yes",
        "ref": "CP06GA01S00069AZ",
        "source": "survey"
      },
      "geometry": {
        "type": "Point",
        "coordinates": [
          13.4141699,
          52.5006992
        ]
      },
      "id": "node/12068604695"
    },
    {
      "type": "Feature",
      "properties": {
        "@id": "node/12068604697",
        "access": "yes",
        "addr:floor": "0",
        "amenity": "charging_station",
        "bicycle": "no",
        "capacity": "1",
        "covered": "no",
        "fee": "yes",
        "level": "0",
        "operator": "Qwello",
        "operator:wikidata": "Q130302686",
        "payment:cards": "yes",
        "ref": "CP06GA01S00072AZ",
        "source": "survey"
      },
      "geometry": {
        "type": "Point",
        "coordinates": [
          13.4141353,
          52.5006505
        ]
      },
      "id": "node/12068604697"
    },
    {
      "type": "Feature",
      "properties": {
        "@id": "node/12068740769",
        "amenity": "charging_station",
        "capacity": "2",
        "opening_hours": "24/7",
        "operator": "Berliner Stadtwerke",
        "operator:wikidata": "Q21969102"
      },
      "geometry": {
        "type": "Point",
        "coordinates": [
          13.3139763,
          52.4967187
        ]
      },
      "id": "node/12068740769"
    },
    {
      "type": "Feature",
      "properties": {
        "@id": "node/12069689769",
        "amenity": "charging_station",
        "bicycle": "no",
        "capacity": "2",
        "operator": "EZE",
        "website": "https://www.eze.network"
      },
      "geometry": {
        "type": "Point",
        "coordinates": [
          13.3839696,
          52.5384894
        ]
      },
      "id": "node/12069689769"
    },
    {
      "type": "Feature",
      "properties": {
        "@id": "node/12071159223",
        "access": "yes",
        "amenity": "charging_station",
        "bicycle": "no",
        "capacity": "2",
        "operator": "Qwello",
        "operator:wikidata": "Q130302686"
      },
      "geometry": {
        "type": "Point",
        "coordinates": [
          13.4105942,
          52.5627355
        ]
      },
      "id": "node/12071159223"
    },
    {
      "type": "Feature",
      "properties": {
        "@id": "node/12071716298",
        "access": "yes",
        "amenity": "charging_station",
        "bicycle": "no",
        "capacity": "2",
        "check_date": "2025-11-22",
        "fee": "yes",
        "operator": "Berliner Stadtwerke",
        "operator:wikidata": "Q21969102"
      },
      "geometry": {
        "type": "Point",
        "coordinates": [
          13.3162743,
          52.4993207
        ]
      },
      "id": "node/12071716298"
    },
    {
      "type": "Feature",
      "properties": {
        "@id": "node/12076081388",
        "access": "yes",
        "addr:floor": "0",
        "amenity": "charging_station",
        "bicycle": "no",
        "brand": "Compleo Charging",
        "capacity": "2",
        "colour": "grey",
        "covered": "no",
        "fee": "yes",
        "level": "0",
        "operator": "Berliner Stadtwerke",
        "operator:wikidata": "Q21969102",
        "payment:mastercard": "yes",
        "payment:paypal": "yes",
        "payment:visa": "yes",
        "ref:EU:EVSE": "DE*BSW*E604392*392",
        "source": "survey"
      },
      "geometry": {
        "type": "Point",
        "coordinates": [
          13.4211617,
          52.5190495
        ]
      },
      "id": "node/12076081388"
    },
    {
      "type": "Feature",
      "properties": {
        "@id": "node/12077317118",
        "access": "yes",
        "amenity": "charging_station",
        "brand": "Shell recharge",
        "capacity": "2",
        "fee": "yes",
        "operator": "Shell Recharge Solutions",
        "operator:wikidata": "Q105883058",
        "payment:app": "yes",
        "payment:online_payment": "yes",
        "payment:prepaid_cards": "yes",
        "socket:type2": "2",
        "socket:type2:output": "22 kW"
      },
      "geometry": {
        "type": "Point",
        "coordinates": [
          13.5558462,
          52.4382227
        ]
      },
      "id": "node/12077317118"
    },
    {
      "type": "Feature",
      "properties": {
        "@id": "node/12082822001",
        "access": "yes",
        "amenity": "charging_station",
        "bicycle": "no",
        "capacity": "2",
        "operator": "TotalEnergies",
        "operator:wikidata": "Q154037"
      },
      "geometry": {
        "type": "Point",
        "coordinates": [
          13.3607416,
          52.5384789
        ]
      },
      "id": "node/12082822001"
    },
    {
      "type": "Feature",
      "properties": {
        "@id": "node/12084657210",
        "amenity": "charging_station",
        "bicycle": "no",
        "capacity": "2",
        "operator": "Berliner Stadtwerke",
        "operator:wikidata": "Q21969102"
      },
      "geometry": {
        "type": "Point",
        "coordinates": [
          13.3264664,
          52.4633671
        ]
      },
      "id": "node/12084657210"
    },
    {
      "type": "Feature",
      "properties": {
        "@id": "node/12084690102",
        "amenity": "charging_station",
        "capacity": "2",
        "operator": "Berliner Stadtwerke",
        "operator:wikidata": "Q21969102"
      },
      "geometry": {
        "type": "Point",
        "coordinates": [
          13.3213036,
          52.4651278
        ]
      },
      "id": "node/12084690102"
    },
    {
      "type": "Feature",
      "properties": {
        "@id": "node/12093857427",
        "access": "yes",
        "addr:floor": "0",
        "amenity": "charging_station",
        "bicycle": "no",
        "capacity": "2",
        "covered": "no",
        "fee": "yes",
        "level": "0",
        "obstacle:parking": "yes",
        "operator": "Qwello",
        "operator:wikidata": "Q130302686",
        "position": "lane",
        "ref": "CP06GA01S00300AZ; CP06GA01S00299AZ",
        "source": "survey"
      },
      "geometry": {
        "type": "Point",
        "coordinates": [
          13.4205985,
          52.5030272
        ]
      },
      "id": "node/12093857427"
    },
    {
      "type": "Feature",
      "properties": {
        "@id": "node/12095325173",
        "amenity": "charging_station",
        "brand": "ubitricity",
        "brand:wikidata": "Q113699692",
        "capacity": "1",
        "man_made": "charge_point",
        "motorcar": "yes",
        "name": "ubitricity",
        "operator": "ubitricity",
        "operator:wikidata": "Q113699692",
        "ref": "DE*UBI*E10086931",
        "serialnumber": "H1610-230455",
        "socket:type2": "1",
        "socket:type2:output": "3.7",
        "start_date": "2023-19"
      },
      "geometry": {
        "type": "Point",
        "coordinates": [
          13.2768609,
          52.6285656
        ]
      },
      "id": "node/12095325173"
    },
    {
      "type": "Feature",
      "properties": {
        "@id": "node/12095325178",
        "amenity": "charging_station",
        "brand": "ubitricity",
        "brand:wikidata": "Q113699692",
        "capacity": "1",
        "man_made": "charge_point",
        "motorcar": "yes",
        "name": "ubitricity",
        "operator": "ubitricity",
        "operator:wikidata": "Q113699692",
        "ref": "DE*UBI*E10045115",
        "serialnumber": "H1610-230462",
        "socket:type2": "1",
        "socket:type2:output": "3.7",
        "start_date": "2023-19"
      },
      "geometry": {
        "type": "Point",
        "coordinates": [
          13.2771749,
          52.6287675
        ]
      },
      "id": "node/12095325178"
    },
    {
      "type": "Feature",
      "properties": {
        "@id": "node/12095948807",
        "access": "yes",
        "addr:floor": "0",
        "amenity": "charging_station",
        "capacity": "2",
        "covered": "no",
        "fee": "yes",
        "level": "0",
        "operator": "Berliner Stadtwerke",
        "operator:wikidata": "Q21969102",
        "payment:mastercard": "yes",
        "payment:paypal": "yes",
        "payment:visa": "yes",
        "source": "survey"
      },
      "geometry": {
        "type": "Point",
        "coordinates": [
          13.4189157,
          52.5123397
        ]
      },
      "id": "node/12095948807"
    },
    {
      "type": "Feature",
      "properties": {
        "@id": "node/12096439712",
        "amenity": "charging_station",
        "capacity": "2"
      },
      "geometry": {
        "type": "Point",
        "coordinates": [
          13.6020531,
          52.5371081
        ]
      },
      "id": "node/12096439712"
    },
    {
      "type": "Feature",
      "properties": {
        "@id": "node/12097052188",
        "access": "yes",
        "addr:floor": "0",
        "amenity": "charging_station",
        "bicycle": "no",
        "capacity": "2",
        "colour": "grey",
        "covered": "no",
        "fee": "yes",
        "level": "0",
        "motorcar": "yes",
        "operator": "Berliner Stadtwerke",
        "operator:wikidata": "Q21969102",
        "payment:mastercard": "yes",
        "payment:paypal": "yes",
        "payment:visa": "yes",
        "source": "survey"
      },
      "geometry": {
        "type": "Point",
        "coordinates": [
          13.4224627,
          52.4915594
        ]
      },
      "id": "node/12097052188"
    },
    {
      "type": "Feature",
      "properties": {
        "@id": "node/12104386282",
        "access": "yes",
        "amenity": "charging_station",
        "capacity": "2",
        "covered": "no",
        "level": "0",
        "maxstay": "1 hour",
        "operator": "Vattenfall",
        "payment:credit_cards": "yes"
      },
      "geometry": {
        "type": "Point",
        "coordinates": [
          13.4236181,
          52.5564588
        ]
      },
      "id": "node/12104386282"
    },
    {
      "type": "Feature",
      "properties": {
        "@id": "node/12104386283",
        "access": "yes",
        "amenity": "charging_station",
        "capacity": "2",
        "covered": "no",
        "level": "0",
        "maxstay": "1 hour",
        "operator": "Vattenfall",
        "payment:credit_cards": "yes",
        "source": "survey"
      },
      "geometry": {
        "type": "Point",
        "coordinates": [
          13.4236185,
          52.5564935
        ]
      },
      "id": "node/12104386283"
    },
    {
      "type": "Feature",
      "properties": {
        "@id": "node/12107958502",
        "amenity": "charging_station",
        "bicycle": "no",
        "capacity:motorcar": "1",
        "fee": "yes",
        "motorcar": "yes",
        "operator": "Qwello",
        "operator:wikidata": "Q130302686",
        "parking:fee": "no",
        "socket:type2": "1",
        "socket:type2:current": "16 A",
        "socket:type2:output": "11 kW",
        "voltage": "400"
      },
      "geometry": {
        "type": "Point",
        "coordinates": [
          13.5454991,
          52.4362638
        ]
      },
      "id": "node/12107958502"
    },
    {
      "type": "Feature",
      "properties": {
        "@id": "node/12107958504",
        "amenity": "charging_station",
        "bicycle": "no",
        "capacity:motorcar": "1",
        "fee": "yes",
        "motorcar": "yes",
        "operator": "Qwello",
        "operator:wikidata": "Q130302686",
        "parking:fee": "no",
        "socket:type2": "1",
        "socket:type2:current": "16 A",
        "socket:type2:output": "11 kW",
        "voltage": "400"
      },
      "geometry": {
        "type": "Point",
        "coordinates": [
          13.5454359,
          52.4363069
        ]
      },
      "id": "node/12107958504"
    },
    {
      "type": "Feature",
      "properties": {
        "@id": "node/12114392717",
        "amenity": "charging_station",
        "capacity": "2",
        "covered": "no",
        "fee": "yes",
        "maxstay": "4 hours",
        "motorcar": "yes",
        "name": "REWE Ladestation",
        "opening_hours": "24/7",
        "operator": "City Concept E-Ladestationen GmbH",
        "parking:fee": "no",
        "socket:type2": "2",
        "socket:type2:current": "32",
        "socket:type2:output": "22 kW",
        "socket:type2:voltage": "400",
        "website": "https://city-concept-e-ladestationen.de/berlin-schoenefelder-chaussee"
      },
      "geometry": {
        "type": "Point",
        "coordinates": [
          13.5359921,
          52.4181746
        ]
      },
      "id": "node/12114392717"
    },
    {
      "type": "Feature",
      "properties": {
        "@id": "node/12115698901",
        "amenity": "charging_station"
      },
      "geometry": {
        "type": "Point",
        "coordinates": [
          13.4218166,
          52.5574486
        ]
      },
      "id": "node/12115698901"
    },
    {
      "type": "Feature",
      "properties": {
        "@id": "node/12118932563",
        "access": "yes",
        "addr:floor": "0",
        "amenity": "charging_station",
        "brand": "Siemens",
        "capacity": "2",
        "colour": "grey",
        "covered": "no",
        "fee": "yes",
        "level": "0",
        "manufacturer": "Siemens",
        "material": "metal",
        "operator": "EZE",
        "operator:wikidata": "Q127690117",
        "ref": "TTA 00 02 26",
        "source": "survey"
      },
      "geometry": {
        "type": "Point",
        "coordinates": [
          13.4171352,
          52.5048117
        ]
      },
      "id": "node/12118932563"
    },
    {
      "type": "Feature",
      "properties": {
        "@id": "node/12120609858",
        "access": "yes",
        "amenity": "charging_station",
        "bicycle": "no",
        "brand": "Siemens",
        "capacity": "2",
        "covered": "no",
        "fee": "yes",
        "motorcar": "yes",
        "operator": "EZE",
        "operator:wikidata": "Q127690117",
        "payment:account_cards": "yes",
        "ref": "TTA 00 05 07*1;TTA 00 05 07*2",
        "source": "survey"
      },
      "geometry": {
        "type": "Point",
        "coordinates": [
          13.4691024,
          52.5048083
        ]
      },
      "id": "node/12120609858"
    },
    {
      "type": "Feature",
      "properties": {
        "@id": "node/12122499179",
        "amenity": "charging_station",
        "authentication:app": "yes",
        "authentication:contactless": "yes",
        "capacity": "2",
        "fee": "yes",
        "motorcar": "yes",
        "motorcycle": "yes",
        "note": "This charging station is currenty in construction. Should be open in a few weeks.",
        "opening_hours": "24/7",
        "operator": "Qwello Deutschland GmbH",
        "ref": "1142301,1142302",
        "socket:type2_cable": "2",
        "socket:type2_cable:output": "11 kW"
      },
      "geometry": {
        "type": "Point",
        "coordinates": [
          13.5809571,
          52.518048
        ]
      },
      "id": "node/12122499179"
    },
    {
      "type": "Feature",
      "properties": {
        "@id": "node/12122519704",
        "amenity": "charging_station",
        "authentication:app": "yes",
        "authentication:none": "yes",
        "capacity": "2",
        "fee": "yes",
        "motorcar": "yes",
        "motorcycle": "yes",
        "name": "BERLINER STADTVVERKE BAUSDORFSTR. 10 AC",
        "opening_hours": "24/7",
        "operator": "Berliner Stadtwerke KommunalPartner GmbH",
        "ref": "DE*BSW*E604595",
        "socket:type2": "2",
        "socket:type2:output": "22 kW"
      },
      "geometry": {
        "type": "Point",
        "coordinates": [
          13.5926633,
          52.5129457
        ]
      },
      "id": "node/12122519704"
    },
    {
      "type": "Feature",
      "properties": {
        "@id": "node/12122769671",
        "amenity": "charging_station",
        "bicycle": "no",
        "brand": "EZE",
        "capacity": "2",
        "motorcar": "yes",
        "operator": "EZE",
        "operator:wikidata": "Q127690117"
      },
      "geometry": {
        "type": "Point",
        "coordinates": [
          13.4230343,
          52.4750283
        ]
      },
      "id": "node/12122769671"
    },
    {
      "type": "Feature",
      "properties": {
        "@id": "node/12125849907",
        "amenity": "charging_station",
        "capacity": "4"
      },
      "geometry": {
        "type": "Point",
        "coordinates": [
          13.5066869,
          52.5623918
        ]
      },
      "id": "node/12125849907"
    },
    {
      "type": "Feature",
      "properties": {
        "@id": "node/12125849908",
        "amenity": "charging_station",
        "capacity": "4"
      },
      "geometry": {
        "type": "Point",
        "coordinates": [
          13.506636,
          52.5624391
        ]
      },
      "id": "node/12125849908"
    },
    {
      "type": "Feature",
      "properties": {
        "@id": "node/12125849929",
        "access": "destination",
        "amenity": "charging_station"
      },
      "geometry": {
        "type": "Point",
        "coordinates": [
          13.5106287,
          52.563033
        ]
      },
      "id": "node/12125849929"
    },
    {
      "type": "Feature",
      "properties": {
        "@id": "node/12125849930",
        "access": "destination",
        "amenity": "charging_station"
      },
      "geometry": {
        "type": "Point",
        "coordinates": [
          13.5105441,
          52.5631078
        ]
      },
      "id": "node/12125849930"
    },
    {
      "type": "Feature",
      "properties": {
        "@id": "node/12132163463",
        "amenity": "charging_station",
        "bicycle": "no",
        "capacity": "2",
        "operator": "Berliner Stadtwerke"
      },
      "geometry": {
        "type": "Point",
        "coordinates": [
          13.4155653,
          52.4900348
        ]
      },
      "id": "node/12132163463"
    },
    {
      "type": "Feature",
      "properties": {
        "@id": "node/12144020623",
        "amenity": "charging_station",
        "capacity": "2",
        "mapillary": "356802684052733",
        "operator": "eze.network GmbH"
      },
      "geometry": {
        "type": "Point",
        "coordinates": [
          13.6028333,
          52.5390572
        ]
      },
      "id": "node/12144020623"
    },
    {
      "type": "Feature",
      "properties": {
        "@id": "node/12147582195",
        "amenity": "charging_station",
        "capacity": "2",
        "mapillary": "1508200889812481"
      },
      "geometry": {
        "type": "Point",
        "coordinates": [
          13.5755918,
          52.5682468
        ]
      },
      "id": "node/12147582195"
    },
    {
      "type": "Feature",
      "properties": {
        "@id": "node/12149254973",
        "access": "yes",
        "amenity": "charging_station",
        "bicycle": "no",
        "brand": "EZE",
        "capacity": "2",
        "operator": "EZE",
        "operator:wikidata": "Q127690117",
        "ref": "TTA 00 03 79",
        "socket:type2": "2",
        "website": "https://www.eze.network"
      },
      "geometry": {
        "type": "Point",
        "coordinates": [
          13.3594196,
          52.5228498
        ]
      },
      "id": "node/12149254973"
    },
    {
      "type": "Feature",
      "properties": {
        "@id": "node/12149254974",
        "access": "yes",
        "amenity": "charging_station",
        "bicycle": "no",
        "brand": "TotalEnergies",
        "capacity": "2",
        "operator": "TotalEnergies",
        "operator:wikidata": "Q154037",
        "ref:EU:EVSE": "DE*DES*E1003289",
        "socket:type2": "2"
      },
      "geometry": {
        "type": "Point",
        "coordinates": [
          13.3582678,
          52.5208685
        ]
      },
      "id": "node/12149254974"
    },
    {
      "type": "Feature",
      "properties": {
        "@id": "node/12150158744",
        "access": "customers",
        "amenity": "charging_station",
        "capacity": "1",
        "operator": "Grimm's Hotels"
      },
      "geometry": {
        "type": "Point",
        "coordinates": [
          13.3730649,
          52.5032204
        ]
      },
      "id": "node/12150158744"
    },
    {
      "type": "Feature",
      "properties": {
        "@id": "node/12150158745",
        "access": "customers",
        "amenity": "charging_station",
        "capacity": "1",
        "operator": "Grimm's Hotels"
      },
      "geometry": {
        "type": "Point",
        "coordinates": [
          13.3730788,
          52.5031941
        ]
      },
      "id": "node/12150158745"
    },
    {
      "type": "Feature",
      "properties": {
        "@id": "node/12151353366",
        "amenity": "charging_station",
        "capacity": "2",
        "operator": "EZE",
        "operator:wikidata": "Q127690117"
      },
      "geometry": {
        "type": "Point",
        "coordinates": [
          13.3132409,
          52.4984612
        ]
      },
      "id": "node/12151353366"
    },
    {
      "type": "Feature",
      "properties": {
        "@id": "node/12154627450",
        "access": "customers",
        "amenity": "charging_station",
        "capacity": "2"
      },
      "geometry": {
        "type": "Point",
        "coordinates": [
          13.4261865,
          52.4210159
        ]
      },
      "id": "node/12154627450"
    },
    {
      "type": "Feature",
      "properties": {
        "@id": "node/12155968733",
        "access": "yes",
        "addr:floor": "0",
        "amenity": "charging_station",
        "bicycle": "no",
        "capacity": "2",
        "covered": "no",
        "fee": "yes",
        "level": "0",
        "operator": "Berliner Stadtwerke",
        "operator:wikidata": "Q21969102",
        "source": "survey"
      },
      "geometry": {
        "type": "Point",
        "coordinates": [
          13.4125628,
          52.5466641
        ]
      },
      "id": "node/12155968733"
    },
    {
      "type": "Feature",
      "properties": {
        "@id": "node/12159890177",
        "amenity": "charging_station",
        "capacity": "2",
        "operator": "Qwello"
      },
      "geometry": {
        "type": "Point",
        "coordinates": [
          13.3775929,
          52.5514564
        ]
      },
      "id": "node/12159890177"
    },
    {
      "type": "Feature",
      "properties": {
        "@id": "node/12159948593",
        "access": "yes",
        "amenity": "charging_station",
        "capacity": "2"
      },
      "geometry": {
        "type": "Point",
        "coordinates": [
          13.5792803,
          52.5506257
        ]
      },
      "id": "node/12159948593"
    },
    {
      "type": "Feature",
      "properties": {
        "@id": "node/12160360197",
        "amenity": "charging_station",
        "fee": "yes",
        "motorcar": "yes",
        "operator": "Ladegrün! eG",
        "parking:fee": "no",
        "socket:type2": "2",
        "socket:type2:current": "32 A",
        "socket:type2:output": "22 kW",
        "voltage": "400"
      },
      "geometry": {
        "type": "Point",
        "coordinates": [
          13.5142886,
          52.4577998
        ]
      },
      "id": "node/12160360197"
    },
    {
      "type": "Feature",
      "properties": {
        "@id": "node/12162919103",
        "access": "yes",
        "amenity": "charging_station",
        "bicycle": "no",
        "capacity": "2",
        "operator": "TotalEnergies",
        "operator:wikidata": "Q154037",
        "ref:EU:EVSE": "DE*DES*E10032771;DE*DES*E1003277*2",
        "socket:type2": "2"
      },
      "geometry": {
        "type": "Point",
        "coordinates": [
          13.3592065,
          52.5263548
        ]
      },
      "id": "node/12162919103"
    },
    {
      "type": "Feature",
      "properties": {
        "@id": "node/12162919104",
        "access": "yes",
        "amenity": "charging_station",
        "bicycle": "no",
        "brand": "TotalEnergies",
        "brand:wikidata": "Q154037",
        "capacity": "2",
        "operator": "TotalEnergies",
        "operator:wikidata": "Q154037",
        "ref:EU:EVSE": "DE*DES*E1003288*1;DE*DES*E1003288*2",
        "socket:type2": "2"
      },
      "geometry": {
        "type": "Point",
        "coordinates": [
          13.357347,
          52.5257788
        ]
      },
      "id": "node/12162919104"
    },
    {
      "type": "Feature",
      "properties": {
        "@id": "node/12162919105",
        "access": "yes",
        "amenity": "charging_station",
        "bicycle": "no",
        "capacity": "2",
        "operator": "EZE",
        "operator:wikidata": "Q127690117",
        "ref": "TTA 00 02 28",
        "socket:type2": "2",
        "wikimedia_commons": "File:Charging_Station_in_Berlin_on_2026-05-09.jpg"
      },
      "geometry": {
        "type": "Point",
        "coordinates": [
          13.3528932,
          52.5214087
        ]
      },
      "id": "node/12162919105"
    },
    {
      "type": "Feature",
      "properties": {
        "@id": "node/12162919106",
        "access": "yes",
        "amenity": "charging_station",
        "bicycle": "no",
        "capacity": "2",
        "operator": "Berliner Stadtwerke",
        "operator:wikidata": "Q21969102",
        "ref:EU:EVSE": "DE*BSW*E603584*584;DE*BSW*E603585*585",
        "socket:type2": "2",
        "socket:type2:output": "11 kW"
      },
      "geometry": {
        "type": "Point",
        "coordinates": [
          13.3565162,
          52.5199202
        ]
      },
      "id": "node/12162919106"
    },
    {
      "type": "Feature",
      "properties": {
        "@id": "node/12164986783",
        "access": "yes",
        "amenity": "charging_station",
        "bicycle": "no",
        "brand": "EZE",
        "capacity": "2",
        "operator": "EZE",
        "operator:wikidata": "Q127690117",
        "socket:type2": "2",
        "socket:type2:output": "22 kW"
      },
      "geometry": {
        "type": "Point",
        "coordinates": [
          13.4482968,
          52.474172
        ]
      },
      "id": "node/12164986783"
    },
    {
      "type": "Feature",
      "properties": {
        "@id": "node/12171186363",
        "amenity": "charging_station",
        "bicycle": "no",
        "capacity": "4",
        "operator": "Qwello",
        "operator:wikidata": "Q130302686"
      },
      "geometry": {
        "type": "Point",
        "coordinates": [
          13.4485426,
          52.5091468
        ]
      },
      "id": "node/12171186363"
    },
    {
      "type": "Feature",
      "properties": {
        "@id": "node/12171195554",
        "amenity": "charging_station",
        "fee": "yes",
        "motorcar": "yes",
        "name": "Schnellladestation",
        "opening_hours": "24/7",
        "socket:type2_combo": "2"
      },
      "geometry": {
        "type": "Point",
        "coordinates": [
          13.3778541,
          52.4345512
        ]
      },
      "id": "node/12171195554"
    },
    {
      "type": "Feature",
      "properties": {
        "@id": "node/12171195555",
        "amenity": "charging_station",
        "fee": "yes",
        "motorcar": "yes",
        "name": "Schnellladestation",
        "opening_hours": "24/7",
        "operator": "Shell",
        "operator:wikidata": "Q110716465",
        "socket:type2_combo": "2"
      },
      "geometry": {
        "type": "Point",
        "coordinates": [
          13.3778288,
          52.4345027
        ]
      },
      "id": "node/12171195555"
    },
    {
      "type": "Feature",
      "properties": {
        "@id": "node/12177163999",
        "amenity": "charging_station",
        "bicycle": "no",
        "brand": "TotalEnergies",
        "brand:wikidata": "Q154037",
        "capacity": "2",
        "motorcar": "yes",
        "operator": "TotalEnergies",
        "operator:wikidata": "Q154037"
      },
      "geometry": {
        "type": "Point",
        "coordinates": [
          13.4682197,
          52.5104246
        ]
      },
      "id": "node/12177163999"
    },
    {
      "type": "Feature",
      "properties": {
        "@id": "node/12178443178",
        "amenity": "charging_station",
        "capacity": "2",
        "operator": "Berliner Stadtwerke",
        "operator:wikidata": "Q21969102"
      },
      "geometry": {
        "type": "Point",
        "coordinates": [
          13.4127094,
          52.5379764
        ]
      },
      "id": "node/12178443178"
    },
    {
      "type": "Feature",
      "properties": {
        "@id": "node/12180271594",
        "amenity": "charging_station",
        "description": "Position aus dem Gedächtnis"
      },
      "geometry": {
        "type": "Point",
        "coordinates": [
          13.5098647,
          52.5443989
        ]
      },
      "id": "node/12180271594"
    },
    {
      "type": "Feature",
      "properties": {
        "@id": "node/12181033296",
        "amenity": "charging_station",
        "capacity": "2",
        "motorcar": "yes"
      },
      "geometry": {
        "type": "Point",
        "coordinates": [
          13.4351128,
          52.4982145
        ]
      },
      "id": "node/12181033296"
    },
    {
      "type": "Feature",
      "properties": {
        "@id": "node/12182017846",
        "amenity": "charging_station",
        "capacity": "4"
      },
      "geometry": {
        "type": "Point",
        "coordinates": [
          13.5586437,
          52.554249
        ]
      },
      "id": "node/12182017846"
    },
    {
      "type": "Feature",
      "properties": {
        "@id": "node/12182018739",
        "amenity": "charging_station",
        "capacity": "2"
      },
      "geometry": {
        "type": "Point",
        "coordinates": [
          13.5821864,
          52.552131
        ]
      },
      "id": "node/12182018739"
    },
    {
      "type": "Feature",
      "properties": {
        "@id": "node/12182022688",
        "amenity": "charging_station",
        "capacity": "1"
      },
      "geometry": {
        "type": "Point",
        "coordinates": [
          13.5639142,
          52.56063
        ]
      },
      "id": "node/12182022688"
    },
    {
      "type": "Feature",
      "properties": {
        "@id": "node/12185254972",
        "amenity": "charging_station",
        "bicycle": "no",
        "capacity": "2",
        "operator": "Berliner Stadtwerke"
      },
      "geometry": {
        "type": "Point",
        "coordinates": [
          13.5610779,
          52.3991911
        ]
      },
      "id": "node/12185254972"
    },
    {
      "type": "Feature",
      "properties": {
        "@id": "node/12185254973",
        "amenity": "charging_station",
        "bicycle": "no",
        "capacity:motorcar": "2",
        "fee": "yes",
        "motorcar": "yes",
        "operator": "Shell Recharge Solutions"
      },
      "geometry": {
        "type": "Point",
        "coordinates": [
          13.5676902,
          52.4470126
        ]
      },
      "id": "node/12185254973"
    },
    {
      "type": "Feature",
      "properties": {
        "@id": "node/12185254975",
        "access": "yes",
        "amenity": "charging_station",
        "bicycle": "no",
        "brand": "qwello",
        "bus": "no",
        "capacity": "1",
        "covered": "no",
        "fee": "yes",
        "hgv": "no",
        "motorcar": "yes",
        "opening_hours": "24/7",
        "operator": "Qwello",
        "operator:wikidata": "Q130302686",
        "payment:app": "yes",
        "payment:apple_pay": "yes",
        "payment:google_pay": "yes",
        "payment:maestro": "yes",
        "payment:mastercard": "yes",
        "payment:samsung_pay": "yes",
        "payment:visa": "yes",
        "scooter": "no",
        "socket:type2": "1",
        "socket:type2:output": "22 kW",
        "socket:type2_cable": "1",
        "socket:type2_cable:output": "11 kW",
        "website": "https://qwello.de/de"
      },
      "geometry": {
        "type": "Point",
        "coordinates": [
          13.5640265,
          52.444044
        ]
      },
      "id": "node/12185254975"
    },
    {
      "type": "Feature",
      "properties": {
        "@id": "node/12185254978",
        "access": "yes",
        "amenity": "charging_station",
        "bicycle": "no",
        "brand": "qwello",
        "bus": "no",
        "capacity": "1",
        "covered": "no",
        "fee": "yes",
        "hgv": "no",
        "motorcar": "yes",
        "opening_hours": "24/7",
        "operator": "Qwello",
        "operator:wikidata": "Q130302686",
        "payment:app": "yes",
        "payment:apple_pay": "yes",
        "payment:google_pay": "yes",
        "payment:maestro": "yes",
        "payment:mastercard": "yes",
        "payment:samsung_pay": "yes",
        "payment:visa": "yes",
        "scooter": "no",
        "socket:type2": "1",
        "socket:type2:output": "22 kW",
        "socket:type2_cable": "1",
        "socket:type2_cable:output": "11 kW",
        "website": "https://qwello.de/de"
      },
      "geometry": {
        "type": "Point",
        "coordinates": [
          13.5639337,
          52.4440427
        ]
      },
      "id": "node/12185254978"
    },
    {
      "type": "Feature",
      "properties": {
        "@id": "node/12188958864",
        "access": "yes",
        "amenity": "charging_station",
        "bicycle": "no",
        "capacity": "2",
        "fee": "yes",
        "motorcar": "yes",
        "operator": "re TotalEnergies",
        "ref:EU:EVSE": "DE*DES*E1003989",
        "socket:type2": "2",
        "socket:type2:output": "11 kW"
      },
      "geometry": {
        "type": "Point",
        "coordinates": [
          13.4076358,
          52.5735003
        ]
      },
      "id": "node/12188958864"
    },
    {
      "type": "Feature",
      "properties": {
        "@id": "node/12189604778",
        "amenity": "charging_station",
        "bicycle": "no",
        "capacity": "1",
        "operator": "Qwello",
        "operator:wikidata": "Q130302686"
      },
      "geometry": {
        "type": "Point",
        "coordinates": [
          13.4891285,
          52.5033434
        ]
      },
      "id": "node/12189604778"
    },
    {
      "type": "Feature",
      "properties": {
        "@id": "node/12189629582",
        "amenity": "charging_station",
        "bicycle": "no",
        "capacity": "1",
        "operator": "Qwello",
        "operator:wikidata": "Q130302686"
      },
      "geometry": {
        "type": "Point",
        "coordinates": [
          13.4890688,
          52.5032515
        ]
      },
      "id": "node/12189629582"
    },
    {
      "type": "Feature",
      "properties": {
        "@id": "node/12189833722",
        "amenity": "charging_station",
        "capacity": "1",
        "operator": "qwello"
      },
      "geometry": {
        "type": "Point",
        "coordinates": [
          13.5992932,
          52.5430708
        ]
      },
      "id": "node/12189833722"
    },
    {
      "type": "Feature",
      "properties": {
        "@id": "node/12189833723",
        "amenity": "charging_station",
        "capacity": "1",
        "operator": "qwello"
      },
      "geometry": {
        "type": "Point",
        "coordinates": [
          13.5992545,
          52.5430695
        ]
      },
      "id": "node/12189833723"
    },
    {
      "type": "Feature",
      "properties": {
        "@id": "node/12192423155",
        "amenity": "charging_station",
        "capacity": "1"
      },
      "geometry": {
        "type": "Point",
        "coordinates": [
          13.5774171,
          52.5692358
        ]
      },
      "id": "node/12192423155"
    },
    {
      "type": "Feature",
      "properties": {
        "@id": "node/12192423156",
        "amenity": "charging_station",
        "capacity": "1"
      },
      "geometry": {
        "type": "Point",
        "coordinates": [
          13.5770487,
          52.5691659
        ]
      },
      "id": "node/12192423156"
    },
    {
      "type": "Feature",
      "properties": {
        "@id": "node/12193408884",
        "amenity": "charging_station",
        "capacity": "2",
        "description": "Schnellladepunkt",
        "object:city": "Berlin",
        "object:country": "DE",
        "object:housenumber": "28/30",
        "object:postcode": "12101",
        "object:street": "Tempelhofer Damm",
        "operator": "EnBW mobility+ AG und Co.KG",
        "operator:wikidata": "Q124738664",
        "output": "75 kW"
      },
      "geometry": {
        "type": "Point",
        "coordinates": [
          13.385528,
          52.4805848
        ]
      },
      "id": "node/12193408884"
    },
    {
      "type": "Feature",
      "properties": {
        "@id": "node/12193409843",
        "access": "customers",
        "amenity": "charging_station",
        "name": "Hotel Landhaus Alpinia",
        "operator": "Reev.one",
        "ref:EU:EVSE": "DE*ONE*E9QVZ"
      },
      "geometry": {
        "type": "Point",
        "coordinates": [
          13.3921667,
          52.421247
        ]
      },
      "id": "node/12193409843"
    },
    {
      "type": "Feature",
      "properties": {
        "@id": "node/12195032321",
        "access": "customers",
        "amenity": "charging_station",
        "description": "Schindler"
      },
      "geometry": {
        "type": "Point",
        "coordinates": [
          13.3782373,
          52.4420177
        ]
      },
      "id": "node/12195032321"
    },
    {
      "type": "Feature",
      "properties": {
        "@id": "node/12195585329",
        "amenity": "charging_station",
        "capacity": "2",
        "operator": "Berliner Stadtwerke",
        "operator:wikidata": "Q21969102"
      },
      "geometry": {
        "type": "Point",
        "coordinates": [
          13.329245,
          52.4645262
        ]
      },
      "id": "node/12195585329"
    },
    {
      "type": "Feature",
      "properties": {
        "@id": "node/12195599356",
        "amenity": "charging_station",
        "capacity": "2",
        "operator": "Berliner Stadtwerke",
        "operator:wikidata": "Q21969102"
      },
      "geometry": {
        "type": "Point",
        "coordinates": [
          13.3245234,
          52.467827
        ]
      },
      "id": "node/12195599356"
    },
    {
      "type": "Feature",
      "properties": {
        "@id": "node/12195624126",
        "amenity": "charging_station"
      },
      "geometry": {
        "type": "Point",
        "coordinates": [
          13.3263953,
          52.520835
        ]
      },
      "id": "node/12195624126"
    },
    {
      "type": "Feature",
      "properties": {
        "@id": "node/12195634151",
        "amenity": "charging_station"
      },
      "geometry": {
        "type": "Point",
        "coordinates": [
          13.3264525,
          52.5207808
        ]
      },
      "id": "node/12195634151"
    },
    {
      "type": "Feature",
      "properties": {
        "@id": "node/12198922062",
        "amenity": "charging_station",
        "bicycle": "no",
        "capacity": "2",
        "operator": "EZE",
        "operator:wikidata": "Q127690117"
      },
      "geometry": {
        "type": "Point",
        "coordinates": [
          13.3116688,
          52.461651
        ]
      },
      "id": "node/12198922062"
    },
    {
      "type": "Feature",
      "properties": {
        "@id": "node/12200702076",
        "amenity": "charging_station",
        "capacity": "2",
        "operator": "Deutsche Telekom",
        "operator:wikidata": "Q9396"
      },
      "geometry": {
        "type": "Point",
        "coordinates": [
          13.4620307,
          52.550502
        ]
      },
      "id": "node/12200702076"
    },
    {
      "type": "Feature",
      "properties": {
        "@id": "node/12207286360",
        "access": "yes",
        "addr:floor": "0",
        "amenity": "charging_station",
        "capacity": "2",
        "check_date": "2026-06-03",
        "covered": "no",
        "fee": "yes",
        "level": "0",
        "maxstay": "4 hours",
        "operator": "Berliner Stadtwerke",
        "operator:wikidata": "Q21969102",
        "source": "survey"
      },
      "geometry": {
        "type": "Point",
        "coordinates": [
          13.4159849,
          52.5218536
        ]
      },
      "id": "node/12207286360"
    },
    {
      "type": "Feature",
      "properties": {
        "@id": "node/12207286362",
        "access": "yes",
        "amenity": "charging_station",
        "capacity": "3",
        "covered": "no",
        "fee": "yes",
        "level": "0",
        "maxstay": "4 hours",
        "operator": "GSG"
      },
      "geometry": {
        "type": "Point",
        "coordinates": [
          13.4074483,
          52.5025178
        ]
      },
      "id": "node/12207286362"
    },
    {
      "type": "Feature",
      "properties": {
        "@id": "node/12207286364",
        "access": "yes",
        "amenity": "charging_station",
        "capacity": "2",
        "covered": "no",
        "fee": "yes",
        "level": "0",
        "maxstay": "4 hours",
        "operator": "Allego",
        "operator:wikidata": "Q75560554"
      },
      "geometry": {
        "type": "Point",
        "coordinates": [
          13.4079468,
          52.5004105
        ]
      },
      "id": "node/12207286364"
    },
    {
      "type": "Feature",
      "properties": {
        "@id": "node/12207286365",
        "access": "yes",
        "amenity": "charging_station",
        "capacity": "2",
        "covered": "no",
        "fee": "yes",
        "level": "0",
        "maxstay": "4 hours",
        "operator": "Allego",
        "operator:wikidata": "Q75560554"
      },
      "geometry": {
        "type": "Point",
        "coordinates": [
          13.4078602,
          52.5002898
        ]
      },
      "id": "node/12207286365"
    },
    {
      "type": "Feature",
      "properties": {
        "@id": "node/12214791539",
        "amenity": "charging_station",
        "capacity": "2",
        "fee": "yes",
        "motorcar": "yes",
        "motorcycle": "yes"
      },
      "geometry": {
        "type": "Point",
        "coordinates": [
          13.3516226,
          52.5671712
        ]
      },
      "id": "node/12214791539"
    },
    {
      "type": "Feature",
      "properties": {
        "@id": "node/12216293881",
        "access": "yes",
        "amenity": "charging_station",
        "bicycle": "no",
        "bus": "no",
        "capacity": "2",
        "fee": "yes",
        "hgv": "no",
        "motorcar": "yes",
        "network": "e-on Drive",
        "opening_hours": "24/7",
        "operator": "E.ON",
        "panoramax": "be892424-e1f6-44b5-b590-e3e57c56c1f5",
        "parking:fee": "no",
        "payment:app": "yes",
        "payment:cards": "no",
        "payment:cash": "no",
        "payment:membership_card": "yes",
        "payment:qr_code": "yes",
        "phone": "0800 3374437",
        "scooter": "no",
        "socket:type1": "1",
        "socket:type2": "1"
      },
      "geometry": {
        "type": "Point",
        "coordinates": [
          13.6241362,
          52.4511151
        ]
      },
      "id": "node/12216293881"
    },
    {
      "type": "Feature",
      "properties": {
        "@id": "node/12218972067",
        "amenity": "charging_station",
        "capacity": "2",
        "motorcar": "yes"
      },
      "geometry": {
        "type": "Point",
        "coordinates": [
          13.4348298,
          52.4803705
        ]
      },
      "id": "node/12218972067"
    },
    {
      "type": "Feature",
      "properties": {
        "@id": "node/12219452123",
        "amenity": "charging_station",
        "bicycle": "no",
        "capacity": "2",
        "motorcar": "yes",
        "operator": "Berliner Stadtwerke"
      },
      "geometry": {
        "type": "Point",
        "coordinates": [
          13.4318041,
          52.4808706
        ]
      },
      "id": "node/12219452123"
    },
    {
      "type": "Feature",
      "properties": {
        "@id": "node/12235091364",
        "access": "psv",
        "amenity": "charging_station",
        "bicycle": "no",
        "bus": "no",
        "capacity": "1",
        "fee": "yes",
        "hgv": "no",
        "maxstay": "unlimited",
        "motorcar": "yes",
        "opening_hours": "24/7",
        "operator": "Berliner Stadtwerke",
        "operator:wikidata": "Q21969102",
        "parking:fee": "no",
        "payment:app": "yes",
        "payment:cards": "no",
        "payment:cash": "no",
        "payment:membership_card": "yes",
        "payment:qr_code": "no",
        "phone": "0800 5373000",
        "scooter": "no",
        "socket:type2": "1",
        "socket:type2:current": "32 A",
        "socket:type2:output": "22 kW",
        "socket:type2:voltage": "400 V",
        "socket:type2_combo": "1",
        "socket:type2_combo:current": "125 A",
        "socket:type2_combo:output": "50 kW",
        "socket:type2_combo:voltage": "500 V"
      },
      "geometry": {
        "type": "Point",
        "coordinates": [
          13.2280644,
          52.5062961
        ]
      },
      "id": "node/12235091364"
    },
    {
      "type": "Feature",
      "properties": {
        "@id": "node/12237239325",
        "amenity": "charging_station",
        "authentication:app": "yes",
        "authentication:nfc": "yes",
        "brand": "ubitrcity",
        "capacity": "1",
        "fee": "yes",
        "motorcar": "yes",
        "ref": "DE-M*23*0101",
        "socket:type2": "1",
        "socket:type2:output": "3.7"
      },
      "geometry": {
        "type": "Point",
        "coordinates": [
          13.1472063,
          52.4509578
        ]
      },
      "id": "node/12237239325"
    },
    {
      "type": "Feature",
      "properties": {
        "@id": "node/12242175887",
        "amenity": "charging_station",
        "capacity": "2",
        "motorcar": "yes",
        "operator": "Land Berlin"
      },
      "geometry": {
        "type": "Point",
        "coordinates": [
          13.4432171,
          52.4879026
        ]
      },
      "id": "node/12242175887"
    },
    {
      "type": "Feature",
      "properties": {
        "@id": "node/12243958511",
        "amenity": "charging_station",
        "fixme": "details"
      },
      "geometry": {
        "type": "Point",
        "coordinates": [
          13.5636351,
          52.4511671
        ]
      },
      "id": "node/12243958511"
    },
    {
      "type": "Feature",
      "properties": {
        "@id": "node/12243958512",
        "amenity": "charging_station",
        "fixme": "details"
      },
      "geometry": {
        "type": "Point",
        "coordinates": [
          13.5636277,
          52.4511079
        ]
      },
      "id": "node/12243958512"
    },
    {
      "type": "Feature",
      "properties": {
        "@id": "node/12243958513",
        "amenity": "charging_station",
        "fixme": "details"
      },
      "geometry": {
        "type": "Point",
        "coordinates": [
          13.5636327,
          52.451137
        ]
      },
      "id": "node/12243958513"
    },
    {
      "type": "Feature",
      "properties": {
        "@id": "node/12243958514",
        "amenity": "charging_station",
        "fixme": "details"
      },
      "geometry": {
        "type": "Point",
        "coordinates": [
          13.5636409,
          52.4511946
        ]
      },
      "id": "node/12243958514"
    },
    {
      "type": "Feature",
      "properties": {
        "@id": "node/12243958515",
        "amenity": "charging_station",
        "fixme": "details"
      },
      "geometry": {
        "type": "Point",
        "coordinates": [
          13.5636469,
          52.4512246
        ]
      },
      "id": "node/12243958515"
    },
    {
      "type": "Feature",
      "properties": {
        "@id": "node/12243958516",
        "amenity": "charging_station",
        "fixme": "details"
      },
      "geometry": {
        "type": "Point",
        "coordinates": [
          13.5636502,
          52.4512528
        ]
      },
      "id": "node/12243958516"
    },
    {
      "type": "Feature",
      "properties": {
        "@id": "node/12247642901",
        "amenity": "charging_station",
        "bicycle": "no",
        "capacity": "4",
        "check_date": "2026-05-24",
        "opening_hours": "24/7",
        "operator": "Lidl"
      },
      "geometry": {
        "type": "Point",
        "coordinates": [
          13.4926728,
          52.511549
        ]
      },
      "id": "node/12247642901"
    },
    {
      "type": "Feature",
      "properties": {
        "@id": "node/12248177315",
        "access": "yes",
        "amenity": "charging_station"
      },
      "geometry": {
        "type": "Point",
        "coordinates": [
          13.3063715,
          52.4493111
        ]
      },
      "id": "node/12248177315"
    },
    {
      "type": "Feature",
      "properties": {
        "@id": "node/12249799901",
        "amenity": "charging_station",
        "bicycle": "no",
        "capacity:motorcar": "2",
        "operator": "Berliner Stadtwerke"
      },
      "geometry": {
        "type": "Point",
        "coordinates": [
          13.4899173,
          52.5135788
        ]
      },
      "id": "node/12249799901"
    },
    {
      "type": "Feature",
      "properties": {
        "@id": "node/12252543651",
        "amenity": "charging_station",
        "brand": "Qwello",
        "capacity": "2",
        "operator": "Qwello",
        "operator:wikidata": "Q130302686"
      },
      "geometry": {
        "type": "Point",
        "coordinates": [
          13.3358343,
          52.529185
        ]
      },
      "id": "node/12252543651"
    },
    {
      "type": "Feature",
      "properties": {
        "@id": "node/12253234324",
        "amenity": "charging_station",
        "capacity": "2",
        "fee": "yes",
        "motorcar": "yes",
        "operator": "Qwello",
        "operator:wikidata": "Q130302686",
        "socket:type2": "2"
      },
      "geometry": {
        "type": "Point",
        "coordinates": [
          13.344928,
          52.4316594
        ]
      },
      "id": "node/12253234324"
    },
    {
      "type": "Feature",
      "properties": {
        "@id": "node/12253635802",
        "access": "yes",
        "amenity": "charging_station",
        "bicycle": "no",
        "brand": "EZE",
        "capacity": "2",
        "operator": "EZE",
        "operator:wikidata": "Q127690117"
      },
      "geometry": {
        "type": "Point",
        "coordinates": [
          13.5056421,
          52.4647721
        ]
      },
      "id": "node/12253635802"
    },
    {
      "type": "Feature",
      "properties": {
        "@id": "node/12253635803",
        "access": "yes",
        "amenity": "charging_station",
        "brand": "EZE",
        "capacity": "2",
        "operator": "EZE",
        "operator:wikidata": "Q127690117"
      },
      "geometry": {
        "type": "Point",
        "coordinates": [
          13.5247316,
          52.4611463
        ]
      },
      "id": "node/12253635803"
    },
    {
      "type": "Feature",
      "properties": {
        "@id": "node/12253635804",
        "access": "yes",
        "amenity": "charging_station",
        "bicycle": "no",
        "brand": "EZE",
        "capacity": "2",
        "operator": "EZE",
        "operator:wikidata": "Q127690117"
      },
      "geometry": {
        "type": "Point",
        "coordinates": [
          13.5295928,
          52.4601697
        ]
      },
      "id": "node/12253635804"
    },
    {
      "type": "Feature",
      "properties": {
        "@id": "node/12253635805",
        "access": "yes",
        "amenity": "charging_station",
        "brand": "EZE",
        "capacity": "2",
        "operator": "EZE",
        "operator:wikidata": "Q127690117"
      },
      "geometry": {
        "type": "Point",
        "coordinates": [
          13.4903867,
          52.4658968
        ]
      },
      "id": "node/12253635805"
    },
    {
      "type": "Feature",
      "properties": {
        "@id": "node/12259622573",
        "amenity": "charging_station",
        "bicycle": "no",
        "capacity": "1",
        "motorcar": "yes",
        "operator": "Qwello"
      },
      "geometry": {
        "type": "Point",
        "coordinates": [
          13.4482995,
          52.4759603
        ]
      },
      "id": "node/12259622573"
    },
    {
      "type": "Feature",
      "properties": {
        "@id": "node/12259622574",
        "amenity": "charging_station",
        "bicycle": "no",
        "capacity": "1",
        "motorcar": "yes",
        "operator": "Qwello"
      },
      "geometry": {
        "type": "Point",
        "coordinates": [
          13.4483628,
          52.4759295
        ]
      },
      "id": "node/12259622574"
    },
    {
      "type": "Feature",
      "properties": {
        "@id": "node/12269424898",
        "amenity": "charging_station",
        "brand": "ubitricity",
        "brand:wikidata": "Q113699692",
        "capacity": "1",
        "name": "ubitricity",
        "operator": "ubitricity",
        "operator:wikidata": "Q113699692"
      },
      "geometry": {
        "type": "Point",
        "coordinates": [
          13.2540757,
          52.4288515
        ]
      },
      "id": "node/12269424898"
    },
    {
      "type": "Feature",
      "properties": {
        "@id": "node/12281810536",
        "amenity": "charging_station",
        "capacity": "2",
        "motorcar": "yes",
        "operator": "Berliner Stadtwerke",
        "operator:wikidata": "Q21969102"
      },
      "geometry": {
        "type": "Point",
        "coordinates": [
          13.1993861,
          52.538998
        ]
      },
      "id": "node/12281810536"
    },
    {
      "type": "Feature",
      "properties": {
        "@id": "node/12285146192",
        "access": "yes",
        "amenity": "charging_station",
        "capacity": "2",
        "fixme": "Parkflächen ergänzen",
        "socket:type2": "2"
      },
      "geometry": {
        "type": "Point",
        "coordinates": [
          13.508934,
          52.4466808
        ]
      },
      "id": "node/12285146192"
    },
    {
      "type": "Feature",
      "properties": {
        "@id": "node/12288678921",
        "amenity": "charging_station",
        "capacity": "2",
        "operator": "Kaufland",
        "operator:wikidata": "Q685967"
      },
      "geometry": {
        "type": "Point",
        "coordinates": [
          13.3816889,
          52.4095475
        ]
      },
      "id": "node/12288678921"
    },
    {
      "type": "Feature",
      "properties": {
        "@id": "node/12291717784",
        "amenity": "charging_station",
        "authentication:membership_card": "yes",
        "brand": "Shell Recharge Solutions",
        "capacity": "2",
        "fee": "yes",
        "motorcar": "yes",
        "operator": "Shell Recharge Solutions",
        "operator:wikidata": "Q105883058",
        "parking:fee": "no",
        "ref": "GL527",
        "socket:type2:output": "150 kW",
        "socket:type2_combo": "2"
      },
      "geometry": {
        "type": "Point",
        "coordinates": [
          13.5635794,
          52.4380269
        ]
      },
      "id": "node/12291717784"
    },
    {
      "type": "Feature",
      "properties": {
        "@id": "node/12292382473",
        "amenity": "charging_station",
        "bicycle": "no",
        "capacity": "2",
        "motorcar": "yes",
        "operator": "Berliner Stadtwerke"
      },
      "geometry": {
        "type": "Point",
        "coordinates": [
          13.2939634,
          52.5164688
        ]
      },
      "id": "node/12292382473"
    },
    {
      "type": "Feature",
      "properties": {
        "@id": "node/12293649672",
        "amenity": "charging_station",
        "fixme": "an Laterne, Position ungenau"
      },
      "geometry": {
        "type": "Point",
        "coordinates": [
          13.2034467,
          52.4327095
        ]
      },
      "id": "node/12293649672"
    },
    {
      "type": "Feature",
      "properties": {
        "@id": "node/12293751118",
        "amenity": "charging_station",
        "fixme": "an Laterne, Position ungenau"
      },
      "geometry": {
        "type": "Point",
        "coordinates": [
          13.2027853,
          52.4331199
        ]
      },
      "id": "node/12293751118"
    },
    {
      "type": "Feature",
      "properties": {
        "@id": "node/12293751119",
        "amenity": "charging_station",
        "fixme": "an Laterne, Position ungenau"
      },
      "geometry": {
        "type": "Point",
        "coordinates": [
          13.2023583,
          52.4333926
        ]
      },
      "id": "node/12293751119"
    },
    {
      "type": "Feature",
      "properties": {
        "@id": "node/12293751120",
        "amenity": "charging_station",
        "fixme": "an Laterne, Position ungenau"
      },
      "geometry": {
        "type": "Point",
        "coordinates": [
          13.2030497,
          52.4329586
        ]
      },
      "id": "node/12293751120"
    },
    {
      "type": "Feature",
      "properties": {
        "@id": "node/12294209188",
        "amenity": "charging_station",
        "authentication:membership_card": "yes",
        "brand": "Shell Recharge Solutions",
        "capacity": "2",
        "fee": "yes",
        "motorcar": "yes",
        "operator": "Shell Recharge Solutions",
        "operator:wikidata": "Q105883058",
        "parking:fee": "no",
        "ref": "GL527",
        "socket:type2:output": "150 kW",
        "socket:type2_combo": "2"
      },
      "geometry": {
        "type": "Point",
        "coordinates": [
          13.5636505,
          52.438082
        ]
      },
      "id": "node/12294209188"
    },
    {
      "type": "Feature",
      "properties": {
        "@id": "node/12297685441",
        "access": "yes",
        "amenity": "charging_station",
        "bicycle": "no",
        "capacity": "2",
        "covered": "no",
        "operator": "Berliner Stadtwerke",
        "operator:wikidata": "Q21969102",
        "source": "survey"
      },
      "geometry": {
        "type": "Point",
        "coordinates": [
          13.415312,
          52.5416038
        ]
      },
      "id": "node/12297685441"
    },
    {
      "type": "Feature",
      "properties": {
        "@id": "node/12307052706",
        "amenity": "charging_station",
        "brand": "Aral pulse",
        "brand:wikidata": "Q130210067",
        "capacity": "2",
        "operator": "Aral",
        "operator:wikidata": "Q565734"
      },
      "geometry": {
        "type": "Point",
        "coordinates": [
          13.4076785,
          52.5638533
        ]
      },
      "id": "node/12307052706"
    },
    {
      "type": "Feature",
      "properties": {
        "@id": "node/12309395128",
        "amenity": "charging_station",
        "capacity": "2",
        "operator": "TotalEnergies",
        "operator:wikidata": "Q154037"
      },
      "geometry": {
        "type": "Point",
        "coordinates": [
          13.386135,
          52.4964563
        ]
      },
      "id": "node/12309395128"
    },
    {
      "type": "Feature",
      "properties": {
        "@id": "node/12318219925",
        "amenity": "charging_station",
        "brand": "EZE",
        "capacity": "2",
        "fee": "yes",
        "motorcar": "yes",
        "operator": "EZE",
        "operator:wikidata": "Q127690117"
      },
      "geometry": {
        "type": "Point",
        "coordinates": [
          13.5767881,
          52.4534522
        ]
      },
      "id": "node/12318219925"
    },
    {
      "type": "Feature",
      "properties": {
        "@id": "node/12318509237",
        "amenity": "charging_station",
        "bicycle": "no",
        "capacity": "2",
        "check_date": "2025-10-20",
        "motorcar": "yes",
        "operator": "Berliner Stadtwerke",
        "operator:wikidata": "Q21969102",
        "socket:type2": "2",
        "socket:type2:output": "22 kW"
      },
      "geometry": {
        "type": "Point",
        "coordinates": [
          13.4589838,
          52.5119876
        ]
      },
      "id": "node/12318509237"
    },
    {
      "type": "Feature",
      "properties": {
        "@id": "node/12327406423",
        "amenity": "charging_station"
      },
      "geometry": {
        "type": "Point",
        "coordinates": [
          13.35083,
          52.428088
        ]
      },
      "id": "node/12327406423"
    },
    {
      "type": "Feature",
      "properties": {
        "@id": "node/12337181036",
        "access": "yes",
        "amenity": "charging_station",
        "capacity": "2",
        "operator": "Qwello",
        "operator:wikidata": "Q130302686",
        "socket:type2": "2",
        "socket:type2:output": "11 kW"
      },
      "geometry": {
        "type": "Point",
        "coordinates": [
          13.3297744,
          52.4575853
        ]
      },
      "id": "node/12337181036"
    },
    {
      "type": "Feature",
      "properties": {
        "@id": "node/12340931368",
        "amenity": "charging_station",
        "capacity": "2",
        "motorcar": "designated",
        "obstacle:parking": "yes",
        "operator": "Berliner Stadtwerke",
        "operator:wikidata": "Q21969102",
        "socket:type2:voltage": "400",
        "start_date": "2024"
      },
      "geometry": {
        "type": "Point",
        "coordinates": [
          13.4455784,
          52.5113139
        ]
      },
      "id": "node/12340931368"
    },
    {
      "type": "Feature",
      "properties": {
        "@id": "node/12348562501",
        "access": "yes",
        "addr:housenumber": "36",
        "addr:postcode": "10409",
        "addr:street": "Hanns-Eisler-Straße",
        "amenity": "charging_station",
        "capacity": "2",
        "opening_hours": "24/7",
        "operator": "Qwello",
        "operator:wikidata": "Q130302686",
        "socket:type2": "2",
        "socket:type2:output": "11 kW"
      },
      "geometry": {
        "type": "Point",
        "coordinates": [
          13.4479218,
          52.5433064
        ]
      },
      "id": "node/12348562501"
    },
    {
      "type": "Feature",
      "properties": {
        "@id": "node/12352053901",
        "access": "yes",
        "addr:housenumber": "22",
        "addr:postcode": "13507",
        "addr:street": "Alt-Tegel",
        "amenity": "charging_station",
        "capacity": "2",
        "check_date": "2026-05-11",
        "fee": "yes",
        "motorcar": "yes",
        "network": "EZE Network",
        "network:wikidata": "Q127690117",
        "opening_hours": "24/7",
        "operator": "EZE",
        "operator:wikidata": "Q127690117",
        "payment:app": "yes",
        "payment:cards": "yes",
        "socket:type2": "2",
        "website": "https://www.eze.network/"
      },
      "geometry": {
        "type": "Point",
        "coordinates": [
          13.2789769,
          52.5886584
        ]
      },
      "id": "node/12352053901"
    },
    {
      "type": "Feature",
      "properties": {
        "@id": "node/12352079501",
        "amenity": "charging_station",
        "brand": "Aral pulse",
        "brand:wikidata": "Q130210067",
        "capacity": "2",
        "name": "Aral Tankstelle",
        "opening_hours": "24/7",
        "operator": "Aral",
        "operator:wikidata": "Q565734"
      },
      "geometry": {
        "type": "Point",
        "coordinates": [
          13.2878917,
          52.5846109
        ]
      },
      "id": "node/12352079501"
    },
    {
      "type": "Feature",
      "properties": {
        "@id": "node/12361903052",
        "amenity": "charging_station",
        "fee": "yes",
        "motorcar": "yes",
        "operator": "EnBW Energie Baden-Württemberg AG",
        "operator:wikidata": "Q644304",
        "socket:chademo": "4"
      },
      "geometry": {
        "type": "Point",
        "coordinates": [
          13.3723486,
          52.4086533
        ]
      },
      "id": "node/12361903052"
    },
    {
      "type": "Feature",
      "properties": {
        "@id": "node/12382052314",
        "amenity": "charging_station",
        "fee": "yes",
        "motorcar": "yes",
        "socket:type2": "2"
      },
      "geometry": {
        "type": "Point",
        "coordinates": [
          13.3230979,
          52.4245274
        ]
      },
      "id": "node/12382052314"
    },
    {
      "type": "Feature",
      "properties": {
        "@id": "node/12386109890",
        "amenity": "charging_station",
        "capacity": "2",
        "operator": "EZE",
        "operator:wikidata": "Q127690117"
      },
      "geometry": {
        "type": "Point",
        "coordinates": [
          13.505371,
          52.4447418
        ]
      },
      "id": "node/12386109890"
    },
    {
      "type": "Feature",
      "properties": {
        "@id": "node/12387939401",
        "amenity": "charging_station",
        "brand": "Shell Recharge",
        "brand:wikidata": "Q105883058",
        "capacity": "2",
        "operator": "Shell Recharge",
        "operator:wikidata": "Q105883058"
      },
      "geometry": {
        "type": "Point",
        "coordinates": [
          13.3315787,
          52.4927011
        ]
      },
      "id": "node/12387939401"
    },
    {
      "type": "Feature",
      "properties": {
        "@id": "node/12388769144",
        "amenity": "charging_station",
        "bicycle": "no",
        "capacity": "2",
        "motorcar": "yes",
        "operator": "EZE",
        "operator:wikidata": "Q127690117"
      },
      "geometry": {
        "type": "Point",
        "coordinates": [
          13.4253099,
          52.4933139
        ]
      },
      "id": "node/12388769144"
    },
    {
      "type": "Feature",
      "properties": {
        "@id": "node/12388769145",
        "amenity": "charging_station",
        "bicycle": "no",
        "capacity": "2",
        "motorcar": "yes",
        "operator": "EZE"
      },
      "geometry": {
        "type": "Point",
        "coordinates": [
          13.4280823,
          52.4903055
        ]
      },
      "id": "node/12388769145"
    },
    {
      "type": "Feature",
      "properties": {
        "@id": "node/12389582867",
        "access": "yes",
        "amenity": "charging_station",
        "brand": "qwello",
        "capacity": "1",
        "fee": "yes",
        "operator": "Qwello",
        "operator:wikidata": "Q130302686",
        "ref": "CP06GA01S00426AZ"
      },
      "geometry": {
        "type": "Point",
        "coordinates": [
          13.5138322,
          52.4908225
        ]
      },
      "id": "node/12389582867"
    },
    {
      "type": "Feature",
      "properties": {
        "@id": "node/12389582868",
        "access": "yes",
        "amenity": "charging_station",
        "brand": "qwello",
        "capacity": "1",
        "fee": "yes",
        "operator": "Qwello",
        "operator:wikidata": "Q130302686",
        "ref": "CP06GA01S00378AZ"
      },
      "geometry": {
        "type": "Point",
        "coordinates": [
          13.5137974,
          52.4908141
        ]
      },
      "id": "node/12389582868"
    },
    {
      "type": "Feature",
      "properties": {
        "@id": "node/12393086000",
        "amenity": "charging_station",
        "bicycle": "no",
        "capacity": "2",
        "fee": "yes",
        "motorcar": "yes",
        "motorcycle": "yes",
        "operator": "Berliner Stadtwerke",
        "operator:wikidata": "Q21969102",
        "payment:mastercard": "yes",
        "payment:paypal": "yes",
        "payment:visa": "yes",
        "socket:type2": "2"
      },
      "geometry": {
        "type": "Point",
        "coordinates": [
          13.324515,
          52.4134934
        ]
      },
      "id": "node/12393086000"
    },
    {
      "type": "Feature",
      "properties": {
        "@id": "node/12395658049",
        "amenity": "charging_station",
        "capacity": "2",
        "fee": "yes",
        "level": "0"
      },
      "geometry": {
        "type": "Point",
        "coordinates": [
          13.3245647,
          52.5208832
        ]
      },
      "id": "node/12395658049"
    },
    {
      "type": "Feature",
      "properties": {
        "@id": "node/12395658050",
        "amenity": "charging_station",
        "capacity": "2",
        "covered": "no",
        "fee": "yes",
        "level": "0"
      },
      "geometry": {
        "type": "Point",
        "coordinates": [
          13.3244893,
          52.5208692
        ]
      },
      "id": "node/12395658050"
    },
    {
      "type": "Feature",
      "properties": {
        "@id": "node/12397654107",
        "amenity": "charging_station",
        "brand": "Eneco",
        "capacity": "2",
        "fee": "yes",
        "operator": "Eneco",
        "operator:wikidata": "Q1341079"
      },
      "geometry": {
        "type": "Point",
        "coordinates": [
          13.4150969,
          52.4882948
        ]
      },
      "id": "node/12397654107"
    },
    {
      "type": "Feature",
      "properties": {
        "@id": "node/12398219825",
        "amenity": "charging_station",
        "authentication:contactless": "yes",
        "authentication:none": "yes",
        "brand": "ubitricity",
        "brand:wikidata": "Q113699692",
        "capacity": "1",
        "covered": "no",
        "fee": "yes",
        "man_made": "charge_point",
        "name": "ubitricity",
        "opening_hours": "24/7",
        "operator": "ubitricity",
        "operator:wikidata": "Q113699692",
        "parking:fee": "no",
        "payment:cash": "no",
        "payment:credit_cards": "yes",
        "ref": "DE*UBI*E10052290",
        "socket:type2": "1",
        "socket:type2:output": "3.7"
      },
      "geometry": {
        "type": "Point",
        "coordinates": [
          13.3617503,
          52.4269839
        ]
      },
      "id": "node/12398219825"
    },
    {
      "type": "Feature",
      "properties": {
        "@id": "node/12398219826",
        "amenity": "charging_station",
        "authentication:contactless": "yes",
        "authentication:none": "yes",
        "brand": "ubitricity",
        "brand:wikidata": "Q113699692",
        "capacity": "1",
        "covered": "no",
        "fee": "yes",
        "man_made": "charge_point",
        "name": "ubitricity",
        "opening_hours": "24/7",
        "operator": "ubitricity",
        "operator:wikidata": "Q113699692",
        "parking:fee": "no",
        "payment:cash": "no",
        "payment:credit_cards": "yes",
        "ref": "DE*UBI*E10010971",
        "socket:type2": "1",
        "socket:type2:output": "3.7"
      },
      "geometry": {
        "type": "Point",
        "coordinates": [
          13.3615736,
          52.4267131
        ]
      },
      "id": "node/12398219826"
    },
    {
      "type": "Feature",
      "properties": {
        "@id": "node/12398219827",
        "amenity": "charging_station",
        "authentication:contactless": "yes",
        "authentication:none": "yes",
        "brand": "ubitricity",
        "brand:wikidata": "Q113699692",
        "capacity": "1",
        "covered": "no",
        "fee": "yes",
        "name": "ubitricity",
        "opening_hours": "24/7",
        "operator": "ubitricity",
        "operator:wikidata": "Q113699692",
        "parking:fee": "no",
        "payment:cash": "no",
        "payment:credit_cards": "yes",
        "ref": "DE*UBI*E10095569",
        "socket:type2": "1",
        "socket:type2:output": "3.7"
      },
      "geometry": {
        "type": "Point",
        "coordinates": [
          13.3613419,
          52.4259056
        ]
      },
      "id": "node/12398219827"
    },
    {
      "type": "Feature",
      "properties": {
        "@id": "node/12415827428",
        "access": "yes",
        "amenity": "charging_station",
        "authentication:app": "yes",
        "authentication:membership_card": "yes",
        "bicycle": "no",
        "capacity": "2",
        "check_date": "2026-07-23",
        "fee": "yes",
        "motorcar": "yes",
        "opening_hours": "24/7",
        "operator": "Kaufland",
        "socket:type2": "1",
        "socket:type2:output": "22 kW",
        "socket:type2_combo": "2",
        "socket:type2_combo:output": "150"
      },
      "geometry": {
        "type": "Point",
        "coordinates": [
          13.1855543,
          52.5206399
        ]
      },
      "id": "node/12415827428"
    },
    {
      "type": "Feature",
      "properties": {
        "@id": "node/12416120339",
        "amenity": "charging_station",
        "fee": "yes",
        "motorcar": "yes",
        "motorcycle": "yes",
        "operator": "Lidl",
        "operator:wikidata": "Q151954",
        "socket:type2": "2",
        "wheelchair": "yes"
      },
      "geometry": {
        "type": "Point",
        "coordinates": [
          13.3757271,
          52.4583112
        ]
      },
      "id": "node/12416120339"
    },
    {
      "type": "Feature",
      "properties": {
        "@id": "node/12417533915",
        "amenity": "charging_station",
        "capacity": "2",
        "motorcar": "designated"
      },
      "geometry": {
        "type": "Point",
        "coordinates": [
          13.4387848,
          52.4553151
        ]
      },
      "id": "node/12417533915"
    },
    {
      "type": "Feature",
      "properties": {
        "@id": "node/12420386126",
        "amenity": "charging_station",
        "motorcar": "yes"
      },
      "geometry": {
        "type": "Point",
        "coordinates": [
          13.2188449,
          52.5408537
        ]
      },
      "id": "node/12420386126"
    },
    {
      "type": "Feature",
      "properties": {
        "@id": "node/12420390954",
        "amenity": "charging_station"
      },
      "geometry": {
        "type": "Point",
        "coordinates": [
          13.2194454,
          52.5406591
        ]
      },
      "id": "node/12420390954"
    },
    {
      "type": "Feature",
      "properties": {
        "@id": "node/12438529024",
        "access": "yes",
        "amenity": "charging_station",
        "capacity": "2",
        "fee": "yes",
        "level": "0",
        "motorcar": "yes",
        "operator": "Berliner Stadtwerke",
        "operator:wikidata": "Q21969102",
        "payment:mastercard": "yes",
        "payment:paypal": "yes",
        "payment:visa": "yes",
        "source": "survey"
      },
      "geometry": {
        "type": "Point",
        "coordinates": [
          13.4450091,
          52.5310745
        ]
      },
      "id": "node/12438529024"
    },
    {
      "type": "Feature",
      "properties": {
        "@id": "node/12443603517",
        "amenity": "charging_station",
        "bicycle": "no",
        "capacity": "6",
        "operator": "Vattenfall"
      },
      "geometry": {
        "type": "Point",
        "coordinates": [
          13.3454892,
          52.5664706
        ]
      },
      "id": "node/12443603517"
    },
    {
      "type": "Feature",
      "properties": {
        "@id": "node/12488627065",
        "access": "yes",
        "amenity": "charging_station",
        "brand": "E.ON Drive",
        "brand:wikidata": "Q126650419",
        "capacity": "2",
        "operator": "E.ON",
        "operator:wikidata": "Q270223"
      },
      "geometry": {
        "type": "Point",
        "coordinates": [
          13.5680691,
          52.4441315
        ]
      },
      "id": "node/12488627065"
    },
    {
      "type": "Feature",
      "properties": {
        "@id": "node/12489367854",
        "access": "yes",
        "addr:postcode": "13507",
        "amenity": "charging_station",
        "capacity": "2",
        "check_date": "2026-05-11",
        "name": "Berliner Stadtwerke Ladestation",
        "opening_hours": "24/7",
        "operator": "Berliner Stadtwerke",
        "operator:wikidata": "Q21969102",
        "payment:app": "yes",
        "payment:credit_cards": "yes",
        "payment:paypal": "yes",
        "socket:type2": "2"
      },
      "geometry": {
        "type": "Point",
        "coordinates": [
          13.2811877,
          52.588183
        ]
      },
      "id": "node/12489367854"
    },
    {
      "type": "Feature",
      "properties": {
        "@id": "node/12509574568",
        "amenity": "charging_station",
        "bicycle": "no",
        "capacity": "2",
        "fee": "yes",
        "operator": "Berliner Stadtwerke",
        "operator:wikidata": "Q21969102",
        "socket:type2": "2",
        "socket:type2:output": "11 kW"
      },
      "geometry": {
        "type": "Point",
        "coordinates": [
          13.4433999,
          52.5149731
        ]
      },
      "id": "node/12509574568"
    },
    {
      "type": "Feature",
      "properties": {
        "@id": "node/12509574569",
        "amenity": "charging_station",
        "capacity": "1",
        "fee": "yes",
        "operator": "Qwello",
        "operator:wikidata": "Q130302686",
        "socket:type2": "2",
        "socket:type2:output": "11 kW"
      },
      "geometry": {
        "type": "Point",
        "coordinates": [
          13.4414444,
          52.5139085
        ]
      },
      "id": "node/12509574569"
    },
    {
      "type": "Feature",
      "properties": {
        "@id": "node/12518208712",
        "amenity": "charging_station",
        "capacity": "2",
        "description": "Number TTA000589*2",
        "operator": "EZE",
        "operator:wikidata": "Q127690117",
        "owner": "EZE",
        "phone": "0800 300605017",
        "website": "https://eze.network"
      },
      "geometry": {
        "type": "Point",
        "coordinates": [
          13.3634344,
          52.5667583
        ]
      },
      "id": "node/12518208712"
    },
    {
      "type": "Feature",
      "properties": {
        "@id": "node/12518850613",
        "amenity": "charging_station",
        "brand": "ubitricity",
        "brand:wikidata": "Q113699692",
        "capacity": "1",
        "description": "an Straßenlaterne, Betreiber https://ubitricity.com/de/pressemitteilungen/laternenladepunkte-berlin-inbetriebnahme/",
        "name": "ubitricity",
        "operator": "ubitricity",
        "operator:wikidata": "Q113699692"
      },
      "geometry": {
        "type": "Point",
        "coordinates": [
          13.569305,
          52.5506651
        ]
      },
      "id": "node/12518850613"
    },
    {
      "type": "Feature",
      "properties": {
        "@id": "node/12518850614",
        "amenity": "charging_station",
        "brand": "ubitricity",
        "brand:wikidata": "Q113699692",
        "capacity": "1",
        "description": "an Straßenlaterne, Betreiber https://ubitricity.com/de/pressemitteilungen/laternenladepunkte-berlin-inbetriebnahme/",
        "name": "ubitricity",
        "operator": "ubitricity",
        "operator:wikidata": "Q113699692"
      },
      "geometry": {
        "type": "Point",
        "coordinates": [
          13.569918,
          52.5505586
        ]
      },
      "id": "node/12518850614"
    },
    {
      "type": "Feature",
      "properties": {
        "@id": "node/12518850615",
        "access": "customers",
        "amenity": "charging_station",
        "capacity": "2"
      },
      "geometry": {
        "type": "Point",
        "coordinates": [
          13.5733279,
          52.547427
        ]
      },
      "id": "node/12518850615"
    },
    {
      "type": "Feature",
      "properties": {
        "@id": "node/12532228525",
        "access": "yes",
        "addr:floor": "0",
        "amenity": "charging_station",
        "bicycle": "no",
        "capacity": "2",
        "covered": "no",
        "fee": "yes",
        "level": "0",
        "operator": "Berliner Stadtwerke",
        "operator:wikidata": "Q21969102",
        "payment:paypal": "yes",
        "payment:visa": "yes",
        "ref": "DE*BSW*E603612*612;DE*BSW*E603613*613"
      },
      "geometry": {
        "type": "Point",
        "coordinates": [
          13.3844121,
          52.515201
        ]
      },
      "id": "node/12532228525"
    },
    {
      "type": "Feature",
      "properties": {
        "@id": "node/12534795214",
        "amenity": "charging_station",
        "bicycle": "no",
        "capacity": "1",
        "motorcar": "yes",
        "operator": "Qwello"
      },
      "geometry": {
        "type": "Point",
        "coordinates": [
          13.4435534,
          52.4737778
        ]
      },
      "id": "node/12534795214"
    },
    {
      "type": "Feature",
      "properties": {
        "@id": "node/12534795220",
        "amenity": "charging_station",
        "capacity": "1",
        "motorcar": "yes"
      },
      "geometry": {
        "type": "Point",
        "coordinates": [
          13.4435519,
          52.4738274
        ]
      },
      "id": "node/12534795220"
    },
    {
      "type": "Feature",
      "properties": {
        "@id": "node/12536030269",
        "access": "yes",
        "amenity": "charging_station",
        "bicycle": "no",
        "capacity": "2",
        "fee": "yes",
        "operator": "Monta",
        "socket:type2": "2",
        "socket:type2:output": "22 kW"
      },
      "geometry": {
        "type": "Point",
        "coordinates": [
          13.4945868,
          52.5350008
        ]
      },
      "id": "node/12536030269"
    },
    {
      "type": "Feature",
      "properties": {
        "@id": "node/12536030270",
        "access": "yes",
        "amenity": "charging_station",
        "bicycle": "no",
        "capacity": "2",
        "fee": "yes",
        "operator": "Monta",
        "socket:type2_combo": "2",
        "socket:type2_combo:output": "150 kW"
      },
      "geometry": {
        "type": "Point",
        "coordinates": [
          13.4946431,
          52.5350026
        ]
      },
      "id": "node/12536030270"
    },
    {
      "type": "Feature",
      "properties": {
        "@id": "node/12539611181",
        "amenity": "charging_station",
        "bicycle": "no",
        "capacity:motorcar": "1",
        "fee": "yes",
        "motorcar": "yes",
        "motorcycle": "yes",
        "operator": "Qwello"
      },
      "geometry": {
        "type": "Point",
        "coordinates": [
          13.546833,
          52.4351087
        ]
      },
      "id": "node/12539611181"
    },
    {
      "type": "Feature",
      "properties": {
        "@id": "node/12539611182",
        "amenity": "charging_station",
        "bicycle": "no",
        "capacity:motorcar": "1",
        "fee": "yes",
        "motorcar": "yes",
        "motorcycle": "yes",
        "operator": "Qwello"
      },
      "geometry": {
        "type": "Point",
        "coordinates": [
          13.5467618,
          52.4350821
        ]
      },
      "id": "node/12539611182"
    },
    {
      "type": "Feature",
      "properties": {
        "@id": "node/12567354743",
        "access": "private",
        "amenity": "charging_station",
        "capacity": "3",
        "level": "-1",
        "location": "indoor"
      },
      "geometry": {
        "type": "Point",
        "coordinates": [
          13.4577233,
          52.5279665
        ]
      },
      "id": "node/12567354743"
    },
    {
      "type": "Feature",
      "properties": {
        "@id": "node/12579331473",
        "access": "yes",
        "amenity": "charging_station",
        "bicycle": "no",
        "brand": "ubitricity",
        "brand:wikidata": "Q113699692",
        "capacity:motorcar": "1",
        "fee": "yes",
        "name": "ubitricity",
        "operator": "ubitricity",
        "operator:wikidata": "Q113699692"
      },
      "geometry": {
        "type": "Point",
        "coordinates": [
          13.197243,
          52.5409146
        ]
      },
      "id": "node/12579331473"
    },
    {
      "type": "Feature",
      "properties": {
        "@id": "node/12579331474",
        "access": "yes",
        "amenity": "charging_station",
        "bicycle": "no",
        "brand": "ubitricity",
        "brand:wikidata": "Q113699692",
        "capacity:motorcar": "1",
        "covered": "no",
        "fee": "yes",
        "name": "ubitricity",
        "note": "An der Laterne 32",
        "operator": "ubitricity",
        "operator:wikidata": "Q113699692"
      },
      "geometry": {
        "type": "Point",
        "coordinates": [
          13.1977784,
          52.5402727
        ]
      },
      "id": "node/12579331474"
    },
    {
      "type": "Feature",
      "properties": {
        "@id": "node/12579331475",
        "access": "yes",
        "amenity": "charging_station",
        "bicycle": "no",
        "brand": "ubitricity",
        "brand:wikidata": "Q113699692",
        "capacity:motorcar": "1",
        "covered": "no",
        "fee": "yes",
        "name": "ubitricity",
        "note": "An der Laterne 31",
        "operator": "ubitricity",
        "operator:wikidata": "Q113699692"
      },
      "geometry": {
        "type": "Point",
        "coordinates": [
          13.1979102,
          52.5405028
        ]
      },
      "id": "node/12579331475"
    },
    {
      "type": "Feature",
      "properties": {
        "@id": "node/12579331476",
        "access": "yes",
        "amenity": "charging_station",
        "bicycle": "no",
        "capacity:motorcar": "1",
        "covered": "no",
        "fee": "yes",
        "note": "An der Laterne 33",
        "operator": "Jnitricity"
      },
      "geometry": {
        "type": "Point",
        "coordinates": [
          13.1981123,
          52.5402201
        ]
      },
      "id": "node/12579331476"
    },
    {
      "type": "Feature",
      "properties": {
        "@id": "node/12599459807",
        "access": "yes",
        "amenity": "charging_station",
        "bicycle": "no",
        "capacity": "2",
        "fee": "yes",
        "operator": "EZE",
        "operator:wikidata": "Q127690117"
      },
      "geometry": {
        "type": "Point",
        "coordinates": [
          13.4079068,
          52.5367459
        ]
      },
      "id": "node/12599459807"
    },
    {
      "type": "Feature",
      "properties": {
        "@id": "node/12600000004",
        "amenity": "charging_station",
        "bicycle": "no",
        "capacity": "2",
        "operator": "Berliner Stadtwerke",
        "operator:wikidata": "Q21969102"
      },
      "geometry": {
        "type": "Point",
        "coordinates": [
          13.3462179,
          52.5066265
        ]
      },
      "id": "node/12600000004"
    },
    {
      "type": "Feature",
      "properties": {
        "@id": "node/12623330423",
        "amenity": "charging_station",
        "capacity": "2"
      },
      "geometry": {
        "type": "Point",
        "coordinates": [
          13.3082899,
          52.6165173
        ]
      },
      "id": "node/12623330423"
    },
    {
      "type": "Feature",
      "properties": {
        "@id": "node/12628256912",
        "access": "yes",
        "amenity": "charging_station",
        "bicycle": "no",
        "capacity": "1",
        "maxstay": "3 hours",
        "operator": "BTB",
        "parking:fee": "no",
        "socket:type2:output": "11 kW"
      },
      "geometry": {
        "type": "Point",
        "coordinates": [
          13.5334613,
          52.430476
        ]
      },
      "id": "node/12628256912"
    },
    {
      "type": "Feature",
      "properties": {
        "@id": "node/12635781011",
        "access": "private",
        "amenity": "charging_station",
        "capacity": "8"
      },
      "geometry": {
        "type": "Point",
        "coordinates": [
          13.5206822,
          52.4303439
        ]
      },
      "id": "node/12635781011"
    },
    {
      "type": "Feature",
      "properties": {
        "@id": "node/12635818790",
        "access": "yes",
        "amenity": "charging_station",
        "capacity": "2",
        "socket:type2:output": "350 kW"
      },
      "geometry": {
        "type": "Point",
        "coordinates": [
          13.5193765,
          52.4276243
        ]
      },
      "id": "node/12635818790"
    },
    {
      "type": "Feature",
      "properties": {
        "@id": "node/12635822250",
        "access": "yes",
        "amenity": "charging_station",
        "capacity": "2",
        "operator": "BTB",
        "socket:type2:output": "22 kW"
      },
      "geometry": {
        "type": "Point",
        "coordinates": [
          13.5227836,
          52.4313535
        ]
      },
      "id": "node/12635822250"
    },
    {
      "type": "Feature",
      "properties": {
        "@id": "node/12635836414",
        "access": "yes",
        "amenity": "charging_station",
        "bicycle": "no",
        "brand": "ubitricity",
        "brand:wikidata": "Q113699692",
        "capacity": "5",
        "operator": "ubitricity",
        "operator:wikidata": "Q113699692",
        "socket:type2:output": "3,7 kW"
      },
      "geometry": {
        "type": "Point",
        "coordinates": [
          13.5259726,
          52.4335573
        ]
      },
      "id": "node/12635836414"
    },
    {
      "type": "Feature",
      "properties": {
        "@id": "node/12635836426",
        "access": "private",
        "amenity": "charging_station",
        "capacity": "16"
      },
      "geometry": {
        "type": "Point",
        "coordinates": [
          13.5309242,
          52.4344347
        ]
      },
      "id": "node/12635836426"
    },
    {
      "type": "Feature",
      "properties": {
        "@id": "node/12635854946",
        "access": "private",
        "amenity": "charging_station",
        "capacity": "6-8"
      },
      "geometry": {
        "type": "Point",
        "coordinates": [
          13.5272815,
          52.4371975
        ]
      },
      "id": "node/12635854946"
    },
    {
      "type": "Feature",
      "properties": {
        "@id": "node/12635864986",
        "access": "private",
        "amenity": "charging_station",
        "capacity": "10",
        "not:operator:wikidata": "Q75560554",
        "operator": "Allego GmbH",
        "socket:type2:output": "11 kW"
      },
      "geometry": {
        "type": "Point",
        "coordinates": [
          13.5312317,
          52.4294669
        ]
      },
      "id": "node/12635864986"
    },
    {
      "type": "Feature",
      "properties": {
        "@id": "node/12635870534",
        "access": "yes",
        "amenity": "charging_station",
        "bicycle": "no",
        "capacity": "2",
        "not:operator:wikidata": "Q75560554",
        "operator": "Allego GmbH",
        "socket:type2:output": "11 kW"
      },
      "geometry": {
        "type": "Point",
        "coordinates": [
          13.5300064,
          52.4295149
        ]
      },
      "id": "node/12635870534"
    },
    {
      "type": "Feature",
      "properties": {
        "@id": "node/12635879389",
        "access": "yes",
        "amenity": "charging_station",
        "bicycle": "no",
        "capacity": "2",
        "operator": "BTB",
        "socket:type2:output": "22 kW"
      },
      "geometry": {
        "type": "Point",
        "coordinates": [
          13.5295336,
          52.4285966
        ]
      },
      "id": "node/12635879389"
    },
    {
      "type": "Feature",
      "properties": {
        "@id": "node/12635899737",
        "access": "yes",
        "amenity": "charging_station",
        "brand": "ubitricity",
        "brand:wikidata": "Q113699692",
        "capacity": "1",
        "name": "ubitricity",
        "operator": "ubitricity",
        "operator:wikidata": "Q113699692",
        "socket:type2:output": "3,7 kW"
      },
      "geometry": {
        "type": "Point",
        "coordinates": [
          13.5297175,
          52.4343853
        ]
      },
      "id": "node/12635899737"
    },
    {
      "type": "Feature",
      "properties": {
        "@id": "node/12635927285",
        "access": "private",
        "amenity": "charging_station",
        "capacity": "8"
      },
      "geometry": {
        "type": "Point",
        "coordinates": [
          13.5314808,
          52.4299219
        ]
      },
      "id": "node/12635927285"
    },
    {
      "type": "Feature",
      "properties": {
        "@id": "node/12635927410",
        "amenity": "charging_station",
        "bicycle": "no",
        "capacity": "2",
        "operator": "enercity AG",
        "socket:type2:output": "150 kW"
      },
      "geometry": {
        "type": "Point",
        "coordinates": [
          13.5370354,
          52.4308623
        ]
      },
      "id": "node/12635927410"
    },
    {
      "type": "Feature",
      "properties": {
        "@id": "node/12635936854",
        "access": "yes",
        "amenity": "charging_station",
        "capacity": "3",
        "socket:type2:output": "22 kW"
      },
      "geometry": {
        "type": "Point",
        "coordinates": [
          13.5382332,
          52.4323157
        ]
      },
      "id": "node/12635936854"
    },
    {
      "type": "Feature",
      "properties": {
        "@id": "node/12635937179",
        "access": "yes",
        "amenity": "charging_station",
        "capacity": "8",
        "not:operator:wikidata": "Q75560554",
        "operator": "Allego GmbH",
        "socket:type2:output": "11 kW"
      },
      "geometry": {
        "type": "Point",
        "coordinates": [
          13.5376872,
          52.4305712
        ]
      },
      "id": "node/12635937179"
    },
    {
      "type": "Feature",
      "properties": {
        "@id": "node/12635944769",
        "access": "yes",
        "amenity": "charging_station",
        "bicycle": "no",
        "capacity": "2",
        "socket:type2:output": "22 kW"
      },
      "geometry": {
        "type": "Point",
        "coordinates": [
          13.5442445,
          52.4275408
        ]
      },
      "id": "node/12635944769"
    },
    {
      "type": "Feature",
      "properties": {
        "@id": "node/12644782974",
        "amenity": "charging_station",
        "capacity": "2"
      },
      "geometry": {
        "type": "Point",
        "coordinates": [
          13.5875782,
          52.5296851
        ]
      },
      "id": "node/12644782974"
    },
    {
      "type": "Feature",
      "properties": {
        "@id": "node/12645402987",
        "access": "yes",
        "amenity": "charging_station",
        "bicycle": "no",
        "capacity": "2",
        "fee": "yes",
        "operator": "Berliner Stadtwerke",
        "operator:wikidata": "Q21969102"
      },
      "geometry": {
        "type": "Point",
        "coordinates": [
          13.4772577,
          52.5048554
        ]
      },
      "id": "node/12645402987"
    },
    {
      "type": "Feature",
      "properties": {
        "@id": "node/12645612310",
        "amenity": "charging_station",
        "capacity": "2"
      },
      "geometry": {
        "type": "Point",
        "coordinates": [
          13.4879073,
          52.4634409
        ]
      },
      "id": "node/12645612310"
    },
    {
      "type": "Feature",
      "properties": {
        "@id": "node/12645704866",
        "amenity": "charging_station",
        "capacity": "2",
        "fee": "yes",
        "motorcar": "yes",
        "operator": "Berliner Stadtwerke",
        "operator:wikidata": "Q75560554",
        "parking:fee": "no",
        "scooter": "yes",
        "socket:type2": "2",
        "socket:type2:current": "32 A",
        "socket:type2:output": "22 kW",
        "voltage": "400"
      },
      "geometry": {
        "type": "Point",
        "coordinates": [
          13.5389781,
          52.4529381
        ]
      },
      "id": "node/12645704866"
    },
    {
      "type": "Feature",
      "properties": {
        "@id": "node/12646464752",
        "access": "no",
        "amenity": "charging_station",
        "bus": "designated",
        "capacity": "2",
        "manufacturer": "Siemens",
        "operator": "BVG",
        "socket:j3105-1": "yes",
        "socket:j3105-1:output": "450 kW",
        "source": "https://www.now-gmbh.de/wp-content/uploads/0202/06/E-Metrobus-FE_Abschlussbericht_BVG.pdf"
      },
      "geometry": {
        "type": "Point",
        "coordinates": [
          13.3324059,
          52.5095638
        ]
      },
      "id": "node/12646464752"
    },
    {
      "type": "Feature",
      "properties": {
        "@id": "node/12646479841",
        "access": "no",
        "amenity": "charging_station",
        "bus": "designated",
        "capacity": "2",
        "manufacturer": "Siemens",
        "operator": "BVG",
        "socket:j3105-1": "yes",
        "socket:j3105-1:output": "450 kW",
        "source": "https://www.now-gmbh.de/wp-content/uploads/0202/06/E-Metrobus-FE_Abschlussbericht_BVG.pdf"
      },
      "geometry": {
        "type": "Point",
        "coordinates": [
          13.4518676,
          52.5421382
        ]
      },
      "id": "node/12646479841"
    },
    {
      "type": "Feature",
      "properties": {
        "@id": "node/12646545968",
        "access": "no",
        "amenity": "charging_station",
        "bus": "designated",
        "capacity": "1",
        "manufacturer": "Siemens",
        "operator": "BVG",
        "socket:j3105-1": "yes",
        "socket:j3105-1:output": "300 kW",
        "source": "https://www.now-gmbh.de/wp-content/uploads/0202/06/E-Metrobus-FE_Abschlussbericht_BVG.pdf"
      },
      "geometry": {
        "type": "Point",
        "coordinates": [
          13.4696392,
          52.5444465
        ]
      },
      "id": "node/12646545968"
    },
    {
      "type": "Feature",
      "properties": {
        "@id": "node/12655686687",
        "access": "private",
        "amenity": "charging_station",
        "capacity": "4",
        "operator": "BTB",
        "socket:type2:output": "11 kW"
      },
      "geometry": {
        "type": "Point",
        "coordinates": [
          13.5339621,
          52.4307556
        ]
      },
      "id": "node/12655686687"
    },
    {
      "type": "Feature",
      "properties": {
        "@id": "node/12663308276",
        "amenity": "charging_station",
        "capacity": "2",
        "operator": "qmello"
      },
      "geometry": {
        "type": "Point",
        "coordinates": [
          13.4839163,
          52.4654807
        ]
      },
      "id": "node/12663308276"
    },
    {
      "type": "Feature",
      "properties": {
        "@id": "node/12687444594",
        "access": "yes",
        "amenity": "charging_station",
        "capacity": "2",
        "fee": "yes",
        "motorcar": "yes",
        "operator": "Shell Recharge Solutions",
        "operator:wikidata": "Q105883058",
        "socket:chademo": "1",
        "socket:type2_combo": "1"
      },
      "geometry": {
        "type": "Point",
        "coordinates": [
          13.2215135,
          52.5365601
        ]
      },
      "id": "node/12687444594"
    },
    {
      "type": "Feature",
      "properties": {
        "@id": "node/12687444595",
        "access": "yes",
        "amenity": "charging_station",
        "capacity": "2",
        "fee": "yes",
        "motorcar": "yes",
        "operator": "Shell Recharge Solutions",
        "operator:wikidata": "Q105883058",
        "socket:chademo": "1",
        "socket:type2_combo": "1"
      },
      "geometry": {
        "type": "Point",
        "coordinates": [
          13.2215196,
          52.5365309
        ]
      },
      "id": "node/12687444595"
    },
    {
      "type": "Feature",
      "properties": {
        "@id": "node/12705644284",
        "amenity": "charging_station",
        "bicycle": "no",
        "capacity": "2",
        "motorcar": "yes",
        "operator": "EOS"
      },
      "geometry": {
        "type": "Point",
        "coordinates": [
          13.4104755,
          52.5252648
        ]
      },
      "id": "node/12705644284"
    },
    {
      "type": "Feature",
      "properties": {
        "@id": "node/12712901382",
        "amenity": "charging_station",
        "bicycle": "no",
        "capacity": "3",
        "operator": "Qwello",
        "operator:wikidata": "Q130302686"
      },
      "geometry": {
        "type": "Point",
        "coordinates": [
          13.4187267,
          52.5463558
        ]
      },
      "id": "node/12712901382"
    },
    {
      "type": "Feature",
      "properties": {
        "@id": "node/12712907462",
        "amenity": "charging_station"
      },
      "geometry": {
        "type": "Point",
        "coordinates": [
          13.4194584,
          52.5435613
        ]
      },
      "id": "node/12712907462"
    },
    {
      "type": "Feature",
      "properties": {
        "@id": "node/12716518710",
        "amenity": "charging_station",
        "bicycle": "no",
        "capacity": "2",
        "operator": "Berliner Stadtwerke",
        "operator:wikidata": "Q21969102"
      },
      "geometry": {
        "type": "Point",
        "coordinates": [
          13.3920132,
          52.5078542
        ]
      },
      "id": "node/12716518710"
    },
    {
      "type": "Feature",
      "properties": {
        "@id": "node/12717114811",
        "access": "customers",
        "amenity": "charging_station",
        "bicycle": "no",
        "capacity": "2",
        "motorcar": "yes",
        "operator": "BVG"
      },
      "geometry": {
        "type": "Point",
        "coordinates": [
          13.4534958,
          52.5272455
        ]
      },
      "id": "node/12717114811"
    },
    {
      "type": "Feature",
      "properties": {
        "@id": "node/12717114824",
        "access": "customers",
        "amenity": "charging_station",
        "bicycle": "no",
        "capacity": "2",
        "motorcar": "yes",
        "operator": "BVG"
      },
      "geometry": {
        "type": "Point",
        "coordinates": [
          13.4533407,
          52.5274756
        ]
      },
      "id": "node/12717114824"
    },
    {
      "type": "Feature",
      "properties": {
        "@id": "node/12723121332",
        "amenity": "charging_station",
        "capacity": "2"
      },
      "geometry": {
        "type": "Point",
        "coordinates": [
          13.4402565,
          52.4885539
        ]
      },
      "id": "node/12723121332"
    },
    {
      "type": "Feature",
      "properties": {
        "@id": "node/12725559839",
        "access": "yes",
        "amenity": "charging_station",
        "bicycle": "no",
        "capacity": "1",
        "covered": "no",
        "fee": "yes",
        "note": "An der Laterne",
        "operator": "Ubitricity",
        "ref": "DE*UBI*E10046213",
        "source": "survey"
      },
      "geometry": {
        "type": "Point",
        "coordinates": [
          13.1963658,
          52.5476864
        ]
      },
      "id": "node/12725559839"
    },
    {
      "type": "Feature",
      "properties": {
        "@id": "node/12731065601",
        "addr:housenumber": "2",
        "addr:postcode": "10589",
        "addr:street": "Lise-Meitner-Straße",
        "amenity": "charging_station",
        "bicycle": "yes",
        "capacity:motorcar": "2",
        "fee": "yes",
        "operator": "Jolt"
      },
      "geometry": {
        "type": "Point",
        "coordinates": [
          13.306494,
          52.526734
        ]
      },
      "id": "node/12731065601"
    },
    {
      "type": "Feature",
      "properties": {
        "@id": "node/12731298486",
        "amenity": "charging_station",
        "authentication:membership_card": "yes",
        "authentication:none": "yes",
        "brand": "Shell Recharge Solutions",
        "capacity": "2",
        "fee": "yes",
        "motorcar": "yes",
        "opening_hours": "24/7",
        "operator": "Shell Recharge Solutions",
        "operator:wikidata": "Q105883058",
        "parking:fee": "no",
        "socket:type2:output": "150 kW",
        "socket:type2_combo": "2"
      },
      "geometry": {
        "type": "Point",
        "coordinates": [
          13.5289781,
          52.4518022
        ]
      },
      "id": "node/12731298486"
    },
    {
      "type": "Feature",
      "properties": {
        "@id": "node/12731298487",
        "amenity": "charging_station",
        "authentication:membership_card": "yes",
        "authentication:none": "yes",
        "brand": "Shell Recharge Solutions",
        "capacity": "2",
        "fee": "yes",
        "motorcar": "yes",
        "opening_hours": "24/7",
        "operator": "Shell Recharge Solutions",
        "operator:wikidata": "Q105883058",
        "parking:fee": "no",
        "socket:type2:output": "150 kW",
        "socket:type2_combo": "2"
      },
      "geometry": {
        "type": "Point",
        "coordinates": [
          13.5289278,
          52.4517511
        ]
      },
      "id": "node/12731298487"
    },
    {
      "type": "Feature",
      "properties": {
        "@id": "node/12734127791",
        "amenity": "charging_station",
        "capacity": "2",
        "motorcar": "yes",
        "operator": "Berliner Verkehrsbetriebe"
      },
      "geometry": {
        "type": "Point",
        "coordinates": [
          13.407157,
          52.4899219
        ]
      },
      "id": "node/12734127791"
    },
    {
      "type": "Feature",
      "properties": {
        "@id": "node/12734127792",
        "amenity": "charging_station",
        "capacity": "2",
        "motorcar": "yes",
        "operator": "Berliner Verkehrsbetriebe"
      },
      "geometry": {
        "type": "Point",
        "coordinates": [
          13.4072231,
          52.4900136
        ]
      },
      "id": "node/12734127792"
    },
    {
      "type": "Feature",
      "properties": {
        "@id": "node/12737562940",
        "amenity": "charging_station",
        "capacity": "2",
        "motorcar": "yes",
        "operator": "Berliner Stadtwerke",
        "operator:wikidata": "Q21969102"
      },
      "geometry": {
        "type": "Point",
        "coordinates": [
          13.3863561,
          52.488994
        ]
      },
      "id": "node/12737562940"
    },
    {
      "type": "Feature",
      "properties": {
        "@id": "node/12739799699",
        "amenity": "charging_station",
        "bicycle": "no",
        "capacity": "2",
        "motorcar": "yes",
        "operator": "Berliner Stadtwerke",
        "operator:wikidata": "Q21969102"
      },
      "geometry": {
        "type": "Point",
        "coordinates": [
          13.4215854,
          52.524778
        ]
      },
      "id": "node/12739799699"
    },
    {
      "type": "Feature",
      "properties": {
        "@id": "node/12750012518",
        "amenity": "charging_station",
        "fee": "yes",
        "motorcar": "yes",
        "operator": "Shell Recharge",
        "socket:type2": "2"
      },
      "geometry": {
        "type": "Point",
        "coordinates": [
          13.2564097,
          52.4265695
        ]
      },
      "id": "node/12750012518"
    },
    {
      "type": "Feature",
      "properties": {
        "@id": "node/12752327159",
        "amenity": "charging_station",
        "capacity": "2",
        "motorcar": "yes"
      },
      "geometry": {
        "type": "Point",
        "coordinates": [
          13.4023416,
          52.5022967
        ]
      },
      "id": "node/12752327159"
    },
    {
      "type": "Feature",
      "properties": {
        "@id": "node/12759448034",
        "access": "yes",
        "amenity": "charging_station",
        "bicycle": "no",
        "capacity:motorcar": "1",
        "covered": "no",
        "fee": "yes",
        "note": "An der Laterne xx",
        "operator": "Ubitricity",
        "ref": "DE*UBI*E10047459"
      },
      "geometry": {
        "type": "Point",
        "coordinates": [
          13.2009076,
          52.5457785
        ]
      },
      "id": "node/12759448034"
    },
    {
      "type": "Feature",
      "properties": {
        "@id": "node/12759448035",
        "access": "yes",
        "amenity": "charging_station",
        "bicycle": "no",
        "capacity": "1",
        "covered": "no",
        "fee": "yes",
        "note": "An der Laterne 22",
        "operator": "Ubitricity",
        "ref": "DE*UBI*E10093154"
      },
      "geometry": {
        "type": "Point",
        "coordinates": [
          13.2013773,
          52.545702
        ]
      },
      "id": "node/12759448035"
    },
    {
      "type": "Feature",
      "properties": {
        "@id": "node/12759448037",
        "access": "yes",
        "amenity": "charging_station",
        "bicycle": "no",
        "capacity": "1",
        "covered": "no",
        "fee": "yes",
        "note": "An der Laterne 23",
        "operator": "UBITRICITY",
        "ref": "DE*UBI*E10074718",
        "source": "survey"
      },
      "geometry": {
        "type": "Point",
        "coordinates": [
          13.2016646,
          52.5454669
        ]
      },
      "id": "node/12759448037"
    },
    {
      "type": "Feature",
      "properties": {
        "@id": "node/12759448038",
        "access": "yes",
        "amenity": "charging_station",
        "bicycle": "no",
        "capacity": "1",
        "covered": "no",
        "fee": "yes",
        "operator": "Ubitricity",
        "ref": "DE*UBI*E10032603"
      },
      "geometry": {
        "type": "Point",
        "coordinates": [
          13.2027008,
          52.5451109
        ]
      },
      "id": "node/12759448038"
    },
    {
      "type": "Feature",
      "properties": {
        "@id": "node/12759448039",
        "access": "yes",
        "amenity": "charging_station",
        "bicycle": "no",
        "capacity": "1",
        "covered": "no",
        "fee": "yes",
        "note": "An der Laterne 27",
        "operator": "UBITRICITY",
        "ref": "DE*UBI*E10053090"
      },
      "geometry": {
        "type": "Point",
        "coordinates": [
          13.2028568,
          52.5448684
        ]
      },
      "id": "node/12759448039"
    },
    {
      "type": "Feature",
      "properties": {
        "@id": "node/12759448040",
        "access": "yes",
        "amenity": "charging_station",
        "bicycle": "no",
        "capacity": "1",
        "covered": "no",
        "fee": "yes",
        "note": "An der Laterne 28",
        "operator": "Ubitricity",
        "ref": "DE*UBI*E10033655"
      },
      "geometry": {
        "type": "Point",
        "coordinates": [
          13.2032094,
          52.5447529
        ]
      },
      "id": "node/12759448040"
    },
    {
      "type": "Feature",
      "properties": {
        "@id": "node/12768044237",
        "amenity": "charging_station",
        "brand": "cubos",
        "capacity": "4",
        "fee": "yes",
        "indoor": "yes",
        "level": "-1",
        "motorcar": "yes",
        "opening_hours": "24/7",
        "payment:credit_cards": "yes",
        "payment:paypal": "yes",
        "socket:type2": "4",
        "socket:type2:output": "22"
      },
      "geometry": {
        "type": "Point",
        "coordinates": [
          13.4239616,
          52.5085628
        ]
      },
      "id": "node/12768044237"
    },
    {
      "type": "Feature",
      "properties": {
        "@id": "node/12770164601",
        "access": "yes",
        "addr:housenumber": "32",
        "addr:street": "Koppenstraße",
        "amenity": "charging_station",
        "bicycle": "no",
        "capacity": "2",
        "covered": "no",
        "fee": "yes",
        "level": "0",
        "opening_hours": "24/7",
        "operator": "Qwello",
        "operator:wikidata": "Q130302686",
        "payment:apple_pay": "yes",
        "payment:credit_cards": "yes",
        "ref:signed": "no",
        "socket:type2": "2",
        "socket:type2:output": "22",
        "website": "https://qwello.de/"
      },
      "geometry": {
        "type": "Point",
        "coordinates": [
          13.4364176,
          52.5167838
        ]
      },
      "id": "node/12770164601"
    },
    {
      "type": "Feature",
      "properties": {
        "@id": "node/12770173740",
        "amenity": "charging_station",
        "capacity": "2",
        "motorcar": "yes",
        "operator": "EZE",
        "operator:wikidata": "Q127690117"
      },
      "geometry": {
        "type": "Point",
        "coordinates": [
          13.4470835,
          52.4912892
        ]
      },
      "id": "node/12770173740"
    },
    {
      "type": "Feature",
      "properties": {
        "@id": "node/12770715729",
        "amenity": "charging_station",
        "capacity": "2",
        "motorcar": "yes",
        "operator": "Compleo Charging Technologies GmbH"
      },
      "geometry": {
        "type": "Point",
        "coordinates": [
          13.4444059,
          52.489631
        ]
      },
      "id": "node/12770715729"
    },
    {
      "type": "Feature",
      "properties": {
        "@id": "node/12770821992",
        "amenity": "charging_station",
        "capacity": "1",
        "fee": "yes",
        "operator": "Qwello",
        "operator:wikidata": "Q130302686",
        "socket:type2": "2",
        "socket:type2:output": "11 kW"
      },
      "geometry": {
        "type": "Point",
        "coordinates": [
          13.4414711,
          52.5139234
        ]
      },
      "id": "node/12770821992"
    },
    {
      "type": "Feature",
      "properties": {
        "@id": "node/12770926431",
        "amenity": "charging_station",
        "capacity": "2",
        "motorcar": "yes"
      },
      "geometry": {
        "type": "Point",
        "coordinates": [
          13.44309,
          52.4918456
        ]
      },
      "id": "node/12770926431"
    },
    {
      "type": "Feature",
      "properties": {
        "@id": "node/12770977647",
        "amenity": "charging_station",
        "capacity": "2",
        "motorcar": "yes",
        "operator": "Berliner Stadtwerke",
        "operator:wikidata": "Q21969102"
      },
      "geometry": {
        "type": "Point",
        "coordinates": [
          13.4608295,
          52.5077312
        ]
      },
      "id": "node/12770977647"
    },
    {
      "type": "Feature",
      "properties": {
        "@id": "node/12776552793",
        "amenity": "charging_station",
        "bicycle": "no",
        "capacity": "2",
        "operator": "Stadtwerke Berlin"
      },
      "geometry": {
        "type": "Point",
        "coordinates": [
          13.3491561,
          52.4917152
        ]
      },
      "id": "node/12776552793"
    },
    {
      "type": "Feature",
      "properties": {
        "@id": "node/12783112827",
        "access": "yes",
        "amenity": "charging_station",
        "capacity": "11"
      },
      "geometry": {
        "type": "Point",
        "coordinates": [
          13.2205862,
          52.5847723
        ]
      },
      "id": "node/12783112827"
    },
    {
      "type": "Feature",
      "properties": {
        "@id": "node/12793532953",
        "access": "yes",
        "addr:floor": "0",
        "amenity": "charging_station",
        "brand": "E.ON Drive",
        "brand:wikidata": "Q126650419",
        "capacity": "2",
        "covered": "no",
        "fee": "yes",
        "level": "0",
        "operator": "E.ON",
        "operator:wikidata": "Q270223",
        "payment:mastercard": "yes",
        "payment:visa": "yes",
        "ref": "DE*UFC*E01011*1;DE*UFC*E01011*2",
        "source": "survey"
      },
      "geometry": {
        "type": "Point",
        "coordinates": [
          13.3093158,
          52.5122723
        ]
      },
      "id": "node/12793532953"
    },
    {
      "type": "Feature",
      "properties": {
        "@id": "node/12804449796",
        "access": "yes",
        "amenity": "charging_station",
        "capacity": "2",
        "fee": "yes",
        "operator": "qwello",
        "socket:type2_cable": "2"
      },
      "geometry": {
        "type": "Point",
        "coordinates": [
          13.5076464,
          52.4448388
        ]
      },
      "id": "node/12804449796"
    },
    {
      "type": "Feature",
      "properties": {
        "@id": "node/12813494656",
        "access": "yes",
        "amenity": "charging_station",
        "bicycle": "no",
        "brand": "Edeka Ladestation",
        "bus": "no",
        "capacity": "4",
        "fee": "yes",
        "hgv": "no",
        "motorcar": "yes",
        "network": "EnBw",
        "not:operator:wikidata": "Q701755",
        "opening_hours": "24/7",
        "operator": "EDEKA Versorgungsgesllschaft",
        "panoramax": "7787ed29-f2cd-478f-9ce5-b2b4a6c6af4d",
        "payment:app": "yes",
        "payment:cards": "yes",
        "payment:cash": "no",
        "payment:membership_card": "yes",
        "payment:qr_code": "yes",
        "scooter": "no",
        "socket:type2": "2",
        "socket:type2:current": "32",
        "socket:type2:output": "22 kW",
        "socket:type2_cable": "2",
        "socket:type2_combo": "2",
        "socket:type2_combo:output": "50 kW"
      },
      "geometry": {
        "type": "Point",
        "coordinates": [
          13.2440116,
          52.4259971
        ]
      },
      "id": "node/12813494656"
    },
    {
      "type": "Feature",
      "properties": {
        "@id": "node/12820979589",
        "access": "yes",
        "amenity": "charging_station",
        "bicycle": "no",
        "capacity": "2",
        "fee": "yes",
        "operator": "Berliner Stadtwerke"
      },
      "geometry": {
        "type": "Point",
        "coordinates": [
          13.3311182,
          52.5143211
        ]
      },
      "id": "node/12820979589"
    },
    {
      "type": "Feature",
      "properties": {
        "@id": "node/12823412710",
        "amenity": "charging_station",
        "capacity": "2",
        "motorcar": "yes",
        "operator": "Berliner Stadtwerke"
      },
      "geometry": {
        "type": "Point",
        "coordinates": [
          13.4525853,
          52.4891715
        ]
      },
      "id": "node/12823412710"
    },
    {
      "type": "Feature",
      "properties": {
        "@id": "node/12825821529",
        "amenity": "charging_station",
        "capacity": "2",
        "covered": "no",
        "fee": "yes",
        "fixme": "Ewe go, HYC 300, 2x CCS 1000V 500A, kein Chademo, kein Typ2, maximale Ladeleistung nicht ersichtlich, mind 100 kW",
        "man_made": "charge_point",
        "survey:date": "2025-05-10"
      },
      "geometry": {
        "type": "Point",
        "coordinates": [
          13.2330022,
          52.5264991
        ]
      },
      "id": "node/12825821529"
    },
    {
      "type": "Feature",
      "properties": {
        "@id": "node/12829993956",
        "amenity": "charging_station",
        "capacity": "2"
      },
      "geometry": {
        "type": "Point",
        "coordinates": [
          13.4798077,
          52.4846939
        ]
      },
      "id": "node/12829993956"
    },
    {
      "type": "Feature",
      "properties": {
        "@id": "node/12833578584",
        "amenity": "charging_station",
        "brand": "ubitricity",
        "brand:wikidata": "Q113699692",
        "capacity": "2",
        "motorcar": "yes",
        "name": "ubitricity",
        "operator": "ubitricity",
        "operator:wikidata": "Q113699692",
        "socket:type2": "2",
        "socket:type2:output": "22 kW"
      },
      "geometry": {
        "type": "Point",
        "coordinates": [
          13.3445006,
          52.5685817
        ]
      },
      "id": "node/12833578584"
    },
    {
      "type": "Feature",
      "properties": {
        "@id": "node/12833578622",
        "amenity": "charging_station",
        "brand": "ubitricity",
        "brand:wikidata": "Q113699692",
        "capacity": "2",
        "motorcar": "yes",
        "name": "ubitricity",
        "operator": "ubitricity",
        "operator:wikidata": "Q113699692",
        "socket:type2": "2",
        "socket:type2:output": "22 kW"
      },
      "geometry": {
        "type": "Point",
        "coordinates": [
          13.3425052,
          52.5699153
        ]
      },
      "id": "node/12833578622"
    },
    {
      "type": "Feature",
      "properties": {
        "@id": "node/12834623571",
        "amenity": "charging_station",
        "capacity": "2",
        "mapillary": "1901944647235093"
      },
      "geometry": {
        "type": "Point",
        "coordinates": [
          13.572888,
          52.5520562
        ]
      },
      "id": "node/12834623571"
    },
    {
      "type": "Feature",
      "properties": {
        "@id": "node/12834623572",
        "amenity": "charging_station",
        "capacity": "2",
        "mapillary": "1901944647235093"
      },
      "geometry": {
        "type": "Point",
        "coordinates": [
          13.5728767,
          52.5520166
        ]
      },
      "id": "node/12834623572"
    },
    {
      "type": "Feature",
      "properties": {
        "@id": "node/12836699731",
        "access": "yes",
        "amenity": "charging_station",
        "brand": "EZE",
        "capacity": "2",
        "operator": "EZE",
        "operator:wikidata": "Q127690117",
        "socket:type2": "2"
      },
      "geometry": {
        "type": "Point",
        "coordinates": [
          13.4126178,
          52.5108735
        ]
      },
      "id": "node/12836699731"
    },
    {
      "type": "Feature",
      "properties": {
        "@id": "node/12836762740",
        "amenity": "charging_station",
        "brand": "Eze",
        "capacity": "2",
        "motorcar": "yes",
        "obstacle:parking": "yes",
        "operator": "EZE",
        "operator:wikidata": "Q127690117"
      },
      "geometry": {
        "type": "Point",
        "coordinates": [
          13.4059813,
          52.5088113
        ]
      },
      "id": "node/12836762740"
    },
    {
      "type": "Feature",
      "properties": {
        "@id": "node/12839352833",
        "access": "yes",
        "amenity": "charging_station",
        "authentication:app": "yes",
        "authentication:membership_card": "yes",
        "capacity": "2",
        "fee": "yes",
        "motorcar": "yes",
        "opening_hours": "24/7",
        "operator": "Shell Recharge",
        "operator:wikidata": "Q105883058",
        "parking:fee": "no",
        "ref:EU:EVSE": "DE*UBI*E10063407;DE*UBI*E10062040",
        "socket:type2": "2",
        "socket:type2:output": "22 kW"
      },
      "geometry": {
        "type": "Point",
        "coordinates": [
          13.2047809,
          52.4317555
        ]
      },
      "id": "node/12839352833"
    },
    {
      "type": "Feature",
      "properties": {
        "@id": "node/12844624541",
        "access": "yes",
        "amenity": "charging_station",
        "bicycle": "no",
        "brand": "compleo",
        "capacity": "2",
        "check_date": "2025-05-17",
        "covered": "no",
        "fee": "yes",
        "level": "0",
        "operator": "Berliner Stadtwerke",
        "operator:wikidata": "Q21969102",
        "ref:EU:EVSE": "DE*BSW*E604547*547"
      },
      "geometry": {
        "type": "Point",
        "coordinates": [
          13.4623953,
          52.5186158
        ]
      },
      "id": "node/12844624541"
    },
    {
      "type": "Feature",
      "properties": {
        "@id": "node/12862996888",
        "access": "yes",
        "amenity": "charging_station",
        "bicycle": "no",
        "brand": "HYC 300",
        "capacity": "300",
        "covered": "no",
        "manufacturer": "Alpitronic",
        "operator": "becharge"
      },
      "geometry": {
        "type": "Point",
        "coordinates": [
          13.5461883,
          52.4322934
        ]
      },
      "id": "node/12862996888"
    },
    {
      "type": "Feature",
      "properties": {
        "@id": "node/12870887297",
        "amenity": "charging_station",
        "bicycle": "no",
        "capacity:motorcar": "2",
        "fee": "yes",
        "motorcar": "yes",
        "motorcycle": "no",
        "operator": "Shell Recharge",
        "socket:chademo:output": "2",
        "socket:type2_combo:output": "2"
      },
      "geometry": {
        "type": "Point",
        "coordinates": [
          13.3217329,
          52.429663
        ]
      },
      "id": "node/12870887297"
    },
    {
      "type": "Feature",
      "properties": {
        "@id": "node/12874090457",
        "amenity": "charging_station",
        "bicycle": "no",
        "capacity": "2",
        "motorcar": "yes",
        "operator": "EZE"
      },
      "geometry": {
        "type": "Point",
        "coordinates": [
          13.4433451,
          52.4717693
        ]
      },
      "id": "node/12874090457"
    },
    {
      "type": "Feature",
      "properties": {
        "@id": "node/12874131326",
        "amenity": "charging_station",
        "bicycle": "no",
        "capacity": "2",
        "motorcar": "yes"
      },
      "geometry": {
        "type": "Point",
        "coordinates": [
          13.4321393,
          52.4701592
        ]
      },
      "id": "node/12874131326"
    },
    {
      "type": "Feature",
      "properties": {
        "@id": "node/12874157141",
        "amenity": "charging_station",
        "bicycle": "no",
        "capacity": "1",
        "motorcar": "yes",
        "operator": "Qwello",
        "operator:wikidata": "Q130302686"
      },
      "geometry": {
        "type": "Point",
        "coordinates": [
          13.4371027,
          52.4692328
        ]
      },
      "id": "node/12874157141"
    },
    {
      "type": "Feature",
      "properties": {
        "@id": "node/12874157142",
        "amenity": "charging_station",
        "bicycle": "no",
        "capacity": "1",
        "motorcar": "yes",
        "operator": "Qwello",
        "operator:wikidata": "Q130302686"
      },
      "geometry": {
        "type": "Point",
        "coordinates": [
          13.4371905,
          52.4692432
        ]
      },
      "id": "node/12874157142"
    },
    {
      "type": "Feature",
      "properties": {
        "@id": "node/12874787448",
        "amenity": "charging_station",
        "bicycle": "no",
        "capacity": "2",
        "motorcar": "yes",
        "operator": "eze.network GmbH"
      },
      "geometry": {
        "type": "Point",
        "coordinates": [
          13.4445046,
          52.5051312
        ]
      },
      "id": "node/12874787448"
    },
    {
      "type": "Feature",
      "properties": {
        "@id": "node/12874924571",
        "amenity": "charging_station",
        "bicycle": "no",
        "capacity": "2",
        "motorcar": "yes",
        "operator": "TotalEnergies"
      },
      "geometry": {
        "type": "Point",
        "coordinates": [
          13.4393572,
          52.5059308
        ]
      },
      "id": "node/12874924571"
    },
    {
      "type": "Feature",
      "properties": {
        "@id": "node/12875428075",
        "access": "yes",
        "amenity": "charging_station",
        "bicycle": "no",
        "brand": "HYC 300",
        "capacity": "300",
        "covered": "no",
        "manufacturer": "Alpitronic",
        "operator": "becharge"
      },
      "geometry": {
        "type": "Point",
        "coordinates": [
          13.5462341,
          52.4323232
        ]
      },
      "id": "node/12875428075"
    },
    {
      "type": "Feature",
      "properties": {
        "@id": "node/12875558081",
        "amenity": "charging_station",
        "capacity": "2",
        "motorcar": "yes"
      },
      "geometry": {
        "type": "Point",
        "coordinates": [
          13.4283993,
          52.5144818
        ]
      },
      "id": "node/12875558081"
    },
    {
      "type": "Feature",
      "properties": {
        "@id": "node/12875558082",
        "amenity": "charging_station",
        "capacity": "2",
        "motorcar": "yes"
      },
      "geometry": {
        "type": "Point",
        "coordinates": [
          13.4284235,
          52.5145217
        ]
      },
      "id": "node/12875558082"
    },
    {
      "type": "Feature",
      "properties": {
        "@id": "node/12876574572",
        "amenity": "charging_station",
        "capacity": "2",
        "operator": "EZE",
        "operator:wikidata": "Q127690117"
      },
      "geometry": {
        "type": "Point",
        "coordinates": [
          13.4214246,
          52.5434114
        ]
      },
      "id": "node/12876574572"
    },
    {
      "type": "Feature",
      "properties": {
        "@id": "node/12877451086",
        "amenity": "charging_station",
        "capacity": "2",
        "motorcar": "yes"
      },
      "geometry": {
        "type": "Point",
        "coordinates": [
          13.3907312,
          52.4914687
        ]
      },
      "id": "node/12877451086"
    },
    {
      "type": "Feature",
      "properties": {
        "@id": "node/12877800834",
        "amenity": "charging_station",
        "bicycle": "no",
        "capacity": "1",
        "motorcar": "yes",
        "operator": "Qwello",
        "operator:wikidata": "Q130302686"
      },
      "geometry": {
        "type": "Point",
        "coordinates": [
          13.4641581,
          52.5132288
        ]
      },
      "id": "node/12877800834"
    },
    {
      "type": "Feature",
      "properties": {
        "@id": "node/12877800835",
        "amenity": "charging_station",
        "bicycle": "no",
        "capacity": "1",
        "motorcar": "yes",
        "operator": "Qwello",
        "operator:wikidata": "Q130302686"
      },
      "geometry": {
        "type": "Point",
        "coordinates": [
          13.4641692,
          52.5132508
        ]
      },
      "id": "node/12877800835"
    },
    {
      "type": "Feature",
      "properties": {
        "@id": "node/12877800836",
        "amenity": "charging_station",
        "bicycle": "no",
        "capacity": "1",
        "motorcar": "yes",
        "operator": "Qwello",
        "operator:wikidata": "Q130302686"
      },
      "geometry": {
        "type": "Point",
        "coordinates": [
          13.4641803,
          52.5132711
        ]
      },
      "id": "node/12877800836"
    },
    {
      "type": "Feature",
      "properties": {
        "@id": "node/12877800838",
        "amenity": "charging_station",
        "bicycle": "no",
        "capacity": "1",
        "motorcar": "yes",
        "operator": "Qwello",
        "operator:wikidata": "Q130302686"
      },
      "geometry": {
        "type": "Point",
        "coordinates": [
          13.4641939,
          52.5132929
        ]
      },
      "id": "node/12877800838"
    },
    {
      "type": "Feature",
      "properties": {
        "@id": "node/12877800859",
        "amenity": "charging_station",
        "bicycle": "no",
        "capacity": "2",
        "motorcar": "yes",
        "operator": "Berliner Stadtwerke",
        "operator:wikidata": "Q21969102"
      },
      "geometry": {
        "type": "Point",
        "coordinates": [
          13.459716,
          52.5148212
        ]
      },
      "id": "node/12877800859"
    },
    {
      "type": "Feature",
      "properties": {
        "@id": "node/12877800861",
        "amenity": "charging_station",
        "bicycle": "no",
        "brand": "TotalEnergies",
        "brand:wikidata": "Q154037",
        "capacity": "2",
        "motorcar": "yes",
        "operator": "TotalEnergies",
        "operator:wikidata": "Q154037"
      },
      "geometry": {
        "type": "Point",
        "coordinates": [
          13.4711731,
          52.5146239
        ]
      },
      "id": "node/12877800861"
    },
    {
      "type": "Feature",
      "properties": {
        "@id": "node/12877800866",
        "amenity": "charging_station",
        "capacity": "2",
        "motorcar": "yes",
        "operator": "Qwello",
        "operator:wikidata": "Q130302686"
      },
      "geometry": {
        "type": "Point",
        "coordinates": [
          13.4706316,
          52.5164528
        ]
      },
      "id": "node/12877800866"
    },
    {
      "type": "Feature",
      "properties": {
        "@id": "node/12877800883",
        "amenity": "charging_station",
        "bicycle": "no",
        "capacity": "2",
        "motorcar": "yes",
        "operator": "Qwello",
        "operator:wikidata": "Q130302686"
      },
      "geometry": {
        "type": "Point",
        "coordinates": [
          13.4564223,
          52.5164228
        ]
      },
      "id": "node/12877800883"
    },
    {
      "type": "Feature",
      "properties": {
        "@id": "node/12877800891",
        "amenity": "charging_station",
        "capacity": "2",
        "motorcar": "yes"
      },
      "geometry": {
        "type": "Point",
        "coordinates": [
          13.4567421,
          52.520467
        ]
      },
      "id": "node/12877800891"
    },
    {
      "type": "Feature",
      "properties": {
        "@id": "node/12877897159",
        "amenity": "charging_station",
        "bicycle": "no",
        "brand": "E.ON Drive",
        "brand:wikidata": "Q126650419",
        "capacity": "2",
        "motorcar": "yes",
        "operator": "E.ON",
        "operator:wikidata": "Q270223"
      },
      "geometry": {
        "type": "Point",
        "coordinates": [
          13.426401,
          52.5262206
        ]
      },
      "id": "node/12877897159"
    },
    {
      "type": "Feature",
      "properties": {
        "@id": "node/12877897160",
        "amenity": "charging_station",
        "brand": "E.ON Drive",
        "brand:wikidata": "Q126650419",
        "capacity": "2",
        "motorcar": "yes",
        "operator": "E.ON",
        "operator:wikidata": "Q270223"
      },
      "geometry": {
        "type": "Point",
        "coordinates": [
          13.4263385,
          52.5262599
        ]
      },
      "id": "node/12877897160"
    },
    {
      "type": "Feature",
      "properties": {
        "@id": "node/12877897185",
        "amenity": "charging_station",
        "capacity": "2",
        "motorcar": "yes",
        "operator": "Qwello",
        "operator:wikidata": "Q130302686"
      },
      "geometry": {
        "type": "Point",
        "coordinates": [
          13.4328436,
          52.5125669
        ]
      },
      "id": "node/12877897185"
    },
    {
      "type": "Feature",
      "properties": {
        "@id": "node/12877897192",
        "amenity": "charging_station",
        "bicycle": "no",
        "capacity": "2",
        "motorcar": "yes",
        "operator": "EZE"
      },
      "geometry": {
        "type": "Point",
        "coordinates": [
          13.4527257,
          52.5034155
        ]
      },
      "id": "node/12877897192"
    },
    {
      "type": "Feature",
      "properties": {
        "@id": "node/12877897196",
        "amenity": "charging_station",
        "bicycle": "no",
        "capacity": "2",
        "motorcar": "yes",
        "operator": "Qwello"
      },
      "geometry": {
        "type": "Point",
        "coordinates": [
          13.4429405,
          52.5017208
        ]
      },
      "id": "node/12877897196"
    },
    {
      "type": "Feature",
      "properties": {
        "@id": "node/12877897210",
        "amenity": "charging_station",
        "capacity": "2",
        "motorcar": "yes",
        "operator": "Berliner Stadtwerke",
        "operator:wikidata": "Q21969102"
      },
      "geometry": {
        "type": "Point",
        "coordinates": [
          13.4263596,
          52.4988286
        ]
      },
      "id": "node/12877897210"
    },
    {
      "type": "Feature",
      "properties": {
        "@id": "node/12877897236",
        "amenity": "charging_station",
        "capacity": "2",
        "motorcar": "yes"
      },
      "geometry": {
        "type": "Point",
        "coordinates": [
          13.3975427,
          52.5009428
        ]
      },
      "id": "node/12877897236"
    },
    {
      "type": "Feature",
      "properties": {
        "@id": "node/12877897326",
        "amenity": "charging_station",
        "bicycle": "no",
        "capacity": "2",
        "motorcar": "yes",
        "operator": "TotalEnergies"
      },
      "geometry": {
        "type": "Point",
        "coordinates": [
          13.3779784,
          52.5040388
        ]
      },
      "id": "node/12877897326"
    },
    {
      "type": "Feature",
      "properties": {
        "@id": "node/12877897327",
        "amenity": "charging_station",
        "bicycle": "no",
        "capacity": "2",
        "motorcar": "yes",
        "operator": "TotalEnergies"
      },
      "geometry": {
        "type": "Point",
        "coordinates": [
          13.3779229,
          52.5039404
        ]
      },
      "id": "node/12877897327"
    },
    {
      "type": "Feature",
      "properties": {
        "@id": "node/12877897358",
        "amenity": "charging_station",
        "capacity": "2",
        "motorcar": "yes"
      },
      "geometry": {
        "type": "Point",
        "coordinates": [
          13.38459,
          52.491515
        ]
      },
      "id": "node/12877897358"
    },
    {
      "type": "Feature",
      "properties": {
        "@id": "node/12877897365",
        "amenity": "charging_station",
        "bicycle": "no",
        "capacity": "1",
        "motorcar": "yes",
        "obstacle:parking": "yes"
      },
      "geometry": {
        "type": "Point",
        "coordinates": [
          13.3839571,
          52.4867003
        ]
      },
      "id": "node/12877897365"
    },
    {
      "type": "Feature",
      "properties": {
        "@id": "node/12877897366",
        "amenity": "charging_station",
        "bicycle": "no",
        "capacity": "1",
        "motorcar": "yes",
        "obstacle:parking": "yes"
      },
      "geometry": {
        "type": "Point",
        "coordinates": [
          13.3839518,
          52.486702
        ]
      },
      "id": "node/12877897366"
    },
    {
      "type": "Feature",
      "properties": {
        "@id": "node/12877897384",
        "amenity": "charging_station",
        "capacity": "1",
        "motorcar": "yes",
        "operator": "Qwello"
      },
      "geometry": {
        "type": "Point",
        "coordinates": [
          13.4196268,
          52.4886534
        ]
      },
      "id": "node/12877897384"
    },
    {
      "type": "Feature",
      "properties": {
        "@id": "node/12877897385",
        "amenity": "charging_station",
        "capacity": "1",
        "motorcar": "yes",
        "operator": "Qwello"
      },
      "geometry": {
        "type": "Point",
        "coordinates": [
          13.419629,
          52.4886764
        ]
      },
      "id": "node/12877897385"
    },
    {
      "type": "Feature",
      "properties": {
        "@id": "node/12878325353",
        "access": "yes",
        "amenity": "charging_station",
        "operator": "EZE",
        "operator:wikidata": "Q127690117"
      },
      "geometry": {
        "type": "Point",
        "coordinates": [
          13.5569675,
          52.5043407
        ]
      },
      "id": "node/12878325353"
    },
    {
      "type": "Feature",
      "properties": {
        "@id": "node/12880375149",
        "access": "yes",
        "amenity": "charging_station",
        "capacity": "2",
        "fee": "yes",
        "motorcar": "yes",
        "opening_hours": "24/7",
        "operator": "Berliner Stadtwerke",
        "operator:wikidata": "Q21969102",
        "parking:fee": "no",
        "socket:type2": "2",
        "socket:type2:output": "22 kW"
      },
      "geometry": {
        "type": "Point",
        "coordinates": [
          13.6514501,
          52.3756133
        ]
      },
      "id": "node/12880375149"
    },
    {
      "type": "Feature",
      "properties": {
        "@id": "node/12880924064",
        "access": "yes",
        "amenity": "charging_station",
        "brand": "Tesla Supercharger",
        "brand:wikidata": "Q17089620",
        "capacity": "12",
        "fee": "yes",
        "motorcar": "yes",
        "name": "Berlin Supercharger",
        "opening_hours": "24/7",
        "operator": "Tesla",
        "operator:wikidata": "Q478214",
        "ref:tesla": "179718",
        "socket:tesla_supercharger_ccs": "12",
        "socket:tesla_supercharger_ccs:output": "250 kW",
        "socket:type2_combo": "12",
        "socket:type2_combo:output": "250 kW",
        "website": "https://www.tesla.com/findus/location/supercharger/179718"
      },
      "geometry": {
        "type": "Point",
        "coordinates": [
          13.4164631,
          52.5193345
        ]
      },
      "id": "node/12880924064"
    },
    {
      "type": "Feature",
      "properties": {
        "@id": "node/12880964216",
        "access": "yes",
        "amenity": "charging_station",
        "brand": "Tesla Supercharger",
        "brand:wikidata": "Q17089620",
        "capacity": "8",
        "fee": "yes",
        "motorcar": "yes",
        "name": "Mariendorfer Damm Supercharger",
        "opening_hours": "24/7",
        "operator": "Tesla",
        "operator:wikidata": "Q478214",
        "ref:tesla": "402254",
        "socket:tesla_supercharger_ccs": "8",
        "socket:tesla_supercharger_ccs:output": "250 kW",
        "socket:type2_combo": "8",
        "socket:type2_combo:output": "250 kW",
        "website": "https://www.tesla.com/findus/location/supercharger/402254"
      },
      "geometry": {
        "type": "Point",
        "coordinates": [
          13.3932088,
          52.4264398
        ]
      },
      "id": "node/12880964216"
    },
    {
      "type": "Feature",
      "properties": {
        "@id": "node/12883511162",
        "amenity": "charging_station",
        "operator": "TankE",
        "operator:wikidata": "Q129938413"
      },
      "geometry": {
        "type": "Point",
        "coordinates": [
          13.3303381,
          52.5218496
        ]
      },
      "id": "node/12883511162"
    },
    {
      "type": "Feature",
      "properties": {
        "@id": "node/12898789905",
        "amenity": "charging_station",
        "bicycle": "no",
        "capacity": "2",
        "operator": "e-on drive"
      },
      "geometry": {
        "type": "Point",
        "coordinates": [
          13.3941037,
          52.5204181
        ]
      },
      "id": "node/12898789905"
    },
    {
      "type": "Feature",
      "properties": {
        "@id": "node/12905411970",
        "access": "yes",
        "amenity": "charging_station",
        "capacity": "2",
        "fee": "yes",
        "motorcar": "yes",
        "operator": "Berliner Stadtwerke GmbH",
        "payment:app": "yes"
      },
      "geometry": {
        "type": "Point",
        "coordinates": [
          13.6550618,
          52.4149825
        ]
      },
      "id": "node/12905411970"
    },
    {
      "type": "Feature",
      "properties": {
        "@id": "node/12905567421",
        "amenity": "charging_station",
        "capacity": "1",
        "motorcar": "yes"
      },
      "geometry": {
        "type": "Point",
        "coordinates": [
          13.4240285,
          52.4738512
        ]
      },
      "id": "node/12905567421"
    },
    {
      "type": "Feature",
      "properties": {
        "@id": "node/12905567425",
        "amenity": "charging_station",
        "capacity": "1",
        "motorcar": "yes"
      },
      "geometry": {
        "type": "Point",
        "coordinates": [
          13.4241158,
          52.473861
        ]
      },
      "id": "node/12905567425"
    },
    {
      "type": "Feature",
      "properties": {
        "@id": "node/12905567427",
        "amenity": "charging_station",
        "capacity": "1",
        "motorcar": "yes"
      },
      "geometry": {
        "type": "Point",
        "coordinates": [
          13.4240713,
          52.473856
        ]
      },
      "id": "node/12905567427"
    },
    {
      "type": "Feature",
      "properties": {
        "@id": "node/12905567429",
        "amenity": "charging_station",
        "capacity": "1",
        "motorcar": "yes"
      },
      "geometry": {
        "type": "Point",
        "coordinates": [
          13.4239782,
          52.4738452
        ]
      },
      "id": "node/12905567429"
    },
    {
      "type": "Feature",
      "properties": {
        "@id": "node/12908922404",
        "amenity": "charging_station",
        "capacity": "2",
        "socket:type2": "2"
      },
      "geometry": {
        "type": "Point",
        "coordinates": [
          13.1424876,
          52.4529283
        ]
      },
      "id": "node/12908922404"
    },
    {
      "type": "Feature",
      "properties": {
        "@id": "node/12910988952",
        "amenity": "charging_station",
        "capacity": "2",
        "fee": "yes",
        "motorcar": "yes",
        "motorcycle": "yes",
        "operator": "Berliner Stadtwerke",
        "operator:wikidata": "Q21969102"
      },
      "geometry": {
        "type": "Point",
        "coordinates": [
          13.2861755,
          52.5351198
        ]
      },
      "id": "node/12910988952"
    },
    {
      "type": "Feature",
      "properties": {
        "@id": "node/12914264723",
        "amenity": "charging_station",
        "capacity": "2",
        "motorcar": "yes",
        "operator": "Berliner Stadtwerke",
        "operator:wikidata": "Q21969102"
      },
      "geometry": {
        "type": "Point",
        "coordinates": [
          13.4038453,
          52.5209328
        ]
      },
      "id": "node/12914264723"
    },
    {
      "type": "Feature",
      "properties": {
        "@id": "node/12917566167",
        "amenity": "charging_station",
        "bicycle": "no",
        "capacity": "2",
        "motorcar": "yes",
        "operator": "Berliner Stadtwerke",
        "operator:wikidata": "Q21969102"
      },
      "geometry": {
        "type": "Point",
        "coordinates": [
          13.4261986,
          52.5062317
        ]
      },
      "id": "node/12917566167"
    },
    {
      "type": "Feature",
      "properties": {
        "@id": "node/12917566298",
        "amenity": "charging_station",
        "bicycle": "no",
        "capacity": "2",
        "motorcar": "yes",
        "operator": "Berliner Stadtwerke",
        "operator:wikidata": "Q21969102"
      },
      "geometry": {
        "type": "Point",
        "coordinates": [
          13.4222875,
          52.505661
        ]
      },
      "id": "node/12917566298"
    },
    {
      "type": "Feature",
      "properties": {
        "@id": "node/12921794236",
        "amenity": "charging_station",
        "bicycle": "no",
        "capacity": "2",
        "fee": "yes",
        "operator": "Qwello",
        "operator:wikidata": "Q130302686"
      },
      "geometry": {
        "type": "Point",
        "coordinates": [
          13.4003478,
          52.5519972
        ]
      },
      "id": "node/12921794236"
    },
    {
      "type": "Feature",
      "properties": {
        "@id": "node/12923894066",
        "access": "yes",
        "addr:floor": "0",
        "amenity": "charging_station",
        "capacity": "2",
        "covered": "no",
        "fee": "yes",
        "level": "0",
        "operator": "EZE",
        "operator:wikidata": "Q127690117",
        "payment:girocard": "yes",
        "ref": "TTA 00 04 21*1;TTA 00 04 21*2",
        "source": "survey"
      },
      "geometry": {
        "type": "Point",
        "coordinates": [
          13.397638,
          52.5333422
        ]
      },
      "id": "node/12923894066"
    },
    {
      "type": "Feature",
      "properties": {
        "@id": "node/12926267195",
        "access": "private",
        "amenity": "charging_station",
        "capacity": "1"
      },
      "geometry": {
        "type": "Point",
        "coordinates": [
          13.4547755,
          52.5497045
        ]
      },
      "id": "node/12926267195"
    },
    {
      "type": "Feature",
      "properties": {
        "@id": "node/12941284454",
        "amenity": "charging_station",
        "bicycle": "no",
        "capacity": "2",
        "operator": "Berliner Stadtwerke"
      },
      "geometry": {
        "type": "Point",
        "coordinates": [
          13.205833,
          52.5403949
        ]
      },
      "id": "node/12941284454"
    },
    {
      "type": "Feature",
      "properties": {
        "@id": "node/12941301401",
        "amenity": "charging_station",
        "bicycle": "no",
        "capacity": "2",
        "operator": "Berliner Stadtwerke"
      },
      "geometry": {
        "type": "Point",
        "coordinates": [
          13.2058192,
          52.5403696
        ]
      },
      "id": "node/12941301401"
    },
    {
      "type": "Feature",
      "properties": {
        "@id": "node/12944865164",
        "access": "customers",
        "amenity": "charging_station",
        "capacity": "2",
        "motorcar": "yes"
      },
      "geometry": {
        "type": "Point",
        "coordinates": [
          13.4343369,
          52.4396344
        ]
      },
      "id": "node/12944865164"
    },
    {
      "type": "Feature",
      "properties": {
        "@id": "node/12944865165",
        "access": "customers",
        "amenity": "charging_station",
        "capacity": "2",
        "motorcar": "yes"
      },
      "geometry": {
        "type": "Point",
        "coordinates": [
          13.4343318,
          52.4397011
        ]
      },
      "id": "node/12944865165"
    },
    {
      "type": "Feature",
      "properties": {
        "@id": "node/12944865166",
        "access": "customers",
        "amenity": "charging_station",
        "capacity": "2",
        "motorcar": "yes"
      },
      "geometry": {
        "type": "Point",
        "coordinates": [
          13.4342934,
          52.4396999
        ]
      },
      "id": "node/12944865166"
    },
    {
      "type": "Feature",
      "properties": {
        "@id": "node/12971137383",
        "amenity": "charging_station",
        "capacity": "2",
        "mapillary": "1425832615485219"
      },
      "geometry": {
        "type": "Point",
        "coordinates": [
          13.5452112,
          52.5447385
        ]
      },
      "id": "node/12971137383"
    },
    {
      "type": "Feature",
      "properties": {
        "@id": "node/12973841229",
        "amenity": "charging_station",
        "capacity:charging": "2"
      },
      "geometry": {
        "type": "Point",
        "coordinates": [
          13.5433289,
          52.5421924
        ]
      },
      "id": "node/12973841229"
    },
    {
      "type": "Feature",
      "properties": {
        "@id": "node/12974054884",
        "access": "yes",
        "amenity": "charging_station",
        "bicycle": "no",
        "capacity": "1",
        "check_date": "2025-07-03",
        "fee": "yes",
        "operator": "Qwello",
        "operator:wikidata": "Q130302686"
      },
      "geometry": {
        "type": "Point",
        "coordinates": [
          13.3770603,
          52.5454967
        ]
      },
      "id": "node/12974054884"
    },
    {
      "type": "Feature",
      "properties": {
        "@id": "node/12974054885",
        "access": "yes",
        "amenity": "charging_station",
        "bicycle": "no",
        "capacity": "1",
        "check_date": "2025-07-03",
        "fee": "yes",
        "operator": "Qwello",
        "operator:wikidata": "Q130302686"
      },
      "geometry": {
        "type": "Point",
        "coordinates": [
          13.3770251,
          52.5454736
        ]
      },
      "id": "node/12974054885"
    },
    {
      "type": "Feature",
      "properties": {
        "@id": "node/12974557008",
        "amenity": "charging_station",
        "capacity": "2",
        "mapillary": "732277948945978",
        "orientation": "parallel"
      },
      "geometry": {
        "type": "Point",
        "coordinates": [
          13.5577585,
          52.5504688
        ]
      },
      "id": "node/12974557008"
    },
    {
      "type": "Feature",
      "properties": {
        "@id": "node/12980880599",
        "access": "yes",
        "addr:floor": "0",
        "addr:housenumber": "8",
        "addr:street": "Marksburgstraße",
        "amenity": "charging_station",
        "bicycle": "no",
        "capacity": "2",
        "check_date": "2025-07-05",
        "fee": "yes",
        "level": "0",
        "operator": "qwello"
      },
      "geometry": {
        "type": "Point",
        "coordinates": [
          13.5174184,
          52.4877141
        ]
      },
      "id": "node/12980880599"
    },
    {
      "type": "Feature",
      "properties": {
        "@id": "node/12981892393",
        "access": "yes",
        "amenity": "charging_station",
        "bicycle": "no",
        "capacity": "3",
        "operator": "Qwello",
        "operator:wikidata": "Q130302686"
      },
      "geometry": {
        "type": "Point",
        "coordinates": [
          13.4105342,
          52.5457213
        ]
      },
      "id": "node/12981892393"
    },
    {
      "type": "Feature",
      "properties": {
        "@id": "node/12982356151",
        "access": "yes",
        "amenity": "charging_station",
        "bicycle": "no",
        "brand": "qwello",
        "bus": "no",
        "capacity": "1",
        "covered": "no",
        "fee": "yes",
        "hgv": "no",
        "motorcar": "yes",
        "opening_hours": "24/7",
        "operator": "Qwello",
        "operator:wikidata": "Q130302686",
        "payment:app": "yes",
        "payment:apple_pay": "yes",
        "payment:google_pay": "yes",
        "payment:maestro": "yes",
        "payment:mastercard": "yes",
        "payment:samsung_pay": "yes",
        "payment:visa": "yes",
        "scooter": "no",
        "socket:type2": "1",
        "socket:type2:output": "22 kW",
        "socket:type2_cable": "1",
        "socket:type2_cable:output": "11 kW",
        "website": "https://qwello.de/de"
      },
      "geometry": {
        "type": "Point",
        "coordinates": [
          13.5751125,
          52.42214
        ]
      },
      "id": "node/12982356151"
    },
    {
      "type": "Feature",
      "properties": {
        "@id": "node/12982356152",
        "access": "yes",
        "amenity": "charging_station",
        "bicycle": "no",
        "brand": "qwello",
        "bus": "no",
        "capacity": "1",
        "covered": "no",
        "fee": "yes",
        "hgv": "no",
        "motorcar": "yes",
        "opening_hours": "24/7",
        "operator": "Qwello",
        "operator:wikidata": "Q130302686",
        "payment:app": "yes",
        "payment:apple_pay": "yes",
        "payment:google_pay": "yes",
        "payment:maestro": "yes",
        "payment:mastercard": "yes",
        "payment:samsung_pay": "yes",
        "payment:visa": "yes",
        "scooter": "no",
        "socket:type2": "1",
        "socket:type2:output": "22 kW",
        "socket:type2_cable": "1",
        "socket:type2_cable:output": "11 kW",
        "website": "https://qwello.de/de"
      },
      "geometry": {
        "type": "Point",
        "coordinates": [
          13.57504,
          52.4221149
        ]
      },
      "id": "node/12982356152"
    },
    {
      "type": "Feature",
      "properties": {
        "@id": "node/12988410483",
        "amenity": "charging_station",
        "capacity": "2",
        "motorcar": "yes",
        "operator": "Berliner Stadtwerke",
        "operator:wikidata": "Q21969102"
      },
      "geometry": {
        "type": "Point",
        "coordinates": [
          13.4232813,
          52.5012868
        ]
      },
      "id": "node/12988410483"
    },
    {
      "type": "Feature",
      "properties": {
        "@id": "node/12988426699",
        "amenity": "charging_station",
        "bicycle": "no",
        "capacity": "2",
        "motorcar": "yes",
        "operator": "EZE",
        "operator:wikidata": "Q127690117"
      },
      "geometry": {
        "type": "Point",
        "coordinates": [
          13.433164,
          52.5007156
        ]
      },
      "id": "node/12988426699"
    },
    {
      "type": "Feature",
      "properties": {
        "@id": "node/12989676438",
        "amenity": "charging_station",
        "capacity": "2",
        "motorcar": "yes"
      },
      "geometry": {
        "type": "Point",
        "coordinates": [
          13.3986581,
          52.4998225
        ]
      },
      "id": "node/12989676438"
    },
    {
      "type": "Feature",
      "properties": {
        "@id": "node/12990318111",
        "amenity": "charging_station",
        "capacity": "2",
        "motorcar": "yes",
        "operator": "Berliner Stadtwerke"
      },
      "geometry": {
        "type": "Point",
        "coordinates": [
          13.3955154,
          52.4931181
        ]
      },
      "id": "node/12990318111"
    },
    {
      "type": "Feature",
      "properties": {
        "@id": "node/12990318112",
        "amenity": "charging_station",
        "capacity": "2",
        "motorcar": "yes",
        "operator": "Berliner Stadtwerke"
      },
      "geometry": {
        "type": "Point",
        "coordinates": [
          13.3954497,
          52.4931256
        ]
      },
      "id": "node/12990318112"
    },
    {
      "type": "Feature",
      "properties": {
        "@id": "node/12992250976",
        "addr:housenumber": "35",
        "addr:street": "Schonensche Straße",
        "amenity": "charging_station",
        "capacity": "2",
        "name": "Ladestation"
      },
      "geometry": {
        "type": "Point",
        "coordinates": [
          13.4176327,
          52.5543015
        ]
      },
      "id": "node/12992250976"
    },
    {
      "type": "Feature",
      "properties": {
        "@id": "node/12994008702",
        "amenity": "charging_station",
        "bicycle": "no",
        "capacity": "2",
        "fee": "yes",
        "motorcar": "yes",
        "operator": "Berliner Stadtwerke"
      },
      "geometry": {
        "type": "Point",
        "coordinates": [
          13.3007148,
          52.523376
        ]
      },
      "id": "node/12994008702"
    },
    {
      "type": "Feature",
      "properties": {
        "@id": "node/12996983949",
        "access": "yes",
        "amenity": "charging_station",
        "brand": "Berliner Stadtwerke",
        "capacity": "2",
        "fee": "yes",
        "operator": "Berliner Stadtwerke",
        "operator:wikidata": "Q21969102"
      },
      "geometry": {
        "type": "Point",
        "coordinates": [
          13.5478643,
          52.5281334
        ]
      },
      "id": "node/12996983949"
    },
    {
      "type": "Feature",
      "properties": {
        "@id": "node/12999430835",
        "amenity": "charging_station",
        "fee": "yes",
        "motorcar": "yes",
        "motorcycle": "yes"
      },
      "geometry": {
        "type": "Point",
        "coordinates": [
          13.2886842,
          52.5234087
        ]
      },
      "id": "node/12999430835"
    },
    {
      "type": "Feature",
      "properties": {
        "@id": "node/12999994223",
        "amenity": "charging_station",
        "bicycle": "no",
        "capacity": "1",
        "motorcar": "yes",
        "operator": "Qwello",
        "start_date": "2025"
      },
      "geometry": {
        "type": "Point",
        "coordinates": [
          13.4341572,
          52.4778867
        ]
      },
      "id": "node/12999994223"
    },
    {
      "type": "Feature",
      "properties": {
        "@id": "node/12999994224",
        "amenity": "charging_station",
        "bicycle": "no",
        "capacity": "1",
        "motorcar": "yes",
        "operator": "Qwello",
        "start_date": "2025"
      },
      "geometry": {
        "type": "Point",
        "coordinates": [
          13.4341087,
          52.4778813
        ]
      },
      "id": "node/12999994224"
    },
    {
      "type": "Feature",
      "properties": {
        "@id": "node/12999994225",
        "amenity": "charging_station",
        "bicycle": "no",
        "capacity": "1",
        "motorcar": "yes",
        "operator": "Qwello",
        "start_date": "2025"
      },
      "geometry": {
        "type": "Point",
        "coordinates": [
          13.43406,
          52.477876
        ]
      },
      "id": "node/12999994225"
    },
    {
      "type": "Feature",
      "properties": {
        "@id": "node/12999994226",
        "amenity": "charging_station",
        "bicycle": "no",
        "capacity": "1",
        "motorcar": "yes",
        "operator": "Qwello",
        "start_date": "2025"
      },
      "geometry": {
        "type": "Point",
        "coordinates": [
          13.4340121,
          52.4778702
        ]
      },
      "id": "node/12999994226"
    },
    {
      "type": "Feature",
      "properties": {
        "@id": "node/13001784641",
        "amenity": "charging_station",
        "bicycle": "no",
        "capacity": "2",
        "operator": "ADAPT APARTMENTS",
        "socket:type2:output": "11 kW"
      },
      "geometry": {
        "type": "Point",
        "coordinates": [
          13.5327975,
          52.4324862
        ]
      },
      "id": "node/13001784641"
    },
    {
      "type": "Feature",
      "properties": {
        "@id": "node/13001784642",
        "amenity": "charging_station",
        "bicycle": "no",
        "capacity": "2",
        "operator": "ADAPT APARTMENTS",
        "socket:type2:output": "11 kW"
      },
      "geometry": {
        "type": "Point",
        "coordinates": [
          13.5328717,
          52.4325264
        ]
      },
      "id": "node/13001784642"
    },
    {
      "type": "Feature",
      "properties": {
        "@id": "node/13002295997",
        "amenity": "charging_station",
        "bicycle": "no",
        "capacity:motorcar": "1",
        "manufacturer": "Qwello",
        "operator": "Qwello",
        "operator:wikidata": "Q130302686"
      },
      "geometry": {
        "type": "Point",
        "coordinates": [
          13.4167949,
          52.5562043
        ]
      },
      "id": "node/13002295997"
    },
    {
      "type": "Feature",
      "properties": {
        "@id": "node/13002295998",
        "access": "yes",
        "amenity": "charging_station",
        "bicycle": "no",
        "capacity:motorcar": "1",
        "operator": "Qwello",
        "operator:wikidata": "Q130302686"
      },
      "geometry": {
        "type": "Point",
        "coordinates": [
          13.4167049,
          52.5562043
        ]
      },
      "id": "node/13002295998"
    },
    {
      "type": "Feature",
      "properties": {
        "@id": "node/13003906611",
        "amenity": "charging_station",
        "fee": "yes",
        "motorcar": "yes",
        "motorcycle": "yes"
      },
      "geometry": {
        "type": "Point",
        "coordinates": [
          13.3086183,
          52.519964
        ]
      },
      "id": "node/13003906611"
    },
    {
      "type": "Feature",
      "properties": {
        "@id": "node/13004049952",
        "amenity": "charging_station",
        "bicycle": "yes",
        "capacity:bicycle": "3",
        "fee": "no",
        "motorcar": "no",
        "name": "Solarladestation"
      },
      "geometry": {
        "type": "Point",
        "coordinates": [
          13.3437845,
          52.5420341
        ]
      },
      "id": "node/13004049952"
    },
    {
      "type": "Feature",
      "properties": {
        "@id": "node/13015165180",
        "amenity": "charging_station",
        "bicycle": "no",
        "capacity": "2",
        "fee": "yes",
        "motorcar": "yes",
        "motorcycle": "yes",
        "operator": "Berliner Stadtwerke"
      },
      "geometry": {
        "type": "Point",
        "coordinates": [
          13.2902509,
          52.5175861
        ]
      },
      "id": "node/13015165180"
    },
    {
      "type": "Feature",
      "properties": {
        "@id": "node/13015999472",
        "amenity": "charging_station",
        "bicycle": "no",
        "brand": "Berliner Stadtwerke",
        "capacity": "2",
        "operator": "Berliner Stadtwerke",
        "operator:wikidata": "Q21969102",
        "socket:type2": "2",
        "socket:type2:output": "22 kW",
        "website": "https://berlinerstadtwerke.de/oeffentliche-ladeinfrastruktur/"
      },
      "geometry": {
        "type": "Point",
        "coordinates": [
          13.350063,
          52.5589961
        ]
      },
      "id": "node/13015999472"
    },
    {
      "type": "Feature",
      "properties": {
        "@id": "node/13017527540",
        "amenity": "charging_station",
        "capacity": "2",
        "operator": "City Concept E-Ladestationen GmbH"
      },
      "geometry": {
        "type": "Point",
        "coordinates": [
          13.2879033,
          52.5137073
        ]
      },
      "id": "node/13017527540"
    },
    {
      "type": "Feature",
      "properties": {
        "@id": "node/13018743219",
        "amenity": "charging_station",
        "bicycle": "no",
        "capacity:motorcar": "2",
        "fee": "yes",
        "motorcar": "yes",
        "motorcycle": "yes",
        "operator": "Berliner Stadtwerke"
      },
      "geometry": {
        "type": "Point",
        "coordinates": [
          13.2965562,
          52.5175588
        ]
      },
      "id": "node/13018743219"
    },
    {
      "type": "Feature",
      "properties": {
        "@id": "node/13018821791",
        "amenity": "charging_station",
        "fee": "yes",
        "motorcar": "yes",
        "motorcycle": "yes"
      },
      "geometry": {
        "type": "Point",
        "coordinates": [
          13.3008534,
          52.5144029
        ]
      },
      "id": "node/13018821791"
    },
    {
      "type": "Feature",
      "properties": {
        "@id": "node/13020395398",
        "amenity": "charging_station",
        "bicycle": "no",
        "brand": "Vattenfall InCharge",
        "capacity": "6"
      },
      "geometry": {
        "type": "Point",
        "coordinates": [
          13.5561736,
          52.4342016
        ]
      },
      "id": "node/13020395398"
    },
    {
      "type": "Feature",
      "properties": {
        "@id": "node/13038821067",
        "amenity": "charging_station",
        "bicycle": "no",
        "capacity": "4",
        "operator": "Shell Recharge Solutions"
      },
      "geometry": {
        "type": "Point",
        "coordinates": [
          13.4967746,
          52.5183203
        ]
      },
      "id": "node/13038821067"
    },
    {
      "type": "Feature",
      "properties": {
        "@id": "node/13038901065",
        "amenity": "charging_station",
        "amperage": "32",
        "authentication:short_message": "yes",
        "brand": "Innogy",
        "brand:wikidata": "Q2124721",
        "brand:wikipedia": "de:Innogy",
        "capacity": "2",
        "name": "Innogy",
        "operator": "Innogy",
        "operator:wikidata": "Q2124721",
        "operator:wikipedia": "de:Innogy",
        "ref": "BA-1244-8 / BA-1235-6",
        "socket:type2": "2"
      },
      "geometry": {
        "type": "Point",
        "coordinates": [
          13.5743506,
          52.5405722
        ]
      },
      "id": "node/13038901065"
    },
    {
      "type": "Feature",
      "properties": {
        "@id": "node/13039494921",
        "amenity": "charging_station",
        "capacity": "2",
        "operator": "Berliner Stadtwerke",
        "operator:wikidata": "Q21969102"
      },
      "geometry": {
        "type": "Point",
        "coordinates": [
          13.455796,
          52.4960559
        ]
      },
      "id": "node/13039494921"
    },
    {
      "type": "Feature",
      "properties": {
        "@id": "node/13045113301",
        "access": "customers",
        "amenity": "charging_station",
        "authentication:app": "yes",
        "authentication:contactless": "yes",
        "fee": "yes",
        "motorcar": "yes",
        "motorcycle": "yes",
        "opening_hours": "24/7",
        "operator": "Vattenfall Smarter Living GmbH",
        "ref": "1115008,1115010",
        "socket:type2_combo": "4",
        "socket:type2_combo:output": "180 kW"
      },
      "geometry": {
        "type": "Point",
        "coordinates": [
          13.5835438,
          52.5146002
        ]
      },
      "id": "node/13045113301"
    },
    {
      "type": "Feature",
      "properties": {
        "@id": "node/13046329626",
        "amenity": "charging_station",
        "bicycle": "no",
        "capacity": "2",
        "operator": "Berliner Stadtwerke"
      },
      "geometry": {
        "type": "Point",
        "coordinates": [
          13.4702273,
          52.5565833
        ]
      },
      "id": "node/13046329626"
    },
    {
      "type": "Feature",
      "properties": {
        "@id": "node/13046496913",
        "access": "yes",
        "amenity": "charging_station",
        "bicycle": "no",
        "capacity": "4",
        "check_date": "2025-08-03",
        "operator": "Vattenfall InCharge"
      },
      "geometry": {
        "type": "Point",
        "coordinates": [
          13.4866613,
          52.5203586
        ]
      },
      "id": "node/13046496913"
    },
    {
      "type": "Feature",
      "properties": {
        "@id": "node/13048217513",
        "amenity": "charging_station",
        "capacity": "4"
      },
      "geometry": {
        "type": "Point",
        "coordinates": [
          13.3929428,
          52.5473885
        ]
      },
      "id": "node/13048217513"
    },
    {
      "type": "Feature",
      "properties": {
        "@id": "node/13052315758",
        "amenity": "charging_station",
        "capacity": "2",
        "operator": "Kaufland",
        "operator:wikidata": "Q685967",
        "socket:chademo": "1",
        "socket:chademo:output": "50 kW",
        "socket:type2": "1",
        "socket:type2:output": "43 kW",
        "socket:type2_combo": "1",
        "socket:type2_combo:output": "50 kW"
      },
      "geometry": {
        "type": "Point",
        "coordinates": [
          13.4071267,
          52.5222434
        ]
      },
      "id": "node/13052315758"
    },
    {
      "type": "Feature",
      "properties": {
        "@id": "node/13056323250",
        "amenity": "charging_station"
      },
      "geometry": {
        "type": "Point",
        "coordinates": [
          13.3571508,
          52.5624574
        ]
      },
      "id": "node/13056323250"
    },
    {
      "type": "Feature",
      "properties": {
        "@id": "node/13057782621",
        "amenity": "charging_station",
        "bicycle": "no",
        "capacity": "2",
        "fee": "yes",
        "motorcar": "yes",
        "operator": "Berliner Stadtwerke"
      },
      "geometry": {
        "type": "Point",
        "coordinates": [
          13.3214414,
          52.5147246
        ]
      },
      "id": "node/13057782621"
    },
    {
      "type": "Feature",
      "properties": {
        "@id": "node/13059783190",
        "amenity": "charging_station"
      },
      "geometry": {
        "type": "Point",
        "coordinates": [
          13.3737277,
          52.5732738
        ]
      },
      "id": "node/13059783190"
    },
    {
      "type": "Feature",
      "properties": {
        "@id": "node/13066260937",
        "amenity": "charging_station",
        "capacity": "2",
        "fee": "yes",
        "motorcar": "yes",
        "motorcycle": "yes"
      },
      "geometry": {
        "type": "Point",
        "coordinates": [
          13.2030992,
          52.5352533
        ]
      },
      "id": "node/13066260937"
    },
    {
      "type": "Feature",
      "properties": {
        "@id": "node/13069445415",
        "amenity": "charging_station",
        "capacity": "2",
        "fee": "yes",
        "motorcar": "yes",
        "motorcycle": "yes"
      },
      "geometry": {
        "type": "Point",
        "coordinates": [
          13.1873598,
          52.5371206
        ]
      },
      "id": "node/13069445415"
    },
    {
      "type": "Feature",
      "properties": {
        "@id": "node/13071563716",
        "access": "yes",
        "amenity": "charging_station",
        "bicycle": "no",
        "bus": "no",
        "capacity": "2",
        "fee": "yes",
        "hgv": "no",
        "motorcar": "yes",
        "opening_hours": "24/7",
        "operator": "EDEKA",
        "operator:wikidata": "Q701755"
      },
      "geometry": {
        "type": "Point",
        "coordinates": [
          13.2990196,
          52.4418348
        ]
      },
      "id": "node/13071563716"
    },
    {
      "type": "Feature",
      "properties": {
        "@id": "node/13071574252",
        "access": "yes",
        "amenity": "charging_station",
        "bicycle": "no",
        "bus": "no",
        "capacity": "2",
        "fee": "yes",
        "hgv": "no",
        "motorcar": "yes",
        "operator": "Kaufland",
        "operator:wikidata": "Q685967",
        "scooter": "no"
      },
      "geometry": {
        "type": "Point",
        "coordinates": [
          13.3123312,
          52.4234139
        ]
      },
      "id": "node/13071574252"
    },
    {
      "type": "Feature",
      "properties": {
        "@id": "node/13071574253",
        "access": "yes",
        "amenity": "charging_station",
        "bicycle": "no",
        "bus": "no",
        "capacity": "2",
        "fee": "yes",
        "hgv": "no",
        "motorcar": "yes",
        "operator": "EWE Go",
        "operator:wikidata": "Q103162514",
        "scooter": "no"
      },
      "geometry": {
        "type": "Point",
        "coordinates": [
          13.313445,
          52.4197987
        ]
      },
      "id": "node/13071574253"
    },
    {
      "type": "Feature",
      "properties": {
        "@id": "node/13071591314",
        "access": "yes",
        "amenity": "charging_station",
        "bicycle": "no",
        "bus": "no",
        "capacity": "2",
        "fee": "yes",
        "hgv": "no",
        "motorcar": "yes",
        "opening_hours": "24/7",
        "operator": "be emobil",
        "scooter": "no",
        "socket:type2": "2"
      },
      "geometry": {
        "type": "Point",
        "coordinates": [
          13.2923351,
          52.4365745
        ]
      },
      "id": "node/13071591314"
    },
    {
      "type": "Feature",
      "properties": {
        "@id": "node/13071591315",
        "access": "yes",
        "amenity": "charging_station",
        "bicycle": "no",
        "bus": "no",
        "capacity": "2",
        "fee": "yes",
        "hgv": "no",
        "motorcar": "yes",
        "operator": "Kaufland",
        "operator:wikidata": "Q685967",
        "scooter": "no"
      },
      "geometry": {
        "type": "Point",
        "coordinates": [
          13.2861747,
          52.4173575
        ]
      },
      "id": "node/13071591315"
    },
    {
      "type": "Feature",
      "properties": {
        "@id": "node/13071591316",
        "access": "yes",
        "amenity": "charging_station",
        "bicycle": "no",
        "bus": "no",
        "capacity": "12",
        "fee": "yes",
        "hgv": "no",
        "motorcar": "yes",
        "opening_hours": "24/7",
        "operator": "Pfalzwerke",
        "operator:wikidata": "Q2082280",
        "scooter": "no"
      },
      "geometry": {
        "type": "Point",
        "coordinates": [
          13.2878103,
          52.417526
        ]
      },
      "id": "node/13071591316"
    },
    {
      "type": "Feature",
      "properties": {
        "@id": "node/13082022147",
        "amenity": "charging_station",
        "brand": "ubitricity",
        "brand:wikidata": "Q113699692",
        "capacity": "1",
        "description": "Straßenlaterne",
        "name": "ubitricity",
        "operator": "ubitricity",
        "operator:wikidata": "Q113699692",
        "socket:type2": "1",
        "socket:type2:output": "3.7 kW"
      },
      "geometry": {
        "type": "Point",
        "coordinates": [
          13.3025008,
          52.4129747
        ]
      },
      "id": "node/13082022147"
    },
    {
      "type": "Feature",
      "properties": {
        "@id": "node/13082022148",
        "amenity": "charging_station",
        "brand": "ubitricity",
        "brand:wikidata": "Q113699692",
        "capacity": "1",
        "description": "Straßenlaterne",
        "name": "ubitricity",
        "operator": "ubitricity",
        "operator:wikidata": "Q113699692",
        "socket:type2": "1",
        "socket:type2:output": "3.7 kW"
      },
      "geometry": {
        "type": "Point",
        "coordinates": [
          13.3022654,
          52.4132005
        ]
      },
      "id": "node/13082022148"
    },
    {
      "type": "Feature",
      "properties": {
        "@id": "node/13082022149",
        "amenity": "charging_station",
        "brand": "ubitricity",
        "brand:wikidata": "Q113699692",
        "capacity": "1",
        "description": "Straßenlaterne",
        "name": "ubitricity",
        "operator": "ubitricity",
        "operator:wikidata": "Q113699692",
        "socket:type2": "1",
        "socket:type2:output": "3.7 kW"
      },
      "geometry": {
        "type": "Point",
        "coordinates": [
          13.302022,
          52.4134238
        ]
      },
      "id": "node/13082022149"
    },
    {
      "type": "Feature",
      "properties": {
        "@id": "node/13084116862",
        "amenity": "charging_station"
      },
      "geometry": {
        "type": "Point",
        "coordinates": [
          13.3147421,
          52.5779203
        ]
      },
      "id": "node/13084116862"
    },
    {
      "type": "Feature",
      "properties": {
        "@id": "node/13084686450",
        "access": "yes",
        "addr:floor": "0",
        "addr:housenumber": "44",
        "addr:street": "Ella-Barowsky-Straße",
        "amenity": "charging_station",
        "brand": "Mennekes",
        "capacity": "2",
        "check_date": "2025-08-20",
        "covered": "no",
        "fee": "yes",
        "level": "0",
        "manufacturer": "Mennekes",
        "opening_hours": "24/7",
        "operator": "ENGIE Deutschland GmbH",
        "payment:app": "yes",
        "payment:cash": "no",
        "payment:credit_cards": "yes",
        "payment:debit_cards": "yes",
        "payment:dkv": "yes"
      },
      "geometry": {
        "type": "Point",
        "coordinates": [
          13.3610087,
          52.4770451
        ]
      },
      "id": "node/13084686450"
    },
    {
      "type": "Feature",
      "properties": {
        "@id": "node/13089514437",
        "access": "yes",
        "addr:floor": "0",
        "addr:housenumber": "19",
        "addr:street": "Nordbahnstraße",
        "amenity": "charging_station",
        "check_date": "2025-08-22",
        "fee": "yes",
        "level": "0"
      },
      "geometry": {
        "type": "Point",
        "coordinates": [
          13.3784171,
          52.5721522
        ]
      },
      "id": "node/13089514437"
    },
    {
      "type": "Feature",
      "properties": {
        "@id": "node/13096752392",
        "amenity": "charging_station"
      },
      "geometry": {
        "type": "Point",
        "coordinates": [
          13.5902083,
          52.5231897
        ]
      },
      "id": "node/13096752392"
    },
    {
      "type": "Feature",
      "properties": {
        "@id": "node/13096752393",
        "amenity": "charging_station"
      },
      "geometry": {
        "type": "Point",
        "coordinates": [
          13.5902461,
          52.5231832
        ]
      },
      "id": "node/13096752393"
    },
    {
      "type": "Feature",
      "properties": {
        "@id": "node/13097870695",
        "access": "yes",
        "amenity": "charging_station",
        "brand": "EZE",
        "capacity": "2",
        "operator": "EZE",
        "operator:wikidata": "Q127690117",
        "socket:type2:output": "22 kW"
      },
      "geometry": {
        "type": "Point",
        "coordinates": [
          13.5181094,
          52.442649
        ]
      },
      "id": "node/13097870695"
    },
    {
      "type": "Feature",
      "properties": {
        "@id": "node/13100211370",
        "amenity": "charging_station",
        "fixme": "position"
      },
      "geometry": {
        "type": "Point",
        "coordinates": [
          13.4959862,
          52.6339477
        ]
      },
      "id": "node/13100211370"
    },
    {
      "type": "Feature",
      "properties": {
        "@id": "node/13112331650",
        "access": "yes",
        "amenity": "charging_station",
        "capacity": "2",
        "operator": "Berliner Stadtwerke",
        "operator:wikidata": "Q21969102",
        "ref:EU:EVSE": "DE*BSW*E604436*436,DE*BSW*E604436*437"
      },
      "geometry": {
        "type": "Point",
        "coordinates": [
          13.4287457,
          52.5366886
        ]
      },
      "id": "node/13112331650"
    },
    {
      "type": "Feature",
      "properties": {
        "@id": "node/13112809814",
        "access": "yes",
        "amenity": "charging_station",
        "bicycle": "no",
        "bus": "no",
        "capacity": "2",
        "check_date": "2025-09-01",
        "fee": "yes",
        "hgv": "no",
        "level": "0",
        "motorcar": "yes",
        "operator": "Senatsverwaltung für Mobilität, Verkehr, Klimaschutz und Umwelt",
        "payment:cash": "yes",
        "payment:debit_cards": "yes",
        "scooter": "no",
        "socket:type2": "1"
      },
      "geometry": {
        "type": "Point",
        "coordinates": [
          13.3751873,
          52.5703853
        ]
      },
      "id": "node/13112809814"
    },
    {
      "type": "Feature",
      "properties": {
        "@id": "node/13114645362",
        "access": "yes",
        "amenity": "charging_station",
        "brand": "Moon Power",
        "capacity": "1",
        "operator": "Moon Power GmbH",
        "socket:type2:output": "75"
      },
      "geometry": {
        "type": "Point",
        "coordinates": [
          13.5214453,
          52.4278322
        ]
      },
      "id": "node/13114645362"
    },
    {
      "type": "Feature",
      "properties": {
        "@id": "node/13114654870",
        "access": "yes",
        "amenity": "charging_station",
        "brand": "Moon Power",
        "capacity": "2",
        "operator": "MOON POWER GmbH",
        "socket:type2:output": "150"
      },
      "geometry": {
        "type": "Point",
        "coordinates": [
          13.5213694,
          52.42783
        ]
      },
      "id": "node/13114654870"
    },
    {
      "type": "Feature",
      "properties": {
        "@id": "node/13114690176",
        "access": "yes",
        "amenity": "charging_station",
        "brand": "Moon Power",
        "capacity": "2",
        "operator": "Moon Power GmbH",
        "socket:type2:output": "22 kW"
      },
      "geometry": {
        "type": "Point",
        "coordinates": [
          13.5214962,
          52.4278388
        ]
      },
      "id": "node/13114690176"
    },
    {
      "type": "Feature",
      "properties": {
        "@id": "node/13114814457",
        "access": "yes",
        "amenity": "charging_station",
        "capacity": "3",
        "operator": "ubitricity",
        "socket:type2:output": "3 kW"
      },
      "geometry": {
        "type": "Point",
        "coordinates": [
          13.517405,
          52.441579
        ]
      },
      "id": "node/13114814457"
    },
    {
      "type": "Feature",
      "properties": {
        "@id": "node/13115837590",
        "amenity": "charging_station",
        "capacity": "1",
        "operator": "ubitricity",
        "socket:type2:output": "3 kW"
      },
      "geometry": {
        "type": "Point",
        "coordinates": [
          13.5200117,
          52.4399796
        ]
      },
      "id": "node/13115837590"
    },
    {
      "type": "Feature",
      "properties": {
        "@id": "node/13115851540",
        "amenity": "charging_station",
        "capacity": "1",
        "operator": "ubitricity",
        "socket:type2:output": "3 kW"
      },
      "geometry": {
        "type": "Point",
        "coordinates": [
          13.5197689,
          52.4401448
        ]
      },
      "id": "node/13115851540"
    },
    {
      "type": "Feature",
      "properties": {
        "@id": "node/13115851541",
        "amenity": "charging_station",
        "capacity": "1",
        "operator": "ubitricity",
        "socket:type2:output": "3 kW"
      },
      "geometry": {
        "type": "Point",
        "coordinates": [
          13.520502,
          52.4396452
        ]
      },
      "id": "node/13115851541"
    },
    {
      "type": "Feature",
      "properties": {
        "@id": "node/13115851542",
        "amenity": "charging_station",
        "capacity": "1",
        "operator": "ubitricity",
        "socket:type2:output": "3 kW"
      },
      "geometry": {
        "type": "Point",
        "coordinates": [
          13.5206492,
          52.4395441
        ]
      },
      "id": "node/13115851542"
    },
    {
      "type": "Feature",
      "properties": {
        "@id": "node/13115864285",
        "access": "yes",
        "amenity": "charging_station",
        "capacity": "26",
        "operator": "LichtBlick eMobility GmbH",
        "socket:type2:output": "11 kW"
      },
      "geometry": {
        "type": "Point",
        "coordinates": [
          13.5253476,
          52.4429632
        ]
      },
      "id": "node/13115864285"
    },
    {
      "type": "Feature",
      "properties": {
        "@id": "node/13115864286",
        "access": "yes",
        "amenity": "charging_station",
        "capacity": "2",
        "operator": "LichtBlick eMobility GmbH",
        "socket:type2:output": "22 kW"
      },
      "geometry": {
        "type": "Point",
        "coordinates": [
          13.5247561,
          52.4431595
        ]
      },
      "id": "node/13115864286"
    },
    {
      "type": "Feature",
      "properties": {
        "@id": "node/13115899603",
        "access": "yes",
        "amenity": "charging_station",
        "capacity": "2",
        "operator": "reev GmbH - (DEONE)",
        "socket:type2:output": "22 kW"
      },
      "geometry": {
        "type": "Point",
        "coordinates": [
          13.5152854,
          52.4317268
        ]
      },
      "id": "node/13115899603"
    },
    {
      "type": "Feature",
      "properties": {
        "@id": "node/13143100189",
        "amenity": "charging_station",
        "capacity": "2",
        "capacity:charging": "2"
      },
      "geometry": {
        "type": "Point",
        "coordinates": [
          13.5642272,
          52.4698107
        ]
      },
      "id": "node/13143100189"
    },
    {
      "type": "Feature",
      "properties": {
        "@id": "node/13144056957",
        "access": "yes",
        "amenity": "charging_station",
        "bicycle": "no",
        "brand": "ubitricity",
        "brand:wikidata": "Q113699692",
        "capacity": "5",
        "name": "ubitricity",
        "operator": "ubitricity",
        "operator:wikidata": "Q113699692",
        "socket:type2:output": "3,7 kW"
      },
      "geometry": {
        "type": "Point",
        "coordinates": [
          13.5256709,
          52.4333843
        ]
      },
      "id": "node/13144056957"
    },
    {
      "type": "Feature",
      "properties": {
        "@id": "node/13144065042",
        "access": "yes",
        "amenity": "charging_station",
        "bicycle": "no",
        "brand": "ubitricity",
        "brand:wikidata": "Q113699692",
        "capacity": "5",
        "fixme": "alle 4 Ladepunkte hier sind in die Laterne integriert",
        "operator": "ubitricity",
        "operator:wikidata": "Q113699692",
        "socket:type2:output": "3,7 kW"
      },
      "geometry": {
        "type": "Point",
        "coordinates": [
          13.5268679,
          52.4340763
        ]
      },
      "id": "node/13144065042"
    },
    {
      "type": "Feature",
      "properties": {
        "@id": "node/13144065043",
        "access": "yes",
        "amenity": "charging_station",
        "bicycle": "no",
        "brand": "ubitricity",
        "brand:wikidata": "Q113699692",
        "capacity": "5",
        "operator": "ubitricity",
        "operator:wikidata": "Q113699692",
        "socket:type2:output": "3,7 kW"
      },
      "geometry": {
        "type": "Point",
        "coordinates": [
          13.5262303,
          52.4337062
        ]
      },
      "id": "node/13144065043"
    },
    {
      "type": "Feature",
      "properties": {
        "@id": "node/13144065044",
        "access": "yes",
        "amenity": "charging_station",
        "bicycle": "no",
        "brand": "ubitricity",
        "brand:wikidata": "Q113699692",
        "capacity": "5",
        "operator": "ubitricity",
        "operator:wikidata": "Q113699692",
        "socket:type2:output": "3,7 kW"
      },
      "geometry": {
        "type": "Point",
        "coordinates": [
          13.5265095,
          52.4338674
        ]
      },
      "id": "node/13144065044"
    },
    {
      "type": "Feature",
      "properties": {
        "@id": "node/13147591763",
        "access": "yes",
        "addr:floor": "0",
        "amenity": "charging_station",
        "bicycle": "no",
        "brand": "Shell Recharge",
        "capacity": "2",
        "check_date": "2025-09-16",
        "fee": "yes",
        "level": "0",
        "payment:cash": "yes",
        "payment:credit_cards": "yes"
      },
      "geometry": {
        "type": "Point",
        "coordinates": [
          13.36613,
          52.57218
        ]
      },
      "id": "node/13147591763"
    },
    {
      "type": "Feature",
      "properties": {
        "@id": "node/13147591779",
        "access": "yes",
        "addr:floor": "0",
        "amenity": "charging_station",
        "bicycle": "no",
        "brand": "Shell Recharge",
        "capacity": "2",
        "check_date": "2025-09-16",
        "fee": "yes",
        "level": "0",
        "payment:cash": "yes",
        "payment:credit_cards": "yes"
      },
      "geometry": {
        "type": "Point",
        "coordinates": [
          13.3661952,
          52.572135
        ]
      },
      "id": "node/13147591779"
    },
    {
      "type": "Feature",
      "properties": {
        "@id": "node/13147591786",
        "access": "yes",
        "addr:floor": "0",
        "amenity": "charging_station",
        "bicycle": "no",
        "brand": "Shell Recharge",
        "capacity": "2",
        "check_date": "2025-09-16",
        "fee": "yes",
        "level": "0",
        "payment:cash": "yes",
        "payment:credit_cards": "yes"
      },
      "geometry": {
        "type": "Point",
        "coordinates": [
          13.3660414,
          52.5722243
        ]
      },
      "id": "node/13147591786"
    },
    {
      "type": "Feature",
      "properties": {
        "@id": "node/13149231652",
        "access": "yes",
        "amenity": "charging_station",
        "capacity": "2",
        "operator": "EZE",
        "operator:wikidata": "Q127690117"
      },
      "geometry": {
        "type": "Point",
        "coordinates": [
          13.4830553,
          52.4970242
        ]
      },
      "id": "node/13149231652"
    },
    {
      "type": "Feature",
      "properties": {
        "@id": "node/13149231653",
        "access": "yes",
        "amenity": "charging_station",
        "capacity": "2",
        "operator": "Berliner Stadtwerke",
        "operator:wikidata": "Q21969102"
      },
      "geometry": {
        "type": "Point",
        "coordinates": [
          13.4810984,
          52.4979264
        ]
      },
      "id": "node/13149231653"
    },
    {
      "type": "Feature",
      "properties": {
        "@id": "node/13150532852",
        "amenity": "charging_station",
        "capacity": "2",
        "operator": "Berliner Stadtwerke",
        "operator:wikidata": "Q21969102"
      },
      "geometry": {
        "type": "Point",
        "coordinates": [
          13.3421058,
          52.4944474
        ]
      },
      "id": "node/13150532852"
    },
    {
      "type": "Feature",
      "properties": {
        "@id": "node/13154671197",
        "access": "yes",
        "amenity": "charging_station",
        "capacity": "1",
        "charge": "0.50 EUR",
        "fee": "yes",
        "operator": "Ladegrün! GmbH",
        "payment:girocard": "yes",
        "ref": "DE*LAD*EGRUEN20145*01"
      },
      "geometry": {
        "type": "Point",
        "coordinates": [
          13.6556103,
          52.4155335
        ]
      },
      "id": "node/13154671197"
    },
    {
      "type": "Feature",
      "properties": {
        "@id": "node/13154739621",
        "access": "yes",
        "amenity": "charging_station",
        "capacity": "2",
        "fee": "yes",
        "operator": "Berliner Stadtwerke GmbH",
        "payment:app": "yes"
      },
      "geometry": {
        "type": "Point",
        "coordinates": [
          13.6646989,
          52.4108473
        ]
      },
      "id": "node/13154739621"
    },
    {
      "type": "Feature",
      "properties": {
        "@id": "node/13155213153",
        "amenity": "charging_station",
        "bicycle": "no",
        "capacity:motorcar": "2"
      },
      "geometry": {
        "type": "Point",
        "coordinates": [
          13.5845377,
          52.438946
        ]
      },
      "id": "node/13155213153"
    },
    {
      "type": "Feature",
      "properties": {
        "@id": "node/13159912165",
        "amenity": "charging_station",
        "bicycle": "no",
        "capacity": "2",
        "motor_vehicle": "yes",
        "operator": "Berliner Stadtwerke"
      },
      "geometry": {
        "type": "Point",
        "coordinates": [
          13.4534853,
          52.5014375
        ]
      },
      "id": "node/13159912165"
    },
    {
      "type": "Feature",
      "properties": {
        "@id": "node/13162431602",
        "amenity": "charging_station",
        "capacity": "2",
        "fee": "yes",
        "operator": "PaechElektro",
        "socket:type2": "2",
        "socket:type2:output": "22kW",
        "website": "https://www.paechelektro.de/unternehmen/elektro/ladestation-service/ladepunkte"
      },
      "geometry": {
        "type": "Point",
        "coordinates": [
          13.4835122,
          52.6115058
        ]
      },
      "id": "node/13162431602"
    },
    {
      "type": "Feature",
      "properties": {
        "@id": "node/13162431603",
        "amenity": "charging_station",
        "capacity": "2",
        "fee": "yes",
        "operator": "PaechElektro",
        "socket:type2": "2",
        "socket:type2:output": "22kW",
        "website": "https://www.paechelektro.de/unternehmen/elektro/ladestation-service/ladepunkte"
      },
      "geometry": {
        "type": "Point",
        "coordinates": [
          13.4833263,
          52.6115665
        ]
      },
      "id": "node/13162431603"
    },
    {
      "type": "Feature",
      "properties": {
        "@id": "node/13168109961",
        "amenity": "charging_station",
        "bicycle": "no",
        "capacity": "2",
        "operator": "Qwello",
        "operator:wikidata": "Q130302686"
      },
      "geometry": {
        "type": "Point",
        "coordinates": [
          13.4186144,
          52.5588437
        ]
      },
      "id": "node/13168109961"
    },
    {
      "type": "Feature",
      "properties": {
        "@id": "node/13168152646",
        "amenity": "charging_station",
        "bicycle": "no",
        "capacity": "2",
        "operator": "Qwello",
        "operator:wikidata": "Q130302686"
      },
      "geometry": {
        "type": "Point",
        "coordinates": [
          13.4187424,
          52.5588449
        ]
      },
      "id": "node/13168152646"
    },
    {
      "type": "Feature",
      "properties": {
        "@id": "node/13169591219",
        "amenity": "charging_station",
        "capacity": "2",
        "fee": "yes",
        "motorcar": "yes",
        "motorcycle": "yes"
      },
      "geometry": {
        "type": "Point",
        "coordinates": [
          13.5088723,
          52.4026173
        ]
      },
      "id": "node/13169591219"
    },
    {
      "type": "Feature",
      "properties": {
        "@id": "node/13176477697",
        "amenity": "charging_station",
        "bicycle": "no",
        "capacity": "2",
        "operator": "Berliner Stadtwerke"
      },
      "geometry": {
        "type": "Point",
        "coordinates": [
          13.4029789,
          52.4315117
        ]
      },
      "id": "node/13176477697"
    },
    {
      "type": "Feature",
      "properties": {
        "@id": "node/13179835306",
        "access": "yes",
        "amenity": "charging_station",
        "authentication:app": "yes",
        "authentication:membership_card": "yes",
        "capacity": "2",
        "fee": "yes",
        "motorcar": "yes",
        "opening_hours": "24/7",
        "parking:fee": "no",
        "socket:type2": "2",
        "socket:type2:output": "22 kW"
      },
      "geometry": {
        "type": "Point",
        "coordinates": [
          13.2562276,
          52.4345416
        ]
      },
      "id": "node/13179835306"
    },
    {
      "type": "Feature",
      "properties": {
        "@id": "node/13179854062",
        "access": "yes",
        "amenity": "charging_station",
        "authentication:app": "yes",
        "authentication:membership_card": "yes",
        "capacity": "2",
        "fee": "yes",
        "motorcar": "yes",
        "opening_hours": "24/7",
        "parking:fee": "no",
        "socket:type2": "2",
        "socket:type2:output": "22 kW"
      },
      "geometry": {
        "type": "Point",
        "coordinates": [
          13.2596705,
          52.4382094
        ]
      },
      "id": "node/13179854062"
    },
    {
      "type": "Feature",
      "properties": {
        "@id": "node/13183825588",
        "amenity": "charging_station",
        "capacity": "2",
        "fee": "yes",
        "motorcar": "yes",
        "motorcycle": "yes"
      },
      "geometry": {
        "type": "Point",
        "coordinates": [
          13.3087222,
          52.4792341
        ]
      },
      "id": "node/13183825588"
    },
    {
      "type": "Feature",
      "properties": {
        "@id": "node/13184729070",
        "access": "yes",
        "amenity": "charging_station",
        "bicycle": "no",
        "capacity": "2",
        "fee": "yes",
        "operator": "EZE",
        "operator:wikidata": "Q127690117"
      },
      "geometry": {
        "type": "Point",
        "coordinates": [
          13.3798543,
          52.5326071
        ]
      },
      "id": "node/13184729070"
    },
    {
      "type": "Feature",
      "properties": {
        "@id": "node/13205439350",
        "amenity": "charging_station",
        "capacity": "2"
      },
      "geometry": {
        "type": "Point",
        "coordinates": [
          13.3421058,
          52.4992525
        ]
      },
      "id": "node/13205439350"
    },
    {
      "type": "Feature",
      "properties": {
        "@id": "node/13205462752",
        "amenity": "charging_station",
        "capacity": "2"
      },
      "geometry": {
        "type": "Point",
        "coordinates": [
          13.3365566,
          52.5006831
        ]
      },
      "id": "node/13205462752"
    },
    {
      "type": "Feature",
      "properties": {
        "@id": "node/13206264661",
        "access": "yes",
        "amenity": "charging_station",
        "bicycle": "no",
        "capacity": "32",
        "operator": "Pfalzwerke"
      },
      "geometry": {
        "type": "Point",
        "coordinates": [
          13.5511943,
          52.4291715
        ]
      },
      "id": "node/13206264661"
    },
    {
      "type": "Feature",
      "properties": {
        "@id": "node/13206264662",
        "access": "yes",
        "amenity": "charging_station",
        "bicycle": "no",
        "brand": "Alpitronic HYC300",
        "capacity": "300",
        "operator": "Pfalzwerk"
      },
      "geometry": {
        "type": "Point",
        "coordinates": [
          13.5512305,
          52.4291952
        ]
      },
      "id": "node/13206264662"
    },
    {
      "type": "Feature",
      "properties": {
        "@id": "node/13206264663",
        "access": "yes",
        "amenity": "charging_station",
        "bicycle": "no",
        "brand": "Alpitronic HYC300",
        "capacity": "300",
        "operator": "Pfalzwerke"
      },
      "geometry": {
        "type": "Point",
        "coordinates": [
          13.5512654,
          52.4292197
        ]
      },
      "id": "node/13206264663"
    },
    {
      "type": "Feature",
      "properties": {
        "@id": "node/13206264664",
        "access": "yes",
        "amenity": "charging_station",
        "bicycle": "no",
        "brand": "Alpitronic HYC300",
        "capacity": "300",
        "operator": "Pfalzwerke"
      },
      "geometry": {
        "type": "Point",
        "coordinates": [
          13.5513016,
          52.4292434
        ]
      },
      "id": "node/13206264664"
    },
    {
      "type": "Feature",
      "properties": {
        "@id": "node/13206264665",
        "access": "yes",
        "amenity": "charging_station",
        "bicycle": "no",
        "brand": "Alpitronic HYC300",
        "capacity": "300",
        "operator": "Pfalzwerke"
      },
      "geometry": {
        "type": "Point",
        "coordinates": [
          13.5513378,
          52.4292663
        ]
      },
      "id": "node/13206264665"
    },
    {
      "type": "Feature",
      "properties": {
        "@id": "node/13207078850",
        "amenity": "charging_station",
        "bicycle": "no",
        "capacity": "2",
        "fee": "yes"
      },
      "geometry": {
        "type": "Point",
        "coordinates": [
          13.3256095,
          52.4714883
        ]
      },
      "id": "node/13207078850"
    },
    {
      "type": "Feature",
      "properties": {
        "@id": "node/13227963621",
        "amenity": "charging_station",
        "capacity": "2",
        "operator": "e-on"
      },
      "geometry": {
        "type": "Point",
        "coordinates": [
          13.3400725,
          52.4701565
        ]
      },
      "id": "node/13227963621"
    },
    {
      "type": "Feature",
      "properties": {
        "@id": "node/13230527472",
        "access": "private",
        "amenity": "charging_station",
        "capacity": "2"
      },
      "geometry": {
        "type": "Point",
        "coordinates": [
          13.3087337,
          52.5664431
        ]
      },
      "id": "node/13230527472"
    },
    {
      "type": "Feature",
      "properties": {
        "@id": "node/13230582400",
        "amenity": "charging_station"
      },
      "geometry": {
        "type": "Point",
        "coordinates": [
          13.3163442,
          52.5651339
        ]
      },
      "id": "node/13230582400"
    },
    {
      "type": "Feature",
      "properties": {
        "@id": "node/13230594357",
        "amenity": "charging_station"
      },
      "geometry": {
        "type": "Point",
        "coordinates": [
          13.3161876,
          52.5649707
        ]
      },
      "id": "node/13230594357"
    },
    {
      "type": "Feature",
      "properties": {
        "@id": "node/13230594358",
        "amenity": "charging_station"
      },
      "geometry": {
        "type": "Point",
        "coordinates": [
          13.3160166,
          52.5647822
        ]
      },
      "id": "node/13230594358"
    },
    {
      "type": "Feature",
      "properties": {
        "@id": "node/13230601673",
        "access": "yes",
        "amenity": "charging_station",
        "capacity": "2"
      },
      "geometry": {
        "type": "Point",
        "coordinates": [
          13.3166782,
          52.5672433
        ]
      },
      "id": "node/13230601673"
    },
    {
      "type": "Feature",
      "properties": {
        "@id": "node/13232676661",
        "amenity": "charging_station",
        "capacity": "2",
        "fee": "yes"
      },
      "geometry": {
        "type": "Point",
        "coordinates": [
          13.3375742,
          52.4755019
        ]
      },
      "id": "node/13232676661"
    },
    {
      "type": "Feature",
      "properties": {
        "@id": "node/13235114497",
        "amenity": "charging_station",
        "capacity": "2",
        "fee": "yes",
        "motorcar": "yes"
      },
      "geometry": {
        "type": "Point",
        "coordinates": [
          13.4225044,
          52.452377
        ]
      },
      "id": "node/13235114497"
    },
    {
      "type": "Feature",
      "properties": {
        "@id": "node/13244057075",
        "amenity": "charging_station",
        "bicycle": "no",
        "capacity:motorcar": "2",
        "operator": "Mercedes-Benz"
      },
      "geometry": {
        "type": "Point",
        "coordinates": [
          13.3305508,
          52.5146067
        ]
      },
      "id": "node/13244057075"
    },
    {
      "type": "Feature",
      "properties": {
        "@id": "node/13244057076",
        "amenity": "charging_station",
        "bicycle": "no",
        "capacity:motorcar": "2",
        "operator": "Mercedes-Benz"
      },
      "geometry": {
        "type": "Point",
        "coordinates": [
          13.3305863,
          52.5145169
        ]
      },
      "id": "node/13244057076"
    },
    {
      "type": "Feature",
      "properties": {
        "@id": "node/13244057077",
        "amenity": "charging_station",
        "bicycle": "no",
        "capacity:motorcar": "2",
        "operator": "Mercedes-Benz"
      },
      "geometry": {
        "type": "Point",
        "coordinates": [
          13.3305694,
          52.5145596
        ]
      },
      "id": "node/13244057077"
    },
    {
      "type": "Feature",
      "properties": {
        "@id": "node/13244057078",
        "amenity": "charging_station",
        "bicycle": "no",
        "capacity:motorcar": "2",
        "operator": "Mercedes-Benz"
      },
      "geometry": {
        "type": "Point",
        "coordinates": [
          13.3305295,
          52.5146485
        ]
      },
      "id": "node/13244057078"
    },
    {
      "type": "Feature",
      "properties": {
        "@id": "node/13244253800",
        "access": "yes",
        "amenity": "charging_station",
        "brand": "Vattenfall InCharge",
        "capacity": "4",
        "operator": "Vattenfall"
      },
      "geometry": {
        "type": "Point",
        "coordinates": [
          13.510598,
          52.4448563
        ]
      },
      "id": "node/13244253800"
    },
    {
      "type": "Feature",
      "properties": {
        "@id": "node/13248567191",
        "access": "yes",
        "amenity": "charging_station",
        "bicycle": "no",
        "capacity:motorcar": "1",
        "check_date": "2026-03-26",
        "check_date:capacity:motorcar": "2026-03-26",
        "covered": "no",
        "fee": "yes",
        "level": "0",
        "opening_hours": "24/7",
        "operator": "Berliner Stadtwerke",
        "operator:wikidata": "Q21969102"
      },
      "geometry": {
        "type": "Point",
        "coordinates": [
          13.4774279,
          52.5142204
        ]
      },
      "id": "node/13248567191"
    },
    {
      "type": "Feature",
      "properties": {
        "@id": "node/13249606154",
        "amenity": "charging_station"
      },
      "geometry": {
        "type": "Point",
        "coordinates": [
          13.2258308,
          52.5571026
        ]
      },
      "id": "node/13249606154"
    },
    {
      "type": "Feature",
      "properties": {
        "@id": "node/13270586299",
        "access": "yes",
        "amenity": "charging_station",
        "capacity": "2",
        "check_date": "2025-10-30",
        "covered": "no",
        "fee": "yes",
        "manufacturer": "Alpitronic",
        "network": "EnBW",
        "socket:type2": "1",
        "socket:type2_combo": "2",
        "socket:type2_combo:output": "150"
      },
      "geometry": {
        "type": "Point",
        "coordinates": [
          13.3760965,
          52.4982065
        ]
      },
      "id": "node/13270586299"
    },
    {
      "type": "Feature",
      "properties": {
        "@id": "node/13270586300",
        "access": "yes",
        "amenity": "charging_station",
        "capacity": "2",
        "check_date": "2025-10-30",
        "covered": "no",
        "fee": "yes",
        "manufacturer": "Alpitronic",
        "network": "EnBW",
        "socket:type2_combo": "2",
        "socket:type2_combo:output": "300"
      },
      "geometry": {
        "type": "Point",
        "coordinates": [
          13.3761479,
          52.4982289
        ]
      },
      "id": "node/13270586300"
    },
    {
      "type": "Feature",
      "properties": {
        "@id": "node/13273345089",
        "access": "customers",
        "amenity": "charging_station",
        "brand": "enBW",
        "capacity": "2",
        "operator": "EnBW Energie Baden-Württemberg AG",
        "operator:wikidata": "Q644304"
      },
      "geometry": {
        "type": "Point",
        "coordinates": [
          13.565884,
          52.5068477
        ]
      },
      "id": "node/13273345089"
    },
    {
      "type": "Feature",
      "properties": {
        "@id": "node/13273345090",
        "access": "customers",
        "amenity": "charging_station",
        "brand": "enBW",
        "capacity": "2",
        "operator": "EnBW Energie Baden-Württemberg AG",
        "operator:wikidata": "Q644304"
      },
      "geometry": {
        "type": "Point",
        "coordinates": [
          13.5658449,
          52.5067898
        ]
      },
      "id": "node/13273345090"
    },
    {
      "type": "Feature",
      "properties": {
        "@id": "node/13273345091",
        "access": "customers",
        "amenity": "charging_station",
        "brand": "enBW",
        "capacity": "2",
        "operator": "EnBW Energie Baden-Württemberg AG",
        "operator:wikidata": "Q644304"
      },
      "geometry": {
        "type": "Point",
        "coordinates": [
          13.5658833,
          52.5067778
        ]
      },
      "id": "node/13273345091"
    },
    {
      "type": "Feature",
      "properties": {
        "@id": "node/13273345092",
        "access": "customers",
        "amenity": "charging_station",
        "brand": "enBW",
        "capacity": "2",
        "operator": "EnBW Energie Baden-Württemberg AG",
        "operator:wikidata": "Q644304"
      },
      "geometry": {
        "type": "Point",
        "coordinates": [
          13.5659239,
          52.5068364
        ]
      },
      "id": "node/13273345092"
    },
    {
      "type": "Feature",
      "properties": {
        "@id": "node/13273942329",
        "amenity": "charging_station",
        "capacity": "2",
        "motorcar": "yes"
      },
      "geometry": {
        "type": "Point",
        "coordinates": [
          13.4644104,
          52.4279894
        ]
      },
      "id": "node/13273942329"
    },
    {
      "type": "Feature",
      "properties": {
        "@id": "node/13284592793",
        "addr:postcode": "13507",
        "amenity": "charging_station",
        "capacity": "2",
        "opening_hours": "24/7"
      },
      "geometry": {
        "type": "Point",
        "coordinates": [
          13.2793242,
          52.5940117
        ]
      },
      "id": "node/13284592793"
    },
    {
      "type": "Feature",
      "properties": {
        "@id": "node/13288917831",
        "amenity": "charging_station",
        "capacity": "2"
      },
      "geometry": {
        "type": "Point",
        "coordinates": [
          13.3015989,
          52.4473783
        ]
      },
      "id": "node/13288917831"
    },
    {
      "type": "Feature",
      "properties": {
        "@id": "node/13288917832",
        "amenity": "charging_station",
        "capacity": "2",
        "operator": "Berliner Stadtwerke"
      },
      "geometry": {
        "type": "Point",
        "coordinates": [
          13.3041577,
          52.448401
        ]
      },
      "id": "node/13288917832"
    },
    {
      "type": "Feature",
      "properties": {
        "@id": "node/13288917841",
        "access": "yes",
        "amenity": "charging_station",
        "brand": "TotalEnergies Marketing Deutschland GmbH",
        "capacity": "2",
        "operator": "Tankstelle"
      },
      "geometry": {
        "type": "Point",
        "coordinates": [
          13.3151191,
          52.4520281
        ]
      },
      "id": "node/13288917841"
    },
    {
      "type": "Feature",
      "properties": {
        "@id": "node/13288917842",
        "access": "yes",
        "amenity": "charging_station",
        "brand": "MENNEKES Digital Services",
        "capacity": "2",
        "operator": "Tankstelle"
      },
      "geometry": {
        "type": "Point",
        "coordinates": [
          13.3150922,
          52.4520515
        ]
      },
      "id": "node/13288917842"
    },
    {
      "type": "Feature",
      "properties": {
        "@id": "node/13288917843",
        "amenity": "charging_station",
        "capacity": "2",
        "operator": "ubitricity"
      },
      "geometry": {
        "type": "Point",
        "coordinates": [
          13.3108728,
          52.457199
        ]
      },
      "id": "node/13288917843"
    },
    {
      "type": "Feature",
      "properties": {
        "@id": "node/13288917848",
        "amenity": "charging_station",
        "capacity": "2",
        "operator": "Qwello",
        "operator:wikidata": "Q130302686"
      },
      "geometry": {
        "type": "Point",
        "coordinates": [
          13.3184554,
          52.4532342
        ]
      },
      "id": "node/13288917848"
    },
    {
      "type": "Feature",
      "properties": {
        "@id": "node/13288917853",
        "access": "yes",
        "amenity": "charging_station",
        "capacity": "2",
        "operator": "GreenFlux"
      },
      "geometry": {
        "type": "Point",
        "coordinates": [
          13.3201673,
          52.4572205
        ]
      },
      "id": "node/13288917853"
    },
    {
      "type": "Feature",
      "properties": {
        "@id": "node/13288917858",
        "amenity": "charging_station",
        "brand": "Shell EV Charging Solutions Germany GmbH",
        "operator": "Parkhaus Einkaufszentrum"
      },
      "geometry": {
        "type": "Point",
        "coordinates": [
          13.3198893,
          52.4574669
        ]
      },
      "id": "node/13288917858"
    },
    {
      "type": "Feature",
      "properties": {
        "@id": "node/13290562066",
        "amenity": "charging_station",
        "bicycle": "no",
        "capacity": "2",
        "operator": "Jolt"
      },
      "geometry": {
        "type": "Point",
        "coordinates": [
          13.3384354,
          52.558516
        ]
      },
      "id": "node/13290562066"
    },
    {
      "type": "Feature",
      "properties": {
        "@id": "node/13298864363",
        "amenity": "charging_station",
        "bicycle": "no",
        "brand": "Compleo",
        "capacity": "2"
      },
      "geometry": {
        "type": "Point",
        "coordinates": [
          13.4204681,
          52.5179733
        ]
      },
      "id": "node/13298864363"
    },
    {
      "type": "Feature",
      "properties": {
        "@id": "node/13301710209",
        "amenity": "charging_station",
        "bicycle": "no",
        "capacity:motorcar": "2",
        "operator": "Berliner Stadtwerke"
      },
      "geometry": {
        "type": "Point",
        "coordinates": [
          13.4162392,
          52.5703891
        ]
      },
      "id": "node/13301710209"
    },
    {
      "type": "Feature",
      "properties": {
        "@id": "node/13304492208",
        "access": "yes",
        "amenity": "charging_station",
        "capacity": "2",
        "motorcar": "yes"
      },
      "geometry": {
        "type": "Point",
        "coordinates": [
          13.4600861,
          52.4340421
        ]
      },
      "id": "node/13304492208"
    },
    {
      "type": "Feature",
      "properties": {
        "@id": "node/13316272740",
        "amenity": "charging_station",
        "brand": "Shell Recharge",
        "capacity": "1",
        "fee": "yes",
        "motorcar": "yes",
        "operator": "ubitricity"
      },
      "geometry": {
        "type": "Point",
        "coordinates": [
          13.4299174,
          52.4950311
        ]
      },
      "id": "node/13316272740"
    },
    {
      "type": "Feature",
      "properties": {
        "@id": "node/13316533031",
        "amenity": "charging_station",
        "capacity": "2"
      },
      "geometry": {
        "type": "Point",
        "coordinates": [
          13.4798846,
          52.4847271
        ]
      },
      "id": "node/13316533031"
    },
    {
      "type": "Feature",
      "properties": {
        "@id": "node/13317860111",
        "amenity": "charging_station",
        "capacity": "2"
      },
      "geometry": {
        "type": "Point",
        "coordinates": [
          13.4897012,
          52.4694816
        ]
      },
      "id": "node/13317860111"
    },
    {
      "type": "Feature",
      "properties": {
        "@id": "node/13321896781",
        "access": "no",
        "amenity": "charging_station",
        "check_date": "2025-11-21",
        "operator": "Berliner Stadtwerke",
        "taxi": "designated"
      },
      "geometry": {
        "type": "Point",
        "coordinates": [
          13.3481494,
          52.5425543
        ]
      },
      "id": "node/13321896781"
    },
    {
      "type": "Feature",
      "properties": {
        "@id": "node/13326746324",
        "access": "yes",
        "amenity": "charging_station",
        "bicycle": "no",
        "capacity": "2",
        "operator": "Qwello",
        "operator:wikidata": "Q130302686",
        "payment:credit_cards": "yes",
        "socket:type2_cable": "2",
        "socket:type2_cable:output": "11 kW",
        "website": "https://qwello.de/"
      },
      "geometry": {
        "type": "Point",
        "coordinates": [
          13.3358988,
          52.5627112
        ]
      },
      "id": "node/13326746324"
    },
    {
      "type": "Feature",
      "properties": {
        "@id": "node/13326746325",
        "access": "yes",
        "amenity": "charging_station",
        "capacity": "2",
        "operator": "Qwello",
        "operator:wikidata": "Q130302686",
        "payment:credit_cards": "yes",
        "socket:type2_cable": "2",
        "socket:type2_cable:output": "11 kW",
        "website": "https://qwello.de/"
      },
      "geometry": {
        "type": "Point",
        "coordinates": [
          13.3351383,
          52.5613512
        ]
      },
      "id": "node/13326746325"
    },
    {
      "type": "Feature",
      "properties": {
        "@id": "node/13335986369",
        "amenity": "charging_station",
        "bicycle": "no",
        "capacity": "2",
        "check_date": "2026-07-31",
        "fee": "yes",
        "operator": "EZE"
      },
      "geometry": {
        "type": "Point",
        "coordinates": [
          13.4798209,
          52.5042289
        ]
      },
      "id": "node/13335986369"
    },
    {
      "type": "Feature",
      "properties": {
        "@id": "node/13336184090",
        "amenity": "charging_station",
        "capacity": "2",
        "operator": "Berliner Stadtwerke",
        "operator:wikidata": "Q21969102"
      },
      "geometry": {
        "type": "Point",
        "coordinates": [
          13.5191938,
          52.4610947
        ]
      },
      "id": "node/13336184090"
    },
    {
      "type": "Feature",
      "properties": {
        "@id": "node/13338157314",
        "amenity": "charging_station",
        "bicycle": "no",
        "capacity": "2",
        "check_date": "2025-11-28",
        "fee": "yes",
        "operator": "Berliner Stadtwerke",
        "payment:mastercard": "yes",
        "payment:paypal": "yes",
        "payment:visa": "yes"
      },
      "geometry": {
        "type": "Point",
        "coordinates": [
          13.3755109,
          52.5061088
        ]
      },
      "id": "node/13338157314"
    },
    {
      "type": "Feature",
      "properties": {
        "@id": "node/13338453514",
        "amenity": "charging_station",
        "bicycle": "no",
        "capacity": "2",
        "fee": "yes",
        "operator": "Berliner Stadtwerke"
      },
      "geometry": {
        "type": "Point",
        "coordinates": [
          13.4992143,
          52.5074321
        ]
      },
      "id": "node/13338453514"
    },
    {
      "type": "Feature",
      "properties": {
        "@id": "node/13338453557",
        "amenity": "charging_station",
        "capacity": "2",
        "fee": "yes",
        "motorcar": "yes",
        "motorcycle": "yes",
        "operator": "Shell Recharge Solutions",
        "operator:wikidata": "Q105883058"
      },
      "geometry": {
        "type": "Point",
        "coordinates": [
          13.4999818,
          52.5101578
        ]
      },
      "id": "node/13338453557"
    },
    {
      "type": "Feature",
      "properties": {
        "@id": "node/13338453558",
        "amenity": "charging_station",
        "capacity": "2",
        "fee": "yes",
        "motorcar": "yes",
        "motorcycle": "yes",
        "operator": "Shell Recharge Solutions",
        "operator:wikidata": "Q105883058"
      },
      "geometry": {
        "type": "Point",
        "coordinates": [
          13.4998946,
          52.5101759
        ]
      },
      "id": "node/13338453558"
    },
    {
      "type": "Feature",
      "properties": {
        "@id": "node/13344311069",
        "amenity": "charging_station",
        "bicycle": "no",
        "capacity": "2",
        "operator": "Qwello"
      },
      "geometry": {
        "type": "Point",
        "coordinates": [
          13.4912261,
          52.5063887
        ]
      },
      "id": "node/13344311069"
    },
    {
      "type": "Feature",
      "properties": {
        "@id": "node/13344463489",
        "amenity": "charging_station",
        "bicycle": "no",
        "capacity:motorcar": "2",
        "operator": "Berliner Stadtwerke",
        "operator:wikidata": "Q21969102"
      },
      "geometry": {
        "type": "Point",
        "coordinates": [
          13.4031819,
          52.5158349
        ]
      },
      "id": "node/13344463489"
    },
    {
      "type": "Feature",
      "properties": {
        "@id": "node/13344592944",
        "access": "yes",
        "amenity": "charging_station",
        "bicycle": "no",
        "capacity": "4",
        "check_date": "2026-07-24",
        "operator": "TotalEnergies"
      },
      "geometry": {
        "type": "Point",
        "coordinates": [
          13.4819902,
          52.5110001
        ]
      },
      "id": "node/13344592944"
    },
    {
      "type": "Feature",
      "properties": {
        "@id": "node/13344592945",
        "amenity": "charging_station",
        "bicycle": "no",
        "capacity": "2",
        "check_date": "2026-07-24",
        "operator": "TotalEnergies"
      },
      "geometry": {
        "type": "Point",
        "coordinates": [
          13.4820247,
          52.5110387
        ]
      },
      "id": "node/13344592945"
    },
    {
      "type": "Feature",
      "properties": {
        "@id": "node/13344681195",
        "amenity": "charging_station",
        "bicycle": "no",
        "capacity:motorcar": "1",
        "operator": "Qwello"
      },
      "geometry": {
        "type": "Point",
        "coordinates": [
          13.330724,
          52.5921623
        ]
      },
      "id": "node/13344681195"
    },
    {
      "type": "Feature",
      "properties": {
        "@id": "node/13344691062",
        "amenity": "charging_station",
        "bicycle": "no",
        "capacity:motorcar": "1",
        "operator": "Qwello"
      },
      "geometry": {
        "type": "Point",
        "coordinates": [
          13.3307926,
          52.592136
        ]
      },
      "id": "node/13344691062"
    },
    {
      "type": "Feature",
      "properties": {
        "@id": "node/13353078478",
        "amenity": "charging_station",
        "bicycle": "no",
        "capacity:motorcar": "4",
        "operator": "TotalEnergies"
      },
      "geometry": {
        "type": "Point",
        "coordinates": [
          13.4315319,
          52.5212096
        ]
      },
      "id": "node/13353078478"
    },
    {
      "type": "Feature",
      "properties": {
        "@id": "node/13353240585",
        "amenity": "charging_station",
        "capacity": "2",
        "operator": "Allego",
        "operator:wikidata": "Q75560554"
      },
      "geometry": {
        "type": "Point",
        "coordinates": [
          13.6167503,
          52.5048968
        ]
      },
      "id": "node/13353240585"
    },
    {
      "type": "Feature",
      "properties": {
        "@id": "node/13353240586",
        "amenity": "charging_station",
        "capacity": "2",
        "operator": "EWE Go",
        "operator:wikidata": "Q103162514"
      },
      "geometry": {
        "type": "Point",
        "coordinates": [
          13.623408,
          52.5041056
        ]
      },
      "id": "node/13353240586"
    },
    {
      "type": "Feature",
      "properties": {
        "@id": "node/13355139170",
        "access": "yes",
        "amenity": "charging_station",
        "brand": "Qwello",
        "capacity": "2",
        "operator": "Qwello",
        "operator:wikidata": "Q130302686",
        "payment:credit_cards": "yes",
        "socket:type2_cable": "2",
        "socket:type2_cable:output": "11 kW",
        "website": "https://qwello.de"
      },
      "geometry": {
        "type": "Point",
        "coordinates": [
          13.3214201,
          52.5683094
        ]
      },
      "id": "node/13355139170"
    },
    {
      "type": "Feature",
      "properties": {
        "@id": "node/13355139171",
        "access": "yes",
        "amenity": "charging_station",
        "brand": "Qwello",
        "capacity": "2",
        "operator": "Qwello",
        "operator:wikidata": "Q130302686",
        "payment:credit_cards": "yes",
        "socket:type2_cable": "2",
        "socket:type2_cable:output": "11 kW",
        "website": "https://qwello.de"
      },
      "geometry": {
        "type": "Point",
        "coordinates": [
          13.3205103,
          52.566721
        ]
      },
      "id": "node/13355139171"
    },
    {
      "type": "Feature",
      "properties": {
        "@id": "node/13355293851",
        "access": "yes",
        "amenity": "charging_station",
        "bicycle": "no",
        "brand": "ubitricity",
        "brand:wikidata": "Q113699692",
        "capacity": "2",
        "name": "ubitricity",
        "operator": "ubitricity",
        "operator:wikidata": "Q113699692",
        "payment:credit_cards": "no",
        "socket:type2": "2",
        "socket:type2:output": "22 kW",
        "website": "https://ubitricity.com/de/fahrer/"
      },
      "geometry": {
        "type": "Point",
        "coordinates": [
          13.3449135,
          52.5632798
        ]
      },
      "id": "node/13355293851"
    },
    {
      "type": "Feature",
      "properties": {
        "@id": "node/13355293852",
        "access": "yes",
        "amenity": "charging_station",
        "bicycle": "no",
        "brand": "ubitricity",
        "brand:wikidata": "Q113699692",
        "capacity": "2",
        "name": "ubitricity",
        "operator": "ubitricity",
        "operator:wikidata": "Q113699692",
        "payment:credit_cards": "no",
        "socket:type2": "2",
        "socket:type2:output": "22 kW",
        "website": "https://ubitricity.com/de/fahrer/"
      },
      "geometry": {
        "type": "Point",
        "coordinates": [
          13.3449294,
          52.5644688
        ]
      },
      "id": "node/13355293852"
    },
    {
      "type": "Feature",
      "properties": {
        "@id": "node/13355293853",
        "access": "yes",
        "amenity": "charging_station",
        "bicycle": "no",
        "brand": "ubitricity",
        "brand:wikidata": "Q113699692",
        "capacity": "2",
        "name": "ubitricity",
        "operator": "ubitricity",
        "operator:wikidata": "Q113699692",
        "payment:credit_cards": "yes",
        "socket:type2": "2",
        "socket:type2:output": "22 kW",
        "website": "https://ubitricity.com/de/fahrer/"
      },
      "geometry": {
        "type": "Point",
        "coordinates": [
          13.3412307,
          52.5650458
        ]
      },
      "id": "node/13355293853"
    },
    {
      "type": "Feature",
      "properties": {
        "@id": "node/13355309056",
        "access": "yes",
        "amenity": "charging_station",
        "brand": "Berliner Stadtwerke",
        "capacity": "2",
        "operator": "Berliner Stadtwerke",
        "operator:wikidata": "Q21969102",
        "socket:type2": "2",
        "socket:type2:output": "22 kW",
        "website": "https://berlinerstadtwerke.de/oeffentliche-ladeinfrastruktur/"
      },
      "geometry": {
        "type": "Point",
        "coordinates": [
          13.2982211,
          52.5735367
        ]
      },
      "id": "node/13355309056"
    },
    {
      "type": "Feature",
      "properties": {
        "@id": "node/13360125082",
        "amenity": "charging_station",
        "bicycle": "no"
      },
      "geometry": {
        "type": "Point",
        "coordinates": [
          13.2765972,
          52.5118731
        ]
      },
      "id": "node/13360125082"
    },
    {
      "type": "Feature",
      "properties": {
        "@id": "node/13360137475",
        "amenity": "charging_station",
        "bicycle": "no",
        "capacity:motorcar": "1",
        "operator": "Qwello",
        "operator:wikidata": "Q130302686"
      },
      "geometry": {
        "type": "Point",
        "coordinates": [
          13.2765514,
          52.5119602
        ]
      },
      "id": "node/13360137475"
    },
    {
      "type": "Feature",
      "properties": {
        "@id": "node/13362049402",
        "amenity": "charging_station",
        "capacity": "2",
        "fee": "yes"
      },
      "geometry": {
        "type": "Point",
        "coordinates": [
          13.5196202,
          52.4847373
        ]
      },
      "id": "node/13362049402"
    },
    {
      "type": "Feature",
      "properties": {
        "@id": "node/13363713185",
        "amenity": "charging_station",
        "bicycle": "no",
        "capacity:motorcar": "2",
        "fee": "yes",
        "motorcar": "yes",
        "motorcycle": "yes",
        "operator": "Berliner Stadtwerke"
      },
      "geometry": {
        "type": "Point",
        "coordinates": [
          13.5042388,
          52.5149463
        ]
      },
      "id": "node/13363713185"
    },
    {
      "type": "Feature",
      "properties": {
        "@id": "node/13369500461",
        "amenity": "charging_station",
        "bicycle": "no",
        "capacity:motorcar": "2",
        "fee": "yes",
        "operator": "Qwello"
      },
      "geometry": {
        "type": "Point",
        "coordinates": [
          13.4492592,
          52.5301154
        ]
      },
      "id": "node/13369500461"
    },
    {
      "type": "Feature",
      "properties": {
        "@id": "node/13369861315",
        "amenity": "charging_station",
        "bicycle": "no",
        "capacity": "2",
        "operator": "Berliner Stadtwerke",
        "operator:wikidata": "Q21969102"
      },
      "geometry": {
        "type": "Point",
        "coordinates": [
          13.4641596,
          52.5273193
        ]
      },
      "id": "node/13369861315"
    },
    {
      "type": "Feature",
      "properties": {
        "@id": "node/13369950178",
        "amenity": "charging_station",
        "capacity": "2",
        "operator": "Berliner Stadtwerke",
        "operator:wikidata": "Q21969102"
      },
      "geometry": {
        "type": "Point",
        "coordinates": [
          13.444858,
          52.5392798
        ]
      },
      "id": "node/13369950178"
    },
    {
      "type": "Feature",
      "properties": {
        "@id": "node/13370573067",
        "amenity": "charging_station",
        "bicycle": "no",
        "capacity": "2",
        "motorcar": "yes",
        "operator": "EZE",
        "operator:wikidata": "Q127690117",
        "ref:EU:EVSE": "DE*EZE*ETTA00 06 75*01"
      },
      "geometry": {
        "type": "Point",
        "coordinates": [
          13.4639104,
          52.5003661
        ]
      },
      "id": "node/13370573067"
    },
    {
      "type": "Feature",
      "properties": {
        "@id": "node/13371621418",
        "amenity": "charging_station",
        "capacity": "2",
        "operator": "Vattenfall"
      },
      "geometry": {
        "type": "Point",
        "coordinates": [
          13.2984925,
          52.4131156
        ]
      },
      "id": "node/13371621418"
    },
    {
      "type": "Feature",
      "properties": {
        "@id": "node/13371621419",
        "amenity": "charging_station",
        "capacity": "2",
        "operator": "Vattenfall"
      },
      "geometry": {
        "type": "Point",
        "coordinates": [
          13.2984344,
          52.4130682
        ]
      },
      "id": "node/13371621419"
    },
    {
      "type": "Feature",
      "properties": {
        "@id": "node/13371788256",
        "addr:housenumber": "2",
        "addr:street": "Cohnstraße",
        "amenity": "charging_station",
        "capacity": "1",
        "opening_hours": "24/7",
        "operator": "Qwello",
        "operator:wikidata": "Q130302686"
      },
      "geometry": {
        "type": "Point",
        "coordinates": [
          13.4464636,
          52.5469167
        ]
      },
      "id": "node/13371788256"
    },
    {
      "type": "Feature",
      "properties": {
        "@id": "node/13371788257",
        "addr:housenumber": "2",
        "addr:street": "Cohnstraße",
        "amenity": "charging_station",
        "capacity": "1",
        "opening_hours": "24/7",
        "operator": "Qwello",
        "operator:wikidata": "Q130302686"
      },
      "geometry": {
        "type": "Point",
        "coordinates": [
          13.4465039,
          52.5468915
        ]
      },
      "id": "node/13371788257"
    },
    {
      "type": "Feature",
      "properties": {
        "@id": "node/13371788258",
        "addr:housenumber": "2",
        "addr:street": "Cohnstraße",
        "amenity": "charging_station",
        "capacity": "1",
        "opening_hours": "24/7",
        "operator": "Qwello",
        "operator:wikidata": "Q130302686"
      },
      "geometry": {
        "type": "Point",
        "coordinates": [
          13.4465307,
          52.5468609
        ]
      },
      "id": "node/13371788258"
    },
    {
      "type": "Feature",
      "properties": {
        "@id": "node/13378741574",
        "amenity": "charging_station",
        "bicycle": "no",
        "capacity": "2",
        "operator": "Greenman Energy"
      },
      "geometry": {
        "type": "Point",
        "coordinates": [
          13.5589611,
          52.507054
        ]
      },
      "id": "node/13378741574"
    },
    {
      "type": "Feature",
      "properties": {
        "@id": "node/13378741575",
        "amenity": "charging_station",
        "bicycle": "no",
        "capacity": "2",
        "operator": "Greenman Energy"
      },
      "geometry": {
        "type": "Point",
        "coordinates": [
          13.5589507,
          52.5069894
        ]
      },
      "id": "node/13378741575"
    },
    {
      "type": "Feature",
      "properties": {
        "@id": "node/13378741576",
        "amenity": "charging_station",
        "bicycle": "no",
        "capacity": "2",
        "operator": "Greenman Energy"
      },
      "geometry": {
        "type": "Point",
        "coordinates": [
          13.5589555,
          52.5070254
        ]
      },
      "id": "node/13378741576"
    },
    {
      "type": "Feature",
      "properties": {
        "@id": "node/13383913154",
        "amenity": "charging_station",
        "capacity": "2",
        "fee": "yes"
      },
      "geometry": {
        "type": "Point",
        "coordinates": [
          13.4117314,
          52.5432562
        ]
      },
      "id": "node/13383913154"
    },
    {
      "type": "Feature",
      "properties": {
        "@id": "node/13388220101",
        "amenity": "charging_station",
        "opening_hours": "24/7",
        "operator": "Shell",
        "socket:unknown": "2"
      },
      "geometry": {
        "type": "Point",
        "coordinates": [
          13.4251016,
          52.4581912
        ]
      },
      "id": "node/13388220101"
    },
    {
      "type": "Feature",
      "properties": {
        "@id": "node/13388220201",
        "amenity": "charging_station",
        "opening_hours": "24/7",
        "operator": "Shell",
        "socket:unknown": "2",
        "socket:unknown:output": "150"
      },
      "geometry": {
        "type": "Point",
        "coordinates": [
          13.4251718,
          52.4582278
        ]
      },
      "id": "node/13388220201"
    },
    {
      "type": "Feature",
      "properties": {
        "@id": "node/13388220301",
        "amenity": "charging_station",
        "opening_hours": "24/7",
        "operator": "Shell",
        "socket:unknown": "2",
        "socket:unknown:output": "150"
      },
      "geometry": {
        "type": "Point",
        "coordinates": [
          13.4252557,
          52.4582618
        ]
      },
      "id": "node/13388220301"
    },
    {
      "type": "Feature",
      "properties": {
        "@id": "node/13391527983",
        "amenity": "charging_station",
        "capacity": "2",
        "motorcar": "yes"
      },
      "geometry": {
        "type": "Point",
        "coordinates": [
          13.4138394,
          52.5064099
        ]
      },
      "id": "node/13391527983"
    },
    {
      "type": "Feature",
      "properties": {
        "@id": "node/13391815418",
        "amenity": "charging_station",
        "bicycle": "no",
        "capacity": "2",
        "operator": "Berliner Stadtwerke",
        "ref:EU:EVSE": "DE*BSW*E603221*221"
      },
      "geometry": {
        "type": "Point",
        "coordinates": [
          13.3045406,
          52.4886651
        ]
      },
      "id": "node/13391815418"
    },
    {
      "type": "Feature",
      "properties": {
        "@id": "node/13393617938",
        "access": "yes",
        "amenity": "charging_station",
        "capacity": "2",
        "check_date": "2025-12-18",
        "covered": "no"
      },
      "geometry": {
        "type": "Point",
        "coordinates": [
          13.5047664,
          52.5090502
        ]
      },
      "id": "node/13393617938"
    },
    {
      "type": "Feature",
      "properties": {
        "@id": "node/13397977248",
        "amenity": "charging_station",
        "capacity": "2",
        "fee": "yes"
      },
      "geometry": {
        "type": "Point",
        "coordinates": [
          13.3857016,
          52.5298011
        ]
      },
      "id": "node/13397977248"
    },
    {
      "type": "Feature",
      "properties": {
        "@id": "node/13406467753",
        "access": "yes",
        "amenity": "charging_station",
        "bicycle": "no",
        "capacity": "2",
        "fee": "yes",
        "operator": "Compleo Charging Technologies GmbH"
      },
      "geometry": {
        "type": "Point",
        "coordinates": [
          13.2963015,
          52.5136274
        ]
      },
      "id": "node/13406467753"
    },
    {
      "type": "Feature",
      "properties": {
        "@id": "node/13413032079",
        "access": "yes",
        "amenity": "charging_station",
        "brand": "ubitricity",
        "brand:wikidata": "Q113699692",
        "capacity": "2",
        "name": "ubitricity",
        "operator": "ubitricity",
        "operator:wikidata": "Q113699692",
        "socket:type2": "2",
        "socket:type2:output": "22 kW",
        "website": "https://ubitricity.com/de/fahrer/"
      },
      "geometry": {
        "type": "Point",
        "coordinates": [
          13.3496604,
          52.5714454
        ]
      },
      "id": "node/13413032079"
    },
    {
      "type": "Feature",
      "properties": {
        "@id": "node/13413035130",
        "access": "yes",
        "amenity": "charging_station",
        "brand": "Qwello",
        "capacity": "2",
        "operator": "Qwello",
        "operator:wikidata": "Q130302686",
        "payment:credit_cards": "yes",
        "socket:type2_cable": "2",
        "socket:type2_cable:output": "11 kW",
        "website": "https://qwello.de/"
      },
      "geometry": {
        "type": "Point",
        "coordinates": [
          13.3447041,
          52.5725143
        ]
      },
      "id": "node/13413035130"
    },
    {
      "type": "Feature",
      "properties": {
        "@id": "node/13413035208",
        "amenity": "charging_station",
        "brand": "ubitricity",
        "brand:wikidata": "Q113699692",
        "capacity": "2",
        "name": "ubitricity",
        "operator": "ubitricity",
        "operator:wikidata": "Q113699692",
        "socket:type2": "2",
        "socket:type2:output": "22 kW",
        "website": "https://ubitricity.com/de/fahrer/"
      },
      "geometry": {
        "type": "Point",
        "coordinates": [
          13.3396117,
          52.5738347
        ]
      },
      "id": "node/13413035208"
    },
    {
      "type": "Feature",
      "properties": {
        "@id": "node/13413038448",
        "amenity": "charging_station",
        "brand": "ubitricity",
        "brand:wikidata": "Q113699692",
        "capacity": "2",
        "name": "ubitricity",
        "operator": "ubitricity",
        "operator:wikidata": "Q113699692",
        "socket:type2": "2",
        "socket:type2:output": "22 kW",
        "website": "https://ubitricity.com/de/fahrer/"
      },
      "geometry": {
        "type": "Point",
        "coordinates": [
          13.3516665,
          52.5643147
        ]
      },
      "id": "node/13413038448"
    },
    {
      "type": "Feature",
      "properties": {
        "@id": "node/13413041512",
        "amenity": "charging_station",
        "brand": "Berliner Stadtwerke",
        "capacity": "2",
        "operator": "Berliner Stadtwerke",
        "operator:wikidata": "Q21969102",
        "socket:type2": "2",
        "socket:type2:output": "22 kW",
        "website": "https://berlinerstadtwerke.de/oeffentliche-ladeinfrastruktur/"
      },
      "geometry": {
        "type": "Point",
        "coordinates": [
          13.3565158,
          52.5597618
        ]
      },
      "id": "node/13413041512"
    },
    {
      "type": "Feature",
      "properties": {
        "@id": "node/13418475543",
        "amenity": "charging_station"
      },
      "geometry": {
        "type": "Point",
        "coordinates": [
          13.3955037,
          52.5142895
        ]
      },
      "id": "node/13418475543"
    },
    {
      "type": "Feature",
      "properties": {
        "@id": "node/13426534273",
        "amenity": "charging_station",
        "bicycle": "no",
        "capacity:motorcar": "2",
        "operator": "eon"
      },
      "geometry": {
        "type": "Point",
        "coordinates": [
          13.3898623,
          52.5156339
        ]
      },
      "id": "node/13426534273"
    },
    {
      "type": "Feature",
      "properties": {
        "@id": "node/13427029286",
        "amenity": "charging_station",
        "bicycle": "no",
        "capacity:motorcar": "2",
        "operator": "Berliner Stadtwerke",
        "ref:EU:EVSE": "DE*BSW*E604392*392;DE*BSW*E603473*473"
      },
      "geometry": {
        "type": "Point",
        "coordinates": [
          13.4234989,
          52.5202961
        ]
      },
      "id": "node/13427029286"
    },
    {
      "type": "Feature",
      "properties": {
        "@id": "node/13428141779",
        "access": "yes",
        "addr:housenumber": "51",
        "addr:street": "Malchower Weg",
        "amenity": "charging_station",
        "capacity": "4",
        "description": "HyperCharger 180kW",
        "fee": "yes",
        "name": "Vattenfall InCharge",
        "opening_hours": "24/7",
        "payment:contactless": "yes",
        "phone": "0800 2335335",
        "website": "https://incharge.vattenfall.de"
      },
      "geometry": {
        "type": "Point",
        "coordinates": [
          13.5026789,
          52.5546815
        ]
      },
      "id": "node/13428141779"
    },
    {
      "type": "Feature",
      "properties": {
        "@id": "node/13428641575",
        "amenity": "charging_station",
        "fee": "yes",
        "motorcar": "yes",
        "motorcycle": "yes"
      },
      "geometry": {
        "type": "Point",
        "coordinates": [
          13.2924304,
          52.5787411
        ]
      },
      "id": "node/13428641575"
    },
    {
      "type": "Feature",
      "properties": {
        "@id": "node/13432441388",
        "amenity": "charging_station",
        "bicycle": "no",
        "capacity:motorcar": "2",
        "operator": "E.ON"
      },
      "geometry": {
        "type": "Point",
        "coordinates": [
          13.4149463,
          52.5192457
        ]
      },
      "id": "node/13432441388"
    },
    {
      "type": "Feature",
      "properties": {
        "@id": "node/13434505358",
        "amenity": "charging_station"
      },
      "geometry": {
        "type": "Point",
        "coordinates": [
          13.3935819,
          52.5122248
        ]
      },
      "id": "node/13434505358"
    },
    {
      "type": "Feature",
      "properties": {
        "@id": "node/13434520334",
        "amenity": "charging_station",
        "bicycle": "no",
        "capacity:motorcar": "2",
        "operator": "Berliner Stadtwerke",
        "website": "https://berlinerstadtwerke.de/oeffentliche-ladeinfrastruktur/"
      },
      "geometry": {
        "type": "Point",
        "coordinates": [
          13.3967586,
          52.511272
        ]
      },
      "id": "node/13434520334"
    },
    {
      "type": "Feature",
      "properties": {
        "@id": "node/13446322211",
        "amenity": "charging_station",
        "capacity": "2"
      },
      "geometry": {
        "type": "Point",
        "coordinates": [
          13.2835805,
          52.5837409
        ]
      },
      "id": "node/13446322211"
    },
    {
      "type": "Feature",
      "properties": {
        "@id": "node/13462959735",
        "amenity": "charging_station",
        "capacity": "2",
        "motorcar": "yes"
      },
      "geometry": {
        "type": "Point",
        "coordinates": [
          13.4496784,
          52.5198693
        ]
      },
      "id": "node/13462959735"
    },
    {
      "type": "Feature",
      "properties": {
        "@id": "node/13463746751",
        "amenity": "charging_station",
        "bicycle": "no",
        "capacity:motorcar": "1",
        "check_date": "2026-03-12",
        "check_date:capacity:motorcar": "2026-03-12",
        "operator": "Qwello"
      },
      "geometry": {
        "type": "Point",
        "coordinates": [
          13.3640006,
          52.5452331
        ]
      },
      "id": "node/13463746751"
    },
    {
      "type": "Feature",
      "properties": {
        "@id": "node/13463746752",
        "amenity": "charging_station",
        "bicycle": "no",
        "capacity:motorcar": "1",
        "check_date": "2026-03-12",
        "check_date:capacity:motorcar": "2026-03-12",
        "operator": "Qwello"
      },
      "geometry": {
        "type": "Point",
        "coordinates": [
          13.3640178,
          52.545213
        ]
      },
      "id": "node/13463746752"
    },
    {
      "type": "Feature",
      "properties": {
        "@id": "node/13468505151",
        "amenity": "charging_station",
        "capacity": "1",
        "motorcar": "yes",
        "support": "street_lamp"
      },
      "geometry": {
        "type": "Point",
        "coordinates": [
          13.3838438,
          52.5108895
        ]
      },
      "id": "node/13468505151"
    },
    {
      "type": "Feature",
      "properties": {
        "@id": "node/13470347815",
        "amenity": "charging_station",
        "capacity": "2"
      },
      "geometry": {
        "type": "Point",
        "coordinates": [
          13.3672272,
          52.5003177
        ]
      },
      "id": "node/13470347815"
    },
    {
      "type": "Feature",
      "properties": {
        "@id": "node/13470977080",
        "access": "yes",
        "amenity": "charging_station",
        "capacity": "2",
        "fee": "yes",
        "motorcar": "yes",
        "operator": "Stadtwerke Berlin",
        "socket:type2": "2"
      },
      "geometry": {
        "type": "Point",
        "coordinates": [
          13.2585643,
          52.5204582
        ]
      },
      "id": "node/13470977080"
    },
    {
      "type": "Feature",
      "properties": {
        "@id": "node/13472588561",
        "amenity": "charging_station",
        "brand": "Shell",
        "capacity": "2",
        "operator": "Shell",
        "operator:wikidata": "Q110716465"
      },
      "geometry": {
        "type": "Point",
        "coordinates": [
          13.6036732,
          52.5454028
        ]
      },
      "id": "node/13472588561"
    },
    {
      "type": "Feature",
      "properties": {
        "@id": "node/13472588562",
        "amenity": "charging_station",
        "brand": "Shell",
        "capacity": "2",
        "operator": "Shell",
        "operator:wikidata": "Q110716465"
      },
      "geometry": {
        "type": "Point",
        "coordinates": [
          13.6036798,
          52.5453494
        ]
      },
      "id": "node/13472588562"
    },
    {
      "type": "Feature",
      "properties": {
        "@id": "node/13473409976",
        "amenity": "charging_station",
        "bicycle": "no",
        "capacity": "2",
        "fee": "yes",
        "motorcar": "yes",
        "operator": "TotalEnergies"
      },
      "geometry": {
        "type": "Point",
        "coordinates": [
          13.3681066,
          52.5317171
        ]
      },
      "id": "node/13473409976"
    },
    {
      "type": "Feature",
      "properties": {
        "@id": "node/13473409985",
        "amenity": "charging_station",
        "bicycle": "no",
        "capacity": "2",
        "fee": "yes",
        "motorcar": "yes",
        "operator": "Berliner Stadtwerke"
      },
      "geometry": {
        "type": "Point",
        "coordinates": [
          13.3696257,
          52.5286338
        ]
      },
      "id": "node/13473409985"
    },
    {
      "type": "Feature",
      "properties": {
        "@id": "node/13483015310",
        "amenity": "charging_station"
      },
      "geometry": {
        "type": "Point",
        "coordinates": [
          13.5431438,
          52.5174048
        ]
      },
      "id": "node/13483015310"
    },
    {
      "type": "Feature",
      "properties": {
        "@id": "node/13483015311",
        "amenity": "charging_station"
      },
      "geometry": {
        "type": "Point",
        "coordinates": [
          13.5430412,
          52.5174169
        ]
      },
      "id": "node/13483015311"
    },
    {
      "type": "Feature",
      "properties": {
        "@id": "node/13507001649",
        "amenity": "charging_station",
        "bicycle": "no",
        "capacity": "2",
        "operator": "TotalEnergies"
      },
      "geometry": {
        "type": "Point",
        "coordinates": [
          13.3582076,
          52.5330289
        ]
      },
      "id": "node/13507001649"
    },
    {
      "type": "Feature",
      "properties": {
        "@id": "node/13507001650",
        "amenity": "charging_station",
        "bicycle": "no",
        "capacity": "2",
        "operator": "TotalEnergies"
      },
      "geometry": {
        "type": "Point",
        "coordinates": [
          13.3581465,
          52.5330104
        ]
      },
      "id": "node/13507001650"
    },
    {
      "type": "Feature",
      "properties": {
        "@id": "node/13507001665",
        "amenity": "charging_station",
        "bicycle": "no",
        "capacity": "2"
      },
      "geometry": {
        "type": "Point",
        "coordinates": [
          13.3527731,
          52.5311607
        ]
      },
      "id": "node/13507001665"
    },
    {
      "type": "Feature",
      "properties": {
        "@id": "node/13507007704",
        "amenity": "charging_station",
        "bicycle": "no",
        "capacity": "2",
        "operator": "TotalEnergies"
      },
      "geometry": {
        "type": "Point",
        "coordinates": [
          13.3470603,
          52.5315823
        ]
      },
      "id": "node/13507007704"
    },
    {
      "type": "Feature",
      "properties": {
        "@id": "node/13510025449",
        "access": "yes",
        "amenity": "charging_station",
        "brand": "ubitricity",
        "brand:wikidata": "Q113699692",
        "capacity": "1",
        "charge": "0.55 €",
        "name": "ubitricity",
        "operator": "ubitricity",
        "operator:wikidata": "Q113699692",
        "ref:EU:EVSE": "DE*UBI*E10040619"
      },
      "geometry": {
        "type": "Point",
        "coordinates": [
          13.5361687,
          52.3917725
        ]
      },
      "id": "node/13510025449"
    },
    {
      "type": "Feature",
      "properties": {
        "@id": "node/13510030199",
        "access": "yes",
        "amenity": "charging_station",
        "brand": "ubitricity",
        "brand:wikidata": "Q113699692",
        "charge": "0.55 EUR",
        "fee": "yes",
        "name": "ubitricity",
        "operator": "ubitricity",
        "operator:wikidata": "Q113699692",
        "ref:EU:EVSE": "DE*UBI*E10030267"
      },
      "geometry": {
        "type": "Point",
        "coordinates": [
          13.5364437,
          52.3916935
        ]
      },
      "id": "node/13510030199"
    },
    {
      "type": "Feature",
      "properties": {
        "@id": "node/13514236244",
        "amenity": "charging_station",
        "capacity": "2",
        "operator": "Berliner Stadtwerke",
        "operator:wikidata": "Q21969102"
      },
      "geometry": {
        "type": "Point",
        "coordinates": [
          13.3756281,
          52.5099853
        ]
      },
      "id": "node/13514236244"
    },
    {
      "type": "Feature",
      "properties": {
        "@id": "node/13532437011",
        "access": "yes",
        "amenity": "charging_station",
        "brand": "Eviny",
        "capacity": "10",
        "covered": "yes",
        "fee": "yes",
        "opening_hours": "Mo-Sa 06:45-22:15",
        "payment:credit_cards": "yes",
        "payment:electronic_purses": "yes",
        "ref:EU:EVSE": "DE*EVY*EBEP",
        "socket:type2": "4",
        "socket:type2:output": "22 kW",
        "socket:type2_combo": "6",
        "socket:type2_combo:output": "320 kW"
      },
      "geometry": {
        "type": "Point",
        "coordinates": [
          13.4043283,
          52.570651
        ]
      },
      "id": "node/13532437011"
    },
    {
      "type": "Feature",
      "properties": {
        "@id": "node/13534465990",
        "amenity": "charging_station",
        "brand": "ubitricity",
        "brand:wikidata": "Q113699692",
        "capacity": "1",
        "description": "Straßenlaterne",
        "name": "ubitricity",
        "operator": "ubitricity",
        "operator:wikidata": "Q113699692",
        "socket:type2": "1",
        "socket:type2:output": "3.7 kW",
        "website": "https://www.ubitricity.com/de/"
      },
      "geometry": {
        "type": "Point",
        "coordinates": [
          13.3485727,
          52.4123694
        ]
      },
      "id": "node/13534465990"
    },
    {
      "type": "Feature",
      "properties": {
        "@id": "node/13535262714",
        "access": "yes",
        "amenity": "charging_station",
        "brand": "Jolt",
        "capacity": "2",
        "covered": "no",
        "fee": "yes",
        "socket:type2_combo": "2",
        "socket:type2_combo:output": "300 kW"
      },
      "geometry": {
        "type": "Point",
        "coordinates": [
          13.3792933,
          52.5090397
        ]
      },
      "id": "node/13535262714"
    },
    {
      "type": "Feature",
      "properties": {
        "@id": "node/13543161178",
        "access": "private",
        "amenity": "charging_station",
        "operator:type": "government"
      },
      "geometry": {
        "type": "Point",
        "coordinates": [
          13.4085945,
          52.5184284
        ]
      },
      "id": "node/13543161178"
    },
    {
      "type": "Feature",
      "properties": {
        "@id": "node/13545294622",
        "access": "customers",
        "amenity": "charging_station",
        "capacity": "2"
      },
      "geometry": {
        "type": "Point",
        "coordinates": [
          13.5940709,
          52.5454349
        ]
      },
      "id": "node/13545294622"
    },
    {
      "type": "Feature",
      "properties": {
        "@id": "node/13546591252",
        "amenity": "charging_station",
        "amperage": "32",
        "authentication:nfc": "yes",
        "capacity": "2",
        "name": "EVLink",
        "operator": "DB Mobility Logistics AG",
        "socket:type2": "2"
      },
      "geometry": {
        "type": "Point",
        "coordinates": [
          13.3638422,
          52.475708
        ]
      },
      "id": "node/13546591252"
    },
    {
      "type": "Feature",
      "properties": {
        "@id": "node/13546591253",
        "amenity": "charging_station",
        "amperage": "32",
        "authentication:nfc": "yes",
        "capacity": "2",
        "name": "EVLink",
        "operator": "DB Mobility Logistics AG",
        "socket:type2": "2"
      },
      "geometry": {
        "type": "Point",
        "coordinates": [
          13.3638154,
          52.4756671
        ]
      },
      "id": "node/13546591253"
    },
    {
      "type": "Feature",
      "properties": {
        "@id": "node/13546591275",
        "amenity": "charging_station",
        "motorcar": "yes",
        "operator": "Deutsche Bahn"
      },
      "geometry": {
        "type": "Point",
        "coordinates": [
          13.3640776,
          52.4756132
        ]
      },
      "id": "node/13546591275"
    },
    {
      "type": "Feature",
      "properties": {
        "@id": "node/13546591276",
        "amenity": "charging_station",
        "motorcar": "yes"
      },
      "geometry": {
        "type": "Point",
        "coordinates": [
          13.3641031,
          52.4756541
        ]
      },
      "id": "node/13546591276"
    },
    {
      "type": "Feature",
      "properties": {
        "@id": "node/13567232287",
        "amenity": "charging_station",
        "bicycle": "no",
        "capacity:motorcar": "2",
        "operator": "Qwello",
        "operator:wikidata": "Q130302686"
      },
      "geometry": {
        "type": "Point",
        "coordinates": [
          13.3550687,
          52.490515
        ]
      },
      "id": "node/13567232287"
    },
    {
      "type": "Feature",
      "properties": {
        "@id": "node/13576688195",
        "amenity": "charging_station",
        "capacity": "2"
      },
      "geometry": {
        "type": "Point",
        "coordinates": [
          13.3563384,
          52.4974029
        ]
      },
      "id": "node/13576688195"
    },
    {
      "type": "Feature",
      "properties": {
        "@id": "node/13584411003",
        "amenity": "charging_station",
        "capacity": "2"
      },
      "geometry": {
        "type": "Point",
        "coordinates": [
          13.3311246,
          52.4947523
        ]
      },
      "id": "node/13584411003"
    },
    {
      "type": "Feature",
      "properties": {
        "@id": "node/13594185117",
        "amenity": "charging_station",
        "bicycle": "no"
      },
      "geometry": {
        "type": "Point",
        "coordinates": [
          13.373912,
          52.5007798
        ]
      },
      "id": "node/13594185117"
    },
    {
      "type": "Feature",
      "properties": {
        "@id": "node/13607714578",
        "amenity": "charging_station",
        "bicycle": "no",
        "capacity:motorcar": "2",
        "operator": "alpitronic"
      },
      "geometry": {
        "type": "Point",
        "coordinates": [
          13.2483142,
          52.5471512
        ]
      },
      "id": "node/13607714578"
    },
    {
      "type": "Feature",
      "properties": {
        "@id": "node/13614127592",
        "amenity": "charging_station",
        "bicycle": "no",
        "capacity": "2"
      },
      "geometry": {
        "type": "Point",
        "coordinates": [
          13.6065698,
          52.5370307
        ]
      },
      "id": "node/13614127592"
    },
    {
      "type": "Feature",
      "properties": {
        "@id": "node/13614368862",
        "amenity": "charging_station",
        "capacity": "2"
      },
      "geometry": {
        "type": "Point",
        "coordinates": [
          13.3940455,
          52.4451592
        ]
      },
      "id": "node/13614368862"
    },
    {
      "type": "Feature",
      "properties": {
        "@id": "node/13617592938",
        "amenity": "charging_station",
        "bicycle": "no"
      },
      "geometry": {
        "type": "Point",
        "coordinates": [
          13.3386531,
          52.5632732
        ]
      },
      "id": "node/13617592938"
    },
    {
      "type": "Feature",
      "properties": {
        "@id": "node/13617838643",
        "amenity": "charging_station",
        "capacity": "2"
      },
      "geometry": {
        "type": "Point",
        "coordinates": [
          13.533673,
          52.4899812
        ]
      },
      "id": "node/13617838643"
    },
    {
      "type": "Feature",
      "properties": {
        "@id": "node/13622264246",
        "amenity": "charging_station",
        "brand": "quello",
        "capacity": "2",
        "covered": "no",
        "fee": "yes"
      },
      "geometry": {
        "type": "Point",
        "coordinates": [
          13.5432987,
          52.5308382
        ]
      },
      "id": "node/13622264246"
    },
    {
      "type": "Feature",
      "properties": {
        "@id": "node/13626543984",
        "amenity": "charging_station",
        "capacity": "2"
      },
      "geometry": {
        "type": "Point",
        "coordinates": [
          13.4047664,
          52.5053661
        ]
      },
      "id": "node/13626543984"
    },
    {
      "type": "Feature",
      "properties": {
        "@id": "node/13634951545",
        "amenity": "charging_station",
        "capacity": "2",
        "motorcar": "yes"
      },
      "geometry": {
        "type": "Point",
        "coordinates": [
          13.514807,
          52.457052
        ]
      },
      "id": "node/13634951545"
    },
    {
      "type": "Feature",
      "properties": {
        "@id": "node/13641746045",
        "access": "yes",
        "amenity": "charging_station",
        "brand": "ubitricity",
        "brand:wikidata": "Q113699692",
        "name": "ubitricity",
        "operator": "ubitricity",
        "operator:wikidata": "Q113699692"
      },
      "geometry": {
        "type": "Point",
        "coordinates": [
          13.5312382,
          52.458694
        ]
      },
      "id": "node/13641746045"
    },
    {
      "type": "Feature",
      "properties": {
        "@id": "node/13645098947",
        "amenity": "charging_station",
        "bicycle": "no",
        "capacity": "2",
        "motorcar": "yes",
        "operator": "Berliner Stadtwerke"
      },
      "geometry": {
        "type": "Point",
        "coordinates": [
          13.3826118,
          52.4558024
        ]
      },
      "id": "node/13645098947"
    },
    {
      "type": "Feature",
      "properties": {
        "@id": "node/13645107251",
        "amenity": "charging_station",
        "capacity": "2",
        "motorcar": "yes"
      },
      "geometry": {
        "type": "Point",
        "coordinates": [
          13.3941178,
          52.4641886
        ]
      },
      "id": "node/13645107251"
    },
    {
      "type": "Feature",
      "properties": {
        "@id": "node/13645435708",
        "amenity": "charging_station",
        "bicycle": "no",
        "capacity:motorcar": "1"
      },
      "geometry": {
        "type": "Point",
        "coordinates": [
          13.2781699,
          52.5780608
        ]
      },
      "id": "node/13645435708"
    },
    {
      "type": "Feature",
      "properties": {
        "@id": "node/13645641388",
        "amenity": "charging_station",
        "capacity": "2",
        "motorcar": "yes"
      },
      "geometry": {
        "type": "Point",
        "coordinates": [
          13.3335224,
          52.4660218
        ]
      },
      "id": "node/13645641388"
    },
    {
      "type": "Feature",
      "properties": {
        "@id": "node/13652989947",
        "amenity": "charging_station",
        "bicycle": "no",
        "capacity:motorcar": "2",
        "operator": "Qwello",
        "operator:wikidata": "Q130302686",
        "socket:type2": "2",
        "socket:type2:output": "11 kW"
      },
      "geometry": {
        "type": "Point",
        "coordinates": [
          13.2410181,
          52.5460061
        ]
      },
      "id": "node/13652989947"
    },
    {
      "type": "Feature",
      "properties": {
        "@id": "node/13656962381",
        "amenity": "charging_station",
        "capacity": "2",
        "motorcar": "yes"
      },
      "geometry": {
        "type": "Point",
        "coordinates": [
          13.3362837,
          52.494938
        ]
      },
      "id": "node/13656962381"
    },
    {
      "type": "Feature",
      "properties": {
        "@id": "node/13659155076",
        "amenity": "charging_station",
        "bicycle": "no",
        "capacity:motorcar": "2",
        "operator": "EDEKA"
      },
      "geometry": {
        "type": "Point",
        "coordinates": [
          13.4179181,
          52.5845004
        ]
      },
      "id": "node/13659155076"
    },
    {
      "type": "Feature",
      "properties": {
        "@id": "node/13659163485",
        "amenity": "charging_station",
        "bicycle": "no",
        "capacity:motorcar": "2",
        "operator": "EDEKA"
      },
      "geometry": {
        "type": "Point",
        "coordinates": [
          13.4180044,
          52.5843753
        ]
      },
      "id": "node/13659163485"
    },
    {
      "type": "Feature",
      "properties": {
        "@id": "node/13659165591",
        "amenity": "charging_station",
        "bicycle": "no",
        "capacity:motorcar": "2",
        "operator": "EDEKA"
      },
      "geometry": {
        "type": "Point",
        "coordinates": [
          13.4178593,
          52.5845606
        ]
      },
      "id": "node/13659165591"
    },
    {
      "type": "Feature",
      "properties": {
        "@id": "node/13659169254",
        "amenity": "charging_station",
        "bicycle": "no",
        "capacity:motorcar": "2",
        "operator": "EDEKA"
      },
      "geometry": {
        "type": "Point",
        "coordinates": [
          13.4179764,
          52.584417
        ]
      },
      "id": "node/13659169254"
    },
    {
      "type": "Feature",
      "properties": {
        "@id": "node/13659177947",
        "amenity": "charging_station",
        "bicycle": "no",
        "capacity:motorcar": "2",
        "operator": "EDEKA"
      },
      "geometry": {
        "type": "Point",
        "coordinates": [
          13.4179577,
          52.5844569
        ]
      },
      "id": "node/13659177947"
    },
    {
      "type": "Feature",
      "properties": {
        "@id": "node/13663062908",
        "amenity": "charging_station"
      },
      "geometry": {
        "type": "Point",
        "coordinates": [
          13.2040852,
          52.5421415
        ]
      },
      "id": "node/13663062908"
    },
    {
      "type": "Feature",
      "properties": {
        "@id": "node/13666378335",
        "access": "customers",
        "amenity": "charging_station",
        "capacity": "2",
        "mapillary": "3013524252371489"
      },
      "geometry": {
        "type": "Point",
        "coordinates": [
          13.5799932,
          52.5017401
        ]
      },
      "id": "node/13666378335"
    },
    {
      "type": "Feature",
      "properties": {
        "@id": "node/13668210868",
        "amenity": "charging_station",
        "brand": "ubitricity",
        "brand:wikidata": "Q113699692",
        "capacity": "1",
        "description": "an Straßenlaterne, Betreiber https://ubitricity.com/de/pressemitteilungen/laternenladepunkte-berlin-inbetriebnahme/",
        "name": "ubitricity",
        "operator": "ubitricity",
        "operator:wikidata": "Q113699692"
      },
      "geometry": {
        "type": "Point",
        "coordinates": [
          13.5787383,
          52.5000566
        ]
      },
      "id": "node/13668210868"
    },
    {
      "type": "Feature",
      "properties": {
        "@id": "node/13668210869",
        "amenity": "charging_station",
        "brand": "ubitricity",
        "brand:wikidata": "Q113699692",
        "capacity": "1",
        "description": "an Straßenlaterne, Betreiber https://ubitricity.com/de/pressemitteilungen/laternenladepunkte-berlin-inbetriebnahme/",
        "name": "ubitricity",
        "operator": "ubitricity",
        "operator:wikidata": "Q113699692"
      },
      "geometry": {
        "type": "Point",
        "coordinates": [
          13.5777408,
          52.5001482
        ]
      },
      "id": "node/13668210869"
    },
    {
      "type": "Feature",
      "properties": {
        "@id": "node/13668210870",
        "amenity": "charging_station",
        "brand": "ubitricity",
        "brand:wikidata": "Q113699692",
        "capacity": "1",
        "description": "an Straßenlaterne, Betreiber https://ubitricity.com/de/pressemitteilungen/laternenladepunkte-berlin-inbetriebnahme/",
        "name": "ubitricity",
        "operator": "ubitricity",
        "operator:wikidata": "Q113699692"
      },
      "geometry": {
        "type": "Point",
        "coordinates": [
          13.5767135,
          52.5001404
        ]
      },
      "id": "node/13668210870"
    },
    {
      "type": "Feature",
      "properties": {
        "@id": "node/13668210871",
        "amenity": "charging_station",
        "brand": "ubitricity",
        "brand:wikidata": "Q113699692",
        "capacity": "1",
        "description": "an Straßenlaterne, Betreiber https://ubitricity.com/de/pressemitteilungen/laternenladepunkte-berlin-inbetriebnahme/",
        "name": "ubitricity",
        "operator": "ubitricity",
        "operator:wikidata": "Q113699692"
      },
      "geometry": {
        "type": "Point",
        "coordinates": [
          13.5762099,
          52.5001291
        ]
      },
      "id": "node/13668210871"
    },
    {
      "type": "Feature",
      "properties": {
        "@id": "node/13668210872",
        "amenity": "charging_station",
        "brand": "ubitricity",
        "brand:wikidata": "Q113699692",
        "capacity": "1",
        "description": "an Straßenlaterne, Betreiber https://ubitricity.com/de/pressemitteilungen/laternenladepunkte-berlin-inbetriebnahme/",
        "name": "ubitricity",
        "operator": "ubitricity",
        "operator:wikidata": "Q113699692"
      },
      "geometry": {
        "type": "Point",
        "coordinates": [
          13.5756886,
          52.5001208
        ]
      },
      "id": "node/13668210872"
    },
    {
      "type": "Feature",
      "properties": {
        "@id": "node/13668210873",
        "amenity": "charging_station",
        "brand": "ubitricity",
        "brand:wikidata": "Q113699692",
        "capacity": "1",
        "description": "an Straßenlaterne, Betreiber https://ubitricity.com/de/pressemitteilungen/laternenladepunkte-berlin-inbetriebnahme/",
        "name": "ubitricity",
        "operator": "ubitricity",
        "operator:wikidata": "Q113699692"
      },
      "geometry": {
        "type": "Point",
        "coordinates": [
          13.5736582,
          52.5000201
        ]
      },
      "id": "node/13668210873"
    },
    {
      "type": "Feature",
      "properties": {
        "@id": "node/13668210874",
        "amenity": "charging_station",
        "brand": "ubitricity",
        "brand:wikidata": "Q113699692",
        "capacity": "1",
        "description": "an Straßenlaterne, Betreiber https://ubitricity.com/de/pressemitteilungen/laternenladepunkte-berlin-inbetriebnahme/",
        "name": "ubitricity",
        "operator": "ubitricity",
        "operator:wikidata": "Q113699692"
      },
      "geometry": {
        "type": "Point",
        "coordinates": [
          13.5729003,
          52.4996268
        ]
      },
      "id": "node/13668210874"
    },
    {
      "type": "Feature",
      "properties": {
        "@id": "node/13668697109",
        "amenity": "charging_station",
        "capacity": "2",
        "motorcar": "yes"
      },
      "geometry": {
        "type": "Point",
        "coordinates": [
          13.305393,
          52.4932919
        ]
      },
      "id": "node/13668697109"
    },
    {
      "type": "Feature",
      "properties": {
        "@id": "node/13672961804",
        "access": "yes",
        "addr:floor": "0",
        "amenity": "charging_station",
        "brand": "E.ON Drive",
        "brand:wikidata": "Q126650419",
        "capacity": "2",
        "check_date": "2026-03-23",
        "covered": "no",
        "fee": "yes",
        "level": "0",
        "opening_hours": "24/7",
        "operator": "E.ON",
        "operator:wikidata": "Q270223",
        "payment:mastercard": "yes",
        "payment:visa": "yes",
        "ref": "DE*UFC*E01062*1;DE*UFC*E01062*2"
      },
      "geometry": {
        "type": "Point",
        "coordinates": [
          13.4056759,
          52.5247133
        ]
      },
      "id": "node/13672961804"
    },
    {
      "type": "Feature",
      "properties": {
        "@id": "node/13677180732",
        "amenity": "charging_station",
        "bicycle": "no",
        "brand": "Shell Recharge",
        "brand:wikidata": "Q105883058",
        "capacity:motorcar": "1",
        "fee": "yes",
        "operator": "Shell Recharge",
        "operator:wikidata": "Q105883058",
        "ref:EU:EVSE": "107744972"
      },
      "geometry": {
        "type": "Point",
        "coordinates": [
          13.4087497,
          52.4013042
        ]
      },
      "id": "node/13677180732"
    },
    {
      "type": "Feature",
      "properties": {
        "@id": "node/13681044400",
        "amenity": "charging_station",
        "bicycle": "no",
        "capacity:motorcar": "2",
        "fee": "yes",
        "operator": "Compleo Charging Technologies GmbH",
        "socket:type2": "2"
      },
      "geometry": {
        "type": "Point",
        "coordinates": [
          13.4345504,
          52.4160121
        ]
      },
      "id": "node/13681044400"
    },
    {
      "type": "Feature",
      "properties": {
        "@id": "node/13681070701",
        "amenity": "charging_station",
        "bicycle": "no",
        "capacity:motorcar": "2",
        "fee": "yes",
        "operator": "Compleo Charging Technologies GmbH",
        "socket:type2": "2"
      },
      "geometry": {
        "type": "Point",
        "coordinates": [
          13.4344688,
          52.4159566
        ]
      },
      "id": "node/13681070701"
    },
    {
      "type": "Feature",
      "properties": {
        "@id": "node/13681070702",
        "amenity": "charging_station",
        "fee": "yes",
        "socket:type2": "2"
      },
      "geometry": {
        "type": "Point",
        "coordinates": [
          13.4344116,
          52.4159217
        ]
      },
      "id": "node/13681070702"
    },
    {
      "type": "Feature",
      "properties": {
        "@id": "node/13681099452",
        "amenity": "charging_station",
        "brand": "ubitricity",
        "brand:wikidata": "Q113699692",
        "capacity": "1",
        "description": "an Straßenlaterne, Betreiber https://ubitricity.com/de/pressemitteilungen/laternenladepunkte-berlin-inbetriebnahme/",
        "name": "ubitricity",
        "operator": "ubitricity",
        "operator:wikidata": "Q113699692"
      },
      "geometry": {
        "type": "Point",
        "coordinates": [
          13.5901735,
          52.5394697
        ]
      },
      "id": "node/13681099452"
    },
    {
      "type": "Feature",
      "properties": {
        "@id": "node/13681099453",
        "amenity": "charging_station",
        "brand": "ubitricity",
        "brand:wikidata": "Q113699692",
        "capacity": "1",
        "description": "an Straßenlaterne, Betreiber https://ubitricity.com/de/pressemitteilungen/laternenladepunkte-berlin-inbetriebnahme/",
        "name": "ubitricity",
        "operator": "ubitricity",
        "operator:wikidata": "Q113699692"
      },
      "geometry": {
        "type": "Point",
        "coordinates": [
          13.5897578,
          52.5394428
        ]
      },
      "id": "node/13681099453"
    },
    {
      "type": "Feature",
      "properties": {
        "@id": "node/13684318694",
        "amenity": "charging_station",
        "capacity": "2"
      },
      "geometry": {
        "type": "Point",
        "coordinates": [
          13.5476515,
          52.5426112
        ]
      },
      "id": "node/13684318694"
    },
    {
      "type": "Feature",
      "properties": {
        "@id": "node/13684318695",
        "amenity": "charging_station",
        "capacity": "2"
      },
      "geometry": {
        "type": "Point",
        "coordinates": [
          13.5475916,
          52.5425864
        ]
      },
      "id": "node/13684318695"
    },
    {
      "type": "Feature",
      "properties": {
        "@id": "node/13685535401",
        "access": "yes",
        "addr:housenumber": "106-109",
        "addr:postcode": "13053",
        "addr:street": "Indira-Gandhi-Straße",
        "amenity": "charging_station",
        "brand": "Circle K",
        "brand:wikidata": "Q3268010",
        "fee": "yes",
        "operator": "Circle K",
        "operator:wikidata": "Q3268010",
        "website": "https://www.circlek-deutschland.de/"
      },
      "geometry": {
        "type": "Point",
        "coordinates": [
          13.4679676,
          52.5477764
        ]
      },
      "id": "node/13685535401"
    },
    {
      "type": "Feature",
      "properties": {
        "@id": "node/13695419385",
        "addr:floor": "0",
        "addr:housenumber": "109",
        "addr:street": "Storkower Straße",
        "amenity": "charging_station",
        "brand": "Mennekes",
        "check_date": "2026-03-29",
        "level": "0"
      },
      "geometry": {
        "type": "Point",
        "coordinates": [
          13.4521277,
          52.5360623
        ]
      },
      "id": "node/13695419385"
    },
    {
      "type": "Feature",
      "properties": {
        "@id": "node/13702402447",
        "amenity": "charging_station",
        "capacity": "2",
        "fee": "yes",
        "motorcar": "yes",
        "motorcycle": "yes",
        "opening_hours": "24/7"
      },
      "geometry": {
        "type": "Point",
        "coordinates": [
          13.2031813,
          52.5208055
        ]
      },
      "id": "node/13702402447"
    },
    {
      "type": "Feature",
      "properties": {
        "@id": "node/13704451215",
        "amenity": "charging_station",
        "capacity": "2",
        "motorcar": "yes"
      },
      "geometry": {
        "type": "Point",
        "coordinates": [
          13.4492134,
          52.4852453
        ]
      },
      "id": "node/13704451215"
    },
    {
      "type": "Feature",
      "properties": {
        "@id": "node/13704948167",
        "access": "customers",
        "amenity": "charging_station",
        "brand": "aldi nord",
        "operator": "Aldi",
        "operator:wikidata": "Q41171373"
      },
      "geometry": {
        "type": "Point",
        "coordinates": [
          13.5415693,
          52.5207704
        ]
      },
      "id": "node/13704948167"
    },
    {
      "type": "Feature",
      "properties": {
        "@id": "node/13705143485",
        "amenity": "charging_station",
        "bicycle": "no",
        "capacity": "1",
        "motorcar": "yes",
        "operator": "Qwello"
      },
      "geometry": {
        "type": "Point",
        "coordinates": [
          13.4232279,
          52.4842778
        ]
      },
      "id": "node/13705143485"
    },
    {
      "type": "Feature",
      "properties": {
        "@id": "node/13705143486",
        "amenity": "charging_station",
        "bicycle": "no",
        "capacity": "1",
        "motorcar": "yes",
        "operator": "Qwello"
      },
      "geometry": {
        "type": "Point",
        "coordinates": [
          13.4232303,
          52.4843322
        ]
      },
      "id": "node/13705143486"
    },
    {
      "type": "Feature",
      "properties": {
        "@id": "node/13705238356",
        "amenity": "charging_station",
        "bicycle": "no",
        "capacity": "1",
        "motorcar": "yes",
        "operator": "Qwello",
        "ref:EU:EVSE": "DEQRMECCW2221"
      },
      "geometry": {
        "type": "Point",
        "coordinates": [
          13.4370632,
          52.4871032
        ]
      },
      "id": "node/13705238356"
    },
    {
      "type": "Feature",
      "properties": {
        "@id": "node/13705238357",
        "amenity": "charging_station",
        "bicycle": "no",
        "capacity": "1",
        "motorcar": "yes",
        "operator": "Qwello",
        "ref:EU:EVSE": "DEQRMECCW2211"
      },
      "geometry": {
        "type": "Point",
        "coordinates": [
          13.4370027,
          52.4871331
        ]
      },
      "id": "node/13705238357"
    },
    {
      "type": "Feature",
      "properties": {
        "@id": "node/13705252163",
        "amenity": "charging_station",
        "bicycle": "no",
        "capacity": "1",
        "motorcar": "yes",
        "operator": "Shell Recharge",
        "support": "street_lamp"
      },
      "geometry": {
        "type": "Point",
        "coordinates": [
          13.4277563,
          52.4905935
        ]
      },
      "id": "node/13705252163"
    },
    {
      "type": "Feature",
      "properties": {
        "@id": "node/13705269193",
        "amenity": "charging_station",
        "bicycle": "no",
        "brand": "ubitricity",
        "capacity": "1",
        "covered": "no",
        "fee": "yes",
        "indoor": "no",
        "level": "0",
        "motorcar": "yes",
        "opening_hours": "24/7",
        "parking:fee": "no",
        "socket:type2": "1",
        "socket:type2:output": "3.7"
      },
      "geometry": {
        "type": "Point",
        "coordinates": [
          13.4023184,
          52.3838445
        ]
      },
      "id": "node/13705269193"
    },
    {
      "type": "Feature",
      "properties": {
        "@id": "node/13709570665",
        "amenity": "charging_station",
        "capacity": "2",
        "motorcar": "yes"
      },
      "geometry": {
        "type": "Point",
        "coordinates": [
          13.4289833,
          52.4834481
        ]
      },
      "id": "node/13709570665"
    },
    {
      "type": "Feature",
      "properties": {
        "@id": "node/13718259185",
        "amenity": "charging_station"
      },
      "geometry": {
        "type": "Point",
        "coordinates": [
          13.3348445,
          52.5816483
        ]
      },
      "id": "node/13718259185"
    },
    {
      "type": "Feature",
      "properties": {
        "@id": "node/13718259186",
        "amenity": "charging_station"
      },
      "geometry": {
        "type": "Point",
        "coordinates": [
          13.3352961,
          52.5817143
        ]
      },
      "id": "node/13718259186"
    },
    {
      "type": "Feature",
      "properties": {
        "@id": "node/13725913999",
        "access": "yes",
        "amenity": "charging_station",
        "bicycle": "no",
        "capacity": "2",
        "fee": "yes",
        "maxstay": "1 hours",
        "motorcar": "yes",
        "opening_hours": "24/7",
        "parking:fee": "no",
        "payment:app": "yes",
        "payment:cards": "yes",
        "payment:cash": "no",
        "payment:membership_card": "yes",
        "payment:qr_code": "yes",
        "socket:type2_combo": "2",
        "socket:type2_combo:current": "300A",
        "socket:type2_combo:output": "300kW",
        "socket:type2_combo:voltage": "920"
      },
      "geometry": {
        "type": "Point",
        "coordinates": [
          13.5622429,
          52.5024152
        ]
      },
      "id": "node/13725913999"
    },
    {
      "type": "Feature",
      "properties": {
        "@id": "node/13728487830",
        "amenity": "charging_station",
        "bicycle": "no",
        "brand": "ubitricity",
        "brand:wikidata": "Q113699692",
        "capacity": "1",
        "name": "ubitricity",
        "operator": "ubitricity",
        "operator:wikidata": "Q113699692"
      },
      "geometry": {
        "type": "Point",
        "coordinates": [
          13.3174521,
          52.4592368
        ]
      },
      "id": "node/13728487830"
    },
    {
      "type": "Feature",
      "properties": {
        "@id": "node/13728487831",
        "amenity": "charging_station",
        "bicycle": "no",
        "brand": "ubitricity",
        "brand:wikidata": "Q113699692",
        "capacity": "1",
        "name": "ubitricity",
        "operator": "ubitricity",
        "operator:wikidata": "Q113699692"
      },
      "geometry": {
        "type": "Point",
        "coordinates": [
          13.3179583,
          52.4589584
        ]
      },
      "id": "node/13728487831"
    },
    {
      "type": "Feature",
      "properties": {
        "@id": "node/13729778064",
        "access": "yes",
        "amenity": "charging_station",
        "brand": "ubitricity",
        "brand:wikidata": "Q113699692",
        "capacity": "1",
        "charge": "0.55 EUR",
        "fee": "yes",
        "name": "ubitricity",
        "opening_hours": "24/7",
        "operator": "ubitricity",
        "operator:wikidata": "Q113699692",
        "parking:fee": "no",
        "ref:EU:EVSE": "DE*UBI*E10097002",
        "socket:type2": "1",
        "socket:type2:output": "3.7 kW"
      },
      "geometry": {
        "type": "Point",
        "coordinates": [
          13.5181414,
          52.5564202
        ]
      },
      "id": "node/13729778064"
    },
    {
      "type": "Feature",
      "properties": {
        "@id": "node/13730615334",
        "amenity": "charging_station",
        "bicycle": "no",
        "capacity:motorcar": "2",
        "check_date": "2026-06-22",
        "operator": "Berliner Stadtwerke"
      },
      "geometry": {
        "type": "Point",
        "coordinates": [
          13.4771297,
          52.520642
        ]
      },
      "id": "node/13730615334"
    },
    {
      "type": "Feature",
      "properties": {
        "@id": "node/13732615437",
        "amenity": "charging_station",
        "capacity": "2",
        "fee": "yes",
        "motorcar": "yes",
        "motorcycle": "yes"
      },
      "geometry": {
        "type": "Point",
        "coordinates": [
          13.2129157,
          52.5518913
        ]
      },
      "id": "node/13732615437"
    },
    {
      "type": "Feature",
      "properties": {
        "@id": "node/13737981917",
        "amenity": "charging_station",
        "check_date": "2026-04-17"
      },
      "geometry": {
        "type": "Point",
        "coordinates": [
          13.5921965,
          52.442503
        ]
      },
      "id": "node/13737981917"
    },
    {
      "type": "Feature",
      "properties": {
        "@id": "node/13739130126",
        "amenity": "charging_station",
        "bicycle": "no",
        "capacity:motorcar": "4",
        "operator": "Qwello"
      },
      "geometry": {
        "type": "Point",
        "coordinates": [
          13.4265953,
          52.5375485
        ]
      },
      "id": "node/13739130126"
    },
    {
      "type": "Feature",
      "properties": {
        "@id": "node/13739220856",
        "amenity": "charging_station",
        "bicycle": "no",
        "operator": "Qwello"
      },
      "geometry": {
        "type": "Point",
        "coordinates": [
          13.4266292,
          52.537537
        ]
      },
      "id": "node/13739220856"
    },
    {
      "type": "Feature",
      "properties": {
        "@id": "node/13739233744",
        "amenity": "charging_station",
        "bicycle": "no",
        "capacity:motorcar": "4",
        "operator": "Qwello"
      },
      "geometry": {
        "type": "Point",
        "coordinates": [
          13.4267005,
          52.5375129
        ]
      },
      "id": "node/13739233744"
    },
    {
      "type": "Feature",
      "properties": {
        "@id": "node/13739235106",
        "amenity": "charging_station",
        "bicycle": "no",
        "operator": "Qwello"
      },
      "geometry": {
        "type": "Point",
        "coordinates": [
          13.4266655,
          52.5375236
        ]
      },
      "id": "node/13739235106"
    },
    {
      "type": "Feature",
      "properties": {
        "@id": "node/13740000706",
        "amenity": "charging_station",
        "capacity": "1",
        "motor_vehicle": "yes"
      },
      "geometry": {
        "type": "Point",
        "coordinates": [
          13.3911073,
          52.4676817
        ]
      },
      "id": "node/13740000706"
    },
    {
      "type": "Feature",
      "properties": {
        "@id": "node/13742010080",
        "access": "private",
        "amenity": "charging_station",
        "bicycle": "yes",
        "capacity": "8",
        "check_date": "2026-04-19",
        "covered": "yes",
        "official_name": "Quartiers-Bikesharing E-Bike Haltestelle",
        "operator": "Maximilians Quartier"
      },
      "geometry": {
        "type": "Point",
        "coordinates": [
          13.298621,
          52.4772603
        ]
      },
      "id": "node/13742010080"
    },
    {
      "type": "Feature",
      "properties": {
        "@id": "node/13746371505",
        "access": "yes",
        "amenity": "charging_station",
        "bicycle": "no",
        "capacity": "2",
        "covered": "no",
        "fee": "yes",
        "motorcar": "yes",
        "opening_hours": "24/7",
        "operator": "Berliner Stadtwerke"
      },
      "geometry": {
        "type": "Point",
        "coordinates": [
          13.4201841,
          52.4772238
        ]
      },
      "id": "node/13746371505"
    },
    {
      "type": "Feature",
      "properties": {
        "@id": "node/13746372243",
        "amenity": "charging_station",
        "bicycle": "no",
        "capacity:motorcar": "2",
        "operator": "Berliner Stadtwerke",
        "operator:wikidata": "Q21969102"
      },
      "geometry": {
        "type": "Point",
        "coordinates": [
          13.3221798,
          52.4877125
        ]
      },
      "id": "node/13746372243"
    },
    {
      "type": "Feature",
      "properties": {
        "@id": "node/13747766169",
        "access": "yes",
        "amenity": "charging_station",
        "capacity": "2"
      },
      "geometry": {
        "type": "Point",
        "coordinates": [
          13.4255241,
          52.5550599
        ]
      },
      "id": "node/13747766169"
    },
    {
      "type": "Feature",
      "properties": {
        "@id": "node/13752454264",
        "amenity": "charging_station",
        "capacity": "2"
      },
      "geometry": {
        "type": "Point",
        "coordinates": [
          13.2730754,
          52.5354876
        ]
      },
      "id": "node/13752454264"
    },
    {
      "type": "Feature",
      "properties": {
        "@id": "node/13752454267",
        "amenity": "charging_station",
        "capacity": "2"
      },
      "geometry": {
        "type": "Point",
        "coordinates": [
          13.3570971,
          52.5744566
        ]
      },
      "id": "node/13752454267"
    },
    {
      "type": "Feature",
      "properties": {
        "@id": "node/13759209757",
        "access": "yes",
        "amenity": "charging_station",
        "check_date": "2026-04-24",
        "covered": "no",
        "manufacturer": "technagon",
        "opening_hours": "24/7",
        "operator": "EZE",
        "payment:girocard": "yes",
        "ref": "TTA 00 08 07*1/*2"
      },
      "geometry": {
        "type": "Point",
        "coordinates": [
          13.3324476,
          52.4772577
        ]
      },
      "id": "node/13759209757"
    },
    {
      "type": "Feature",
      "properties": {
        "@id": "node/13771466802",
        "access": "private",
        "amenity": "charging_station",
        "operator": "ABB"
      },
      "geometry": {
        "type": "Point",
        "coordinates": [
          13.3549603,
          52.5895855
        ]
      },
      "id": "node/13771466802"
    },
    {
      "type": "Feature",
      "properties": {
        "@id": "node/13773108418",
        "amenity": "charging_station",
        "bicycle": "no",
        "capacity": "2",
        "fee": "yes",
        "operator": "Qwello"
      },
      "geometry": {
        "type": "Point",
        "coordinates": [
          13.5637328,
          52.5490986
        ]
      },
      "id": "node/13773108418"
    },
    {
      "type": "Feature",
      "properties": {
        "@id": "node/13776519601",
        "amenity": "charging_station",
        "check_date": "2026-04-29",
        "check_date:opening_hours": "2026-04-29",
        "opening_hours": "24/7",
        "operator": "Berliner Stadtwerke",
        "socket:type2": "2",
        "socket:type2:output": "22"
      },
      "geometry": {
        "type": "Point",
        "coordinates": [
          13.5636594,
          52.4131695
        ]
      },
      "id": "node/13776519601"
    },
    {
      "type": "Feature",
      "properties": {
        "@id": "node/13779919979",
        "access": "yes",
        "amenity": "charging_station",
        "capacity": "11",
        "operator": "Qwello",
        "operator:wikidata": "Q130302686",
        "socket:type2": "2",
        "socket:type2:output": "11 kW"
      },
      "geometry": {
        "type": "Point",
        "coordinates": [
          13.407528,
          52.5489597
        ]
      },
      "id": "node/13779919979"
    },
    {
      "type": "Feature",
      "properties": {
        "@id": "node/13779929198",
        "access": "yes",
        "amenity": "charging_station",
        "capacity": "2",
        "operator": "Qwello",
        "operator:wikidata": "Q130302686",
        "socket:type2": "2",
        "socket:type2:output": "11 kW"
      },
      "geometry": {
        "type": "Point",
        "coordinates": [
          13.4027537,
          52.548513
        ]
      },
      "id": "node/13779929198"
    },
    {
      "type": "Feature",
      "properties": {
        "@id": "node/13786934856",
        "amenity": "charging_station",
        "bicycle": "no",
        "brand": "Berliner Stadtwerke",
        "capacity": "2",
        "check_date": "2026-05-02",
        "fee": "yes",
        "payment:cash": "no",
        "payment:paypal": "yes",
        "payment:visa": "yes"
      },
      "geometry": {
        "type": "Point",
        "coordinates": [
          13.4231277,
          52.5259449
        ]
      },
      "id": "node/13786934856"
    },
    {
      "type": "Feature",
      "properties": {
        "@id": "node/13790936323",
        "amenity": "charging_station"
      },
      "geometry": {
        "type": "Point",
        "coordinates": [
          13.3456619,
          52.5433002
        ]
      },
      "id": "node/13790936323"
    },
    {
      "type": "Feature",
      "properties": {
        "@id": "node/13790936330",
        "amenity": "charging_station"
      },
      "geometry": {
        "type": "Point",
        "coordinates": [
          13.3456107,
          52.5433362
        ]
      },
      "id": "node/13790936330"
    },
    {
      "type": "Feature",
      "properties": {
        "@id": "node/13794309917",
        "amenity": "charging_station",
        "bicycle": "no"
      },
      "geometry": {
        "type": "Point",
        "coordinates": [
          13.2394717,
          52.5449669
        ]
      },
      "id": "node/13794309917"
    },
    {
      "type": "Feature",
      "properties": {
        "@id": "node/13807142449",
        "access": "private",
        "amenity": "charging_station"
      },
      "geometry": {
        "type": "Point",
        "coordinates": [
          13.3439765,
          52.5436295
        ]
      },
      "id": "node/13807142449"
    },
    {
      "type": "Feature",
      "properties": {
        "@id": "node/13807142450",
        "access": "private",
        "amenity": "charging_station"
      },
      "geometry": {
        "type": "Point",
        "coordinates": [
          13.3441676,
          52.5433121
        ]
      },
      "id": "node/13807142450"
    },
    {
      "type": "Feature",
      "properties": {
        "@id": "node/13807142451",
        "access": "private",
        "amenity": "charging_station"
      },
      "geometry": {
        "type": "Point",
        "coordinates": [
          13.3440526,
          52.5436342
        ]
      },
      "id": "node/13807142451"
    },
    {
      "type": "Feature",
      "properties": {
        "@id": "node/13807649815",
        "access": "customers",
        "amenity": "charging_station",
        "authentication:app": "yes",
        "authentication:contactless": "yes",
        "fee": "yes",
        "motorcar": "yes",
        "motorcycle": "yes",
        "opening_hours": "24/7",
        "operator": "Electra Germany GmbH",
        "ref": "1153003,1153004,1153005",
        "socket:type2_combo": "6",
        "socket:type2_combo:output": "300 kW"
      },
      "geometry": {
        "type": "Point",
        "coordinates": [
          13.5845774,
          52.5149996
        ]
      },
      "id": "node/13807649815"
    },
    {
      "type": "Feature",
      "properties": {
        "@id": "node/13807667646",
        "amenity": "charging_station",
        "authentication:app": "yes",
        "fee": "yes",
        "motorcar": "yes",
        "motorcycle": "yes",
        "operator": "ubitricity Gesellschaft für verteilte Energiesysteme mbH",
        "ref": "1024460",
        "socket:type2": "1",
        "socket:type2:output": "3.7 kW"
      },
      "geometry": {
        "type": "Point",
        "coordinates": [
          13.5787614,
          52.5136645
        ]
      },
      "id": "node/13807667646"
    },
    {
      "type": "Feature",
      "properties": {
        "@id": "node/13807667647",
        "amenity": "charging_station",
        "authentication:app": "yes",
        "fee": "yes",
        "motorcar": "yes",
        "motorcycle": "yes",
        "operator": "ubitricity Gesellschaft für verteilte Energiesysteme mbH",
        "ref": "1024393",
        "socket:type2": "1",
        "socket:type2:output": "3.7 kW"
      },
      "geometry": {
        "type": "Point",
        "coordinates": [
          13.5783608,
          52.5139911
        ]
      },
      "id": "node/13807667647"
    },
    {
      "type": "Feature",
      "properties": {
        "@id": "node/13807667648",
        "amenity": "charging_station",
        "authentication:app": "yes",
        "fee": "yes",
        "motorcar": "yes",
        "motorcycle": "yes",
        "operator": "ubitricity Gesellschaft für verteilte Energiesysteme mbH",
        "ref": "1024394",
        "socket:type2": "1",
        "socket:type2:output": "3.7 kW"
      },
      "geometry": {
        "type": "Point",
        "coordinates": [
          13.5777799,
          52.5152446
        ]
      },
      "id": "node/13807667648"
    },
    {
      "type": "Feature",
      "properties": {
        "@id": "node/13808905096",
        "amenity": "charging_station",
        "bicycle": "no",
        "brand": "Alpitronic",
        "capacity:motorcar": "2",
        "operator": "Aldi",
        "operator:wikidata": "Q41171373"
      },
      "geometry": {
        "type": "Point",
        "coordinates": [
          13.2478749,
          52.5406194
        ]
      },
      "id": "node/13808905096"
    },
    {
      "type": "Feature",
      "properties": {
        "@id": "node/13809508743",
        "access": "yes",
        "amenity": "charging_station",
        "capacity": "2",
        "check_date": "2026-05-08",
        "fee": "yes",
        "operator": "Berliner Stadtwerke",
        "payment:cash": "no",
        "payment:credit_cards": "yes",
        "payment:debit_cards": "yes"
      },
      "geometry": {
        "type": "Point",
        "coordinates": [
          13.3926804,
          52.5341302
        ]
      },
      "id": "node/13809508743"
    },
    {
      "type": "Feature",
      "properties": {
        "@id": "node/13809508760",
        "amenity": "charging_station",
        "capacity": "2",
        "check_date": "2026-05-08",
        "fee": "yes"
      },
      "geometry": {
        "type": "Point",
        "coordinates": [
          13.3925449,
          52.5341849
        ]
      },
      "id": "node/13809508760"
    },
    {
      "type": "Feature",
      "properties": {
        "@id": "node/13809523313",
        "access": "yes",
        "amenity": "charging_station",
        "bicycle": "no",
        "brand": "Shell Recharge",
        "capacity": "1",
        "operator": "ubitricity",
        "socket:type": "type2",
        "socket:type:output": "3700"
      },
      "geometry": {
        "type": "Point",
        "coordinates": [
          13.4135903,
          52.4638462
        ]
      },
      "id": "node/13809523313"
    },
    {
      "type": "Feature",
      "properties": {
        "@id": "node/13809527187",
        "amenity": "charging_station"
      },
      "geometry": {
        "type": "Point",
        "coordinates": [
          13.3455668,
          52.5433677
        ]
      },
      "id": "node/13809527187"
    },
    {
      "type": "Feature",
      "properties": {
        "@id": "node/13810188825",
        "amenity": "charging_station",
        "bicycle": "no",
        "capacity:motorcar": "2",
        "check_date": "2026-09-07",
        "check_date:capacity:motorcar": "2026-06-21"
      },
      "geometry": {
        "type": "Point",
        "coordinates": [
          13.4817686,
          52.5141893
        ]
      },
      "id": "node/13810188825"
    },
    {
      "type": "Feature",
      "properties": {
        "@id": "node/13810278479",
        "amenity": "charging_station",
        "check_date": "2026-05-08"
      },
      "geometry": {
        "type": "Point",
        "coordinates": [
          13.4145305,
          52.5306842
        ]
      },
      "id": "node/13810278479"
    },
    {
      "type": "Feature",
      "properties": {
        "@id": "node/13812940918",
        "amenity": "charging_station",
        "brand": "Jolt",
        "capacity": "2",
        "fee": "yes",
        "maxstay": "45 minutes"
      },
      "geometry": {
        "type": "Point",
        "coordinates": [
          13.5507005,
          52.562073
        ]
      },
      "id": "node/13812940918"
    },
    {
      "type": "Feature",
      "properties": {
        "@id": "node/13817953749",
        "access": "yes",
        "addr:postcode": "13507",
        "amenity": "charging_station",
        "capacity": "2",
        "check_date": "2026-05-11",
        "name": "Berliner Stadtwerke Ladestation",
        "opening_hours": "24/7",
        "operator": "Berliner Stadtwerke",
        "operator:wikidata": "Q21969102",
        "payment:app": "yes",
        "payment:credit_cards": "yes",
        "payment:paypal": "yes",
        "socket:type2": "2"
      },
      "geometry": {
        "type": "Point",
        "coordinates": [
          13.2768161,
          52.5859448
        ]
      },
      "id": "node/13817953749"
    },
    {
      "type": "Feature",
      "properties": {
        "@id": "node/13817953750",
        "access": "yes",
        "addr:postcode": "13507",
        "amenity": "charging_station",
        "capacity": "2",
        "check_date": "2026-05-11",
        "name": "Berliner Stadtwerke Ladestation",
        "opening_hours": "24/7",
        "operator": "Berliner Stadtwerke",
        "operator:wikidata": "Q21969102",
        "payment:app": "yes",
        "payment:credit_cards": "yes",
        "payment:paypal": "yes",
        "socket:type2": "2"
      },
      "geometry": {
        "type": "Point",
        "coordinates": [
          13.2863628,
          52.5887054
        ]
      },
      "id": "node/13817953750"
    },
    {
      "type": "Feature",
      "properties": {
        "@id": "node/13819040401",
        "amenity": "charging_station",
        "check_date": "2026-05-11",
        "socket:type2": "2"
      },
      "geometry": {
        "type": "Point",
        "coordinates": [
          13.4114188,
          52.555883
        ]
      },
      "id": "node/13819040401"
    },
    {
      "type": "Feature",
      "properties": {
        "@id": "node/13822036823",
        "amenity": "charging_station",
        "bicycle": "no",
        "capacity:motorcar": "2",
        "operator": "Qwello"
      },
      "geometry": {
        "type": "Point",
        "coordinates": [
          13.3532594,
          52.4886609
        ]
      },
      "id": "node/13822036823"
    },
    {
      "type": "Feature",
      "properties": {
        "@id": "node/13822401848",
        "access": "yes",
        "amenity": "charging_station",
        "capacity": "2",
        "fee": "yes"
      },
      "geometry": {
        "type": "Point",
        "coordinates": [
          13.4285682,
          52.5530551
        ]
      },
      "id": "node/13822401848"
    },
    {
      "type": "Feature",
      "properties": {
        "@id": "node/13822401849",
        "access": "yes",
        "amenity": "charging_station",
        "capacity": "2",
        "fee": "yes"
      },
      "geometry": {
        "type": "Point",
        "coordinates": [
          13.4284854,
          52.5530651
        ]
      },
      "id": "node/13822401849"
    },
    {
      "type": "Feature",
      "properties": {
        "@id": "node/13828880888",
        "amenity": "charging_station",
        "capacity": "2"
      },
      "geometry": {
        "type": "Point",
        "coordinates": [
          13.3004688,
          52.5309481
        ]
      },
      "id": "node/13828880888"
    },
    {
      "type": "Feature",
      "properties": {
        "@id": "node/13831198668",
        "access": "yes",
        "amenity": "charging_station",
        "brand": "E.ON Drive",
        "brand:wikidata": "Q126650419",
        "capacity": "2",
        "check_date": "2026-05-15",
        "covered": "no",
        "fee": "yes",
        "opening_hours": "24/7",
        "operator": "E.ON",
        "operator:wikidata": "Q270223",
        "payment:mastercard": "yes",
        "payment:visa": "yes",
        "ref": "DE*UFC*E01078*1;DE*UFC*E01078*2"
      },
      "geometry": {
        "type": "Point",
        "coordinates": [
          13.4182841,
          52.5310069
        ]
      },
      "id": "node/13831198668"
    },
    {
      "type": "Feature",
      "properties": {
        "@id": "node/13839586132",
        "amenity": "charging_station",
        "capacity": "2",
        "operator": "EZE",
        "operator:wikidata": "Q127690117"
      },
      "geometry": {
        "type": "Point",
        "coordinates": [
          13.3555166,
          52.411821
        ]
      },
      "id": "node/13839586132"
    },
    {
      "type": "Feature",
      "properties": {
        "@id": "node/13840057696",
        "access": "yes",
        "amenity": "charging_station",
        "capacity": "2",
        "check_date": "2026-05-17",
        "fee": "yes",
        "operator": "Berliner Stadtwerke",
        "operator:wikidata": "Q21969102"
      },
      "geometry": {
        "type": "Point",
        "coordinates": [
          13.5251235,
          52.4643797
        ]
      },
      "id": "node/13840057696"
    },
    {
      "type": "Feature",
      "properties": {
        "@id": "node/13843280865",
        "access": "yes",
        "amenity": "charging_station",
        "brand": "ubitricity",
        "brand:wikidata": "Q113699692",
        "capacity": "1",
        "name": "ubitricity",
        "operator": "ubitricity",
        "operator:wikidata": "Q113699692"
      },
      "geometry": {
        "type": "Point",
        "coordinates": [
          13.5320026,
          52.4580487
        ]
      },
      "id": "node/13843280865"
    },
    {
      "type": "Feature",
      "properties": {
        "@id": "node/13843280874",
        "access": "yes",
        "amenity": "charging_station",
        "brand": "ubitricity",
        "brand:wikidata": "Q113699692",
        "name": "ubitricity",
        "operator": "ubitricity",
        "operator:wikidata": "Q113699692"
      },
      "geometry": {
        "type": "Point",
        "coordinates": [
          13.5309057,
          52.4589117
        ]
      },
      "id": "node/13843280874"
    },
    {
      "type": "Feature",
      "properties": {
        "@id": "node/13846942404",
        "amenity": "charging_station",
        "capacity": "1",
        "motor_vehicle": "yes"
      },
      "geometry": {
        "type": "Point",
        "coordinates": [
          13.3932754,
          52.4667568
        ]
      },
      "id": "node/13846942404"
    },
    {
      "type": "Feature",
      "properties": {
        "@id": "node/13848485800",
        "amenity": "charging_station",
        "bicycle": "no",
        "capacity:motorcar": "2",
        "operator": "EZE",
        "operator:wikidata": "Q127690117"
      },
      "geometry": {
        "type": "Point",
        "coordinates": [
          13.4951599,
          52.5061584
        ]
      },
      "id": "node/13848485800"
    },
    {
      "type": "Feature",
      "properties": {
        "@id": "node/13859085138",
        "amenity": "charging_station",
        "bicycle": "no",
        "capacity:motorcar": "2",
        "operator": "EZE"
      },
      "geometry": {
        "type": "Point",
        "coordinates": [
          13.3520903,
          52.4874994
        ]
      },
      "id": "node/13859085138"
    },
    {
      "type": "Feature",
      "properties": {
        "@id": "node/13866720667",
        "amenity": "charging_station",
        "bicycle": "no",
        "capacity:motorcar": "1",
        "operator": "autostrom plus GmbH",
        "operator:wikidata": "Q131033532",
        "ref:EU:EVSE": "DE*UBI*E10089034"
      },
      "geometry": {
        "type": "Point",
        "coordinates": [
          13.4501774,
          52.5534333
        ]
      },
      "id": "node/13866720667"
    },
    {
      "type": "Feature",
      "properties": {
        "@id": "node/13877298563",
        "addr:housenumber": "25",
        "addr:street": "Krügerstraße",
        "amenity": "charging_station",
        "bicycle": "no",
        "capacity": "2",
        "check_date": "2026-05-25",
        "operator": "Berliner Stadtwerke",
        "operator:wikidata": "Q21969102",
        "payment:cash": "no",
        "payment:credit_cards": "yes",
        "payment:debit_cards": "yes",
        "payment:paypal": "yes",
        "payment:visa": "yes"
      },
      "geometry": {
        "type": "Point",
        "coordinates": [
          13.4292658,
          52.5505641
        ]
      },
      "id": "node/13877298563"
    },
    {
      "type": "Feature",
      "properties": {
        "@id": "node/13877824392",
        "amenity": "charging_station",
        "charging_station:output": "3.7 kW"
      },
      "geometry": {
        "type": "Point",
        "coordinates": [
          13.4108288,
          52.4125744
        ]
      },
      "id": "node/13877824392"
    },
    {
      "type": "Feature",
      "properties": {
        "@id": "node/13895499304",
        "access": "yes",
        "amenity": "charging_station",
        "brand": "ubitricity",
        "brand:wikidata": "Q113699692",
        "capacity": "1",
        "fee": "yes",
        "name": "ubitricity",
        "operator": "ubitricity",
        "operator:wikidata": "Q113699692",
        "ref:EU:EVSE": "DE*UBI*E10029658"
      },
      "geometry": {
        "type": "Point",
        "coordinates": [
          13.614224,
          52.5201138
        ]
      },
      "id": "node/13895499304"
    },
    {
      "type": "Feature",
      "properties": {
        "@id": "node/13895914050",
        "amenity": "charging_station",
        "bicycle": "no",
        "capacity:motorcar": "2"
      },
      "geometry": {
        "type": "Point",
        "coordinates": [
          13.2424074,
          52.5436664
        ]
      },
      "id": "node/13895914050"
    },
    {
      "type": "Feature",
      "properties": {
        "@id": "node/13898395484",
        "amenity": "charging_station",
        "brand": "Aldi",
        "capacity": "2",
        "mapillary": "1528940308895986",
        "operator": "Aldi",
        "operator:wikidata": "Q41171373"
      },
      "geometry": {
        "type": "Point",
        "coordinates": [
          13.5342669,
          52.5246015
        ]
      },
      "id": "node/13898395484"
    },
    {
      "type": "Feature",
      "properties": {
        "@id": "node/13907186365",
        "amenity": "charging_station"
      },
      "geometry": {
        "type": "Point",
        "coordinates": [
          13.3458268,
          52.4635807
        ]
      },
      "id": "node/13907186365"
    },
    {
      "type": "Feature",
      "properties": {
        "@id": "node/13907186366",
        "amenity": "charging_station"
      },
      "geometry": {
        "type": "Point",
        "coordinates": [
          13.3458329,
          52.4635365
        ]
      },
      "id": "node/13907186366"
    },
    {
      "type": "Feature",
      "properties": {
        "@id": "node/13907186367",
        "amenity": "charging_station"
      },
      "geometry": {
        "type": "Point",
        "coordinates": [
          13.345839,
          52.463498
        ]
      },
      "id": "node/13907186367"
    },
    {
      "type": "Feature",
      "properties": {
        "@id": "node/13911759762",
        "amenity": "charging_station",
        "bicycle": "no",
        "capacity:motorcar": "1",
        "operator": "Shell Recharge"
      },
      "geometry": {
        "type": "Point",
        "coordinates": [
          13.4796304,
          52.5193461
        ]
      },
      "id": "node/13911759762"
    },
    {
      "type": "Feature",
      "properties": {
        "@id": "node/13914976685",
        "access": "yes",
        "addr:housenumber": "5",
        "addr:street": "Usedomer Straße",
        "amenity": "charging_station",
        "capacity": "2",
        "check_date": "2026-06-06",
        "fee": "yes"
      },
      "geometry": {
        "type": "Point",
        "coordinates": [
          13.3925128,
          52.540856
        ]
      },
      "id": "node/13914976685"
    },
    {
      "type": "Feature",
      "properties": {
        "@id": "node/13920547059",
        "amenity": "charging_station",
        "bicycle": "no",
        "capacity:motorcar": "1",
        "check_date": "2026-06-21",
        "operator": "ubitricity"
      },
      "geometry": {
        "type": "Point",
        "coordinates": [
          13.4826615,
          52.5177946
        ]
      },
      "id": "node/13920547059"
    },
    {
      "type": "Feature",
      "properties": {
        "@id": "node/13920827425",
        "amenity": "charging_station",
        "bicycle": "no",
        "capacity:motorcar": "2",
        "check_date": "2026-06-22",
        "operator": "Berliner Stadtwerke"
      },
      "geometry": {
        "type": "Point",
        "coordinates": [
          13.4815683,
          52.515149
        ]
      },
      "id": "node/13920827425"
    },
    {
      "type": "Feature",
      "properties": {
        "@id": "node/13930500642",
        "amenity": "charging_station"
      },
      "geometry": {
        "type": "Point",
        "coordinates": [
          13.3808446,
          52.5125299
        ]
      },
      "id": "node/13930500642"
    },
    {
      "type": "Feature",
      "properties": {
        "@id": "node/13930551321",
        "amenity": "charging_station"
      },
      "geometry": {
        "type": "Point",
        "coordinates": [
          13.3806559,
          52.5125981
        ]
      },
      "id": "node/13930551321"
    },
    {
      "type": "Feature",
      "properties": {
        "@id": "node/13931695051",
        "amenity": "charging_station",
        "capacity": "2",
        "fee": "yes",
        "operator": "Berliner Stadtwerke",
        "operator:wikidata": "Q21969102",
        "ref:EU:EVSE": "DE*BSW*E605868*868,DE*BSW*E605869*869",
        "socket:type2:output": "22 kW"
      },
      "geometry": {
        "type": "Point",
        "coordinates": [
          13.3714701,
          52.5519516
        ]
      },
      "id": "node/13931695051"
    },
    {
      "type": "Feature",
      "properties": {
        "@id": "node/13938799186",
        "amenity": "charging_station",
        "bicycle": "no",
        "capacity:motorcar": "2",
        "operator": "EZE"
      },
      "geometry": {
        "type": "Point",
        "coordinates": [
          13.4995515,
          52.515555
        ]
      },
      "id": "node/13938799186"
    },
    {
      "type": "Feature",
      "properties": {
        "@id": "node/13944619458",
        "access": "private",
        "amenity": "charging_station",
        "capacity": "2",
        "motorcar": "yes",
        "socket:type2": "2",
        "socket:type2:output": "22 kW"
      },
      "geometry": {
        "type": "Point",
        "coordinates": [
          13.2902175,
          52.4588648
        ]
      },
      "id": "node/13944619458"
    },
    {
      "type": "Feature",
      "properties": {
        "@id": "node/13946165872",
        "amenity": "charging_station",
        "bicycle": "no",
        "capacity:motorcar": "2",
        "operator": "TotalEnergies"
      },
      "geometry": {
        "type": "Point",
        "coordinates": [
          13.3897684,
          52.5399088
        ]
      },
      "id": "node/13946165872"
    },
    {
      "type": "Feature",
      "properties": {
        "@id": "node/13951386531",
        "access": "yes",
        "amenity": "charging_station",
        "brand": "ubitricity",
        "brand:wikidata": "Q113699692",
        "capacity": "1",
        "name": "ubitricity",
        "operator": "ubitricity",
        "operator:wikidata": "Q113699692",
        "socket:type2": "1",
        "socket:type2:output": "3.7 kW"
      },
      "geometry": {
        "type": "Point",
        "coordinates": [
          13.3818966,
          52.5598079
        ]
      },
      "id": "node/13951386531"
    },
    {
      "type": "Feature",
      "properties": {
        "@id": "node/13960231023",
        "amenity": "charging_station",
        "bicycle": "no",
        "capacity:motorcar": "2",
        "operator": "EZE"
      },
      "geometry": {
        "type": "Point",
        "coordinates": [
          13.3149962,
          52.5106936
        ]
      },
      "id": "node/13960231023"
    },
    {
      "type": "Feature",
      "properties": {
        "@id": "node/13961677998",
        "access": "yes",
        "amenity": "charging_station",
        "brand": "ubitricity",
        "brand:wikidata": "Q113699692",
        "capacity": "1",
        "name": "ubitricity",
        "operator": "ubitricity",
        "operator:wikidata": "Q113699692",
        "socket:type2": "1",
        "socket:type2:output": "3.7 kW"
      },
      "geometry": {
        "type": "Point",
        "coordinates": [
          13.3929903,
          52.5568825
        ]
      },
      "id": "node/13961677998"
    },
    {
      "type": "Feature",
      "properties": {
        "@id": "node/13974797881",
        "access": "yes",
        "amenity": "charging_station",
        "capacity": "2",
        "not:operator:wikidata": "Q75560554",
        "operator": "Berliner Stadtwerke",
        "operator:wikidata": "Q21969102",
        "socket:type2": "2",
        "socket:type2:output": "22 kW"
      },
      "geometry": {
        "type": "Point",
        "coordinates": [
          13.4092796,
          52.5554804
        ]
      },
      "id": "node/13974797881"
    },
    {
      "type": "Feature",
      "properties": {
        "@id": "node/13978845299",
        "access": "yes",
        "addr:floor": "0",
        "addr:housenumber": "15",
        "addr:street": "Franz-Künstler-Straße",
        "amenity": "charging_station",
        "capacity": "2",
        "check_date": "2026-06-30",
        "fee": "yes",
        "level": "0",
        "operator": "Deutsche Wohnen",
        "payment:cash": "yes",
        "payment:credit_cards": "yes",
        "payment:debit_cards": "yes"
      },
      "geometry": {
        "type": "Point",
        "coordinates": [
          13.3996282,
          52.501615
        ]
      },
      "id": "node/13978845299"
    },
    {
      "type": "Feature",
      "properties": {
        "@id": "node/13987802536",
        "amenity": "charging_station",
        "bicycle": "no",
        "capacity:motorcar": "1",
        "operator": "Bio Company"
      },
      "geometry": {
        "type": "Point",
        "coordinates": [
          13.6250616,
          52.4470668
        ]
      },
      "id": "node/13987802536"
    },
    {
      "type": "Feature",
      "properties": {
        "@id": "node/14004626084",
        "amenity": "charging_station",
        "capacity": "2",
        "motorcar": "yes",
        "socket:type2": "2",
        "socket:type2:output": "11 kW"
      },
      "geometry": {
        "type": "Point",
        "coordinates": [
          13.4453595,
          52.4935408
        ]
      },
      "id": "node/14004626084"
    },
    {
      "type": "Feature",
      "properties": {
        "@id": "node/14011015829",
        "amenity": "charging_station",
        "bicycle": "no",
        "capacity:motorcar": "1",
        "operator": "Qwello"
      },
      "geometry": {
        "type": "Point",
        "coordinates": [
          13.3915794,
          52.5539706
        ]
      },
      "id": "node/14011015829"
    },
    {
      "type": "Feature",
      "properties": {
        "@id": "node/14011024941",
        "amenity": "charging_station"
      },
      "geometry": {
        "type": "Point",
        "coordinates": [
          13.3897268,
          52.5529259
        ]
      },
      "id": "node/14011024941"
    },
    {
      "type": "Feature",
      "properties": {
        "@id": "node/14011028985",
        "amenity": "charging_station",
        "bicycle": "no",
        "capacity:motorcar": "1",
        "operator": "Qwello"
      },
      "geometry": {
        "type": "Point",
        "coordinates": [
          13.391474,
          52.5539103
        ]
      },
      "id": "node/14011028985"
    },
    {
      "type": "Feature",
      "properties": {
        "@id": "node/14014890955",
        "amenity": "charging_station",
        "bicycle": "no",
        "capacity:motorcar": "1",
        "operator": "Shell Recharge"
      },
      "geometry": {
        "type": "Point",
        "coordinates": [
          13.4052135,
          52.4095781
        ]
      },
      "id": "node/14014890955"
    },
    {
      "type": "Feature",
      "properties": {
        "@id": "node/14024183891",
        "access": "yes",
        "amenity": "charging_station",
        "bicycle": "no",
        "brand": "Vattenfall InCharge",
        "capacity": "2",
        "opening_hours": "24/7",
        "socket:type2_cable": "2",
        "socket:type2_cable:current": "400",
        "socket:type2_cable:output": "180 kW"
      },
      "geometry": {
        "type": "Point",
        "coordinates": [
          13.5562221,
          52.4341595
        ]
      },
      "id": "node/14024183891"
    },
    {
      "type": "Feature",
      "properties": {
        "@id": "node/14024183892",
        "amenity": "charging_station",
        "bicycle": "no",
        "brand": "Vattenfall InCharge",
        "capacity": "6"
      },
      "geometry": {
        "type": "Point",
        "coordinates": [
          13.5561155,
          52.4342408
        ]
      },
      "id": "node/14024183892"
    },
    {
      "type": "Feature",
      "properties": {
        "@id": "node/14028476672",
        "amenity": "charging_station",
        "capacity:motorcar": "2",
        "operator": "quello"
      },
      "geometry": {
        "type": "Point",
        "coordinates": [
          13.4165108,
          52.420949
        ]
      },
      "id": "node/14028476672"
    },
    {
      "type": "Feature",
      "properties": {
        "@id": "node/14041606106",
        "amenity": "charging_station"
      },
      "geometry": {
        "type": "Point",
        "coordinates": [
          13.4048442,
          52.4095151
        ]
      },
      "id": "node/14041606106"
    },
    {
      "type": "Feature",
      "properties": {
        "@id": "node/14046864874",
        "access": "yes",
        "amenity": "charging_station",
        "bicycle": "no",
        "capacity": "2",
        "check_date": "2026-07-24",
        "fee": "yes",
        "opening_hours": "24/7",
        "operator": "Qwello"
      },
      "geometry": {
        "type": "Point",
        "coordinates": [
          13.4798097,
          52.5057861
        ]
      },
      "id": "node/14046864874"
    },
    {
      "type": "Feature",
      "properties": {
        "@id": "node/14048128769",
        "amenity": "charging_station",
        "check_date": "2026-07-25",
        "operator": "Shell Recharge",
        "payment:app": "yes",
        "payment:cash": "yes",
        "payment:credit_cards": "yes",
        "payment:debit_cards": "yes"
      },
      "geometry": {
        "type": "Point",
        "coordinates": [
          13.376863,
          52.565015
        ]
      },
      "id": "node/14048128769"
    },
    {
      "type": "Feature",
      "properties": {
        "@id": "node/14053806147",
        "access": "no",
        "amenity": "charging_station",
        "capacity": "2",
        "taxi": "designated"
      },
      "geometry": {
        "type": "Point",
        "coordinates": [
          13.4114243,
          52.504793
        ]
      },
      "id": "node/14053806147"
    },
    {
      "type": "Feature",
      "properties": {
        "@id": "node/14054818778",
        "amenity": "charging_station",
        "capacity": "2",
        "motorcar": "yes"
      },
      "geometry": {
        "type": "Point",
        "coordinates": [
          13.4073474,
          52.5037746
        ]
      },
      "id": "node/14054818778"
    },
    {
      "type": "Feature",
      "properties": {
        "@id": "node/14064342662",
        "amenity": "charging_station",
        "bicycle": "no",
        "capacity:motorcar": "2",
        "operator": "Vattenfall"
      },
      "geometry": {
        "type": "Point",
        "coordinates": [
          13.286512,
          52.5169136
        ]
      },
      "id": "node/14064342662"
    },
    {
      "type": "Feature",
      "properties": {
        "@id": "node/14064376424",
        "amenity": "charging_station",
        "bicycle": "no",
        "capacity:motorcar": "2",
        "operator": "Vattenfall"
      },
      "geometry": {
        "type": "Point",
        "coordinates": [
          13.2865882,
          52.5169127
        ]
      },
      "id": "node/14064376424"
    },
    {
      "type": "Feature",
      "properties": {
        "@id": "node/14064381015",
        "amenity": "charging_station",
        "bicycle": "no",
        "capacity:motorcar": "2",
        "operator": "Vattenfall"
      },
      "geometry": {
        "type": "Point",
        "coordinates": [
          13.2866908,
          52.5169315
        ]
      },
      "id": "node/14064381015"
    },
    {
      "type": "Feature",
      "properties": {
        "@id": "node/14074588660",
        "access": "yes",
        "amenity": "charging_station",
        "bicycle": "no",
        "brand": "Shell Recharge",
        "brand:wikidata": "Q105883058",
        "capacity": "1",
        "capacity:motorcar": "1",
        "check_date": "2026-08-06",
        "check_date:capacity:motorcar": "2026-08-06",
        "fee": "yes",
        "operator": "Shell Recharge",
        "operator:wikidata": "Q105883058",
        "ref:EU:EVSE": "DE*UBI*E10008052"
      },
      "geometry": {
        "type": "Point",
        "coordinates": [
          13.3752879,
          52.5423491
        ]
      },
      "id": "node/14074588660"
    },
    {
      "type": "Feature",
      "properties": {
        "@id": "node/14076859537",
        "access": "yes",
        "amenity": "charging_station",
        "bicycle": "no",
        "brand": "Shell Recharge",
        "brand:wikidata": "Q105883058",
        "capacity": "1",
        "capacity:motorcar": "1",
        "check_date": "2026-08-06",
        "check_date:capacity:motorcar": "2026-08-06",
        "fee": "yes",
        "operator": "Shell Recharge",
        "operator:wikidata": "Q105883058",
        "ref:EU:EVSE": "DE*UBI*E10049039"
      },
      "geometry": {
        "type": "Point",
        "coordinates": [
          13.3737748,
          52.5421824
        ]
      },
      "id": "node/14076859537"
    },
    {
      "type": "Feature",
      "properties": {
        "@id": "node/14076979461",
        "access": "yes",
        "amenity": "charging_station",
        "capacity": "22",
        "operator": "Berliner Stadtwerke GmbH",
        "ref:EU:EVSE": "DE*BSW*E603014*014"
      },
      "geometry": {
        "type": "Point",
        "coordinates": [
          13.1287924,
          52.4733489
        ]
      },
      "id": "node/14076979461"
    },
    {
      "type": "Feature",
      "properties": {
        "@id": "node/14084378411",
        "amenity": "charging_station",
        "bicycle": "no",
        "capacity:motorcar": "1",
        "operator": "ubitricity"
      },
      "geometry": {
        "type": "Point",
        "coordinates": [
          13.3413459,
          52.435167
        ]
      },
      "id": "node/14084378411"
    },
    {
      "type": "Feature",
      "properties": {
        "@id": "node/14097357236",
        "amenity": "charging_station",
        "bicycle": "no",
        "capacity:motorcar": "2",
        "operator": "E.ON"
      },
      "geometry": {
        "type": "Point",
        "coordinates": [
          13.3419007,
          52.4866415
        ]
      },
      "id": "node/14097357236"
    },
    {
      "type": "Feature",
      "properties": {
        "@id": "node/14101620934",
        "access": "yes",
        "amenity": "charging_station",
        "capacity": "2",
        "operator": "LichtBlick eMobility GmbH",
        "socket:type2:output": "22 kW"
      },
      "geometry": {
        "type": "Point",
        "coordinates": [
          13.5253284,
          52.4427902
        ]
      },
      "id": "node/14101620934"
    },
    {
      "type": "Feature",
      "properties": {
        "@id": "node/14101620935",
        "access": "yes",
        "amenity": "charging_station",
        "capacity": "2",
        "operator": "LichtBlick eMobility GmbH",
        "socket:type2:output": "22 kW"
      },
      "geometry": {
        "type": "Point",
        "coordinates": [
          13.5248835,
          52.4430764
        ]
      },
      "id": "node/14101620935"
    },
    {
      "type": "Feature",
      "properties": {
        "@id": "node/14101620936",
        "access": "yes",
        "amenity": "charging_station",
        "capacity": "2",
        "operator": "LichtBlick eMobility GmbH",
        "socket:type2:output": "22 kW"
      },
      "geometry": {
        "type": "Point",
        "coordinates": [
          13.5250133,
          52.4429927
        ]
      },
      "id": "node/14101620936"
    },
    {
      "type": "Feature",
      "properties": {
        "@id": "node/14101620937",
        "access": "yes",
        "amenity": "charging_station",
        "capacity": "2",
        "operator": "LichtBlick eMobility GmbH",
        "socket:type2:output": "22 kW"
      },
      "geometry": {
        "type": "Point",
        "coordinates": [
          13.5250941,
          52.4431231
        ]
      },
      "id": "node/14101620937"
    },
    {
      "type": "Feature",
      "properties": {
        "@id": "node/14101620938",
        "access": "yes",
        "amenity": "charging_station",
        "capacity": "2",
        "operator": "LichtBlick eMobility GmbH",
        "socket:type2:output": "22 kW"
      },
      "geometry": {
        "type": "Point",
        "coordinates": [
          13.524965,
          52.4430242
        ]
      },
      "id": "node/14101620938"
    },
    {
      "type": "Feature",
      "properties": {
        "@id": "node/14101620939",
        "access": "yes",
        "amenity": "charging_station",
        "capacity": "2",
        "operator": "LichtBlick eMobility GmbH",
        "socket:type2:output": "22 kW"
      },
      "geometry": {
        "type": "Point",
        "coordinates": [
          13.5249233,
          52.4430501
        ]
      },
      "id": "node/14101620939"
    },
    {
      "type": "Feature",
      "properties": {
        "@id": "node/14101620940",
        "access": "yes",
        "amenity": "charging_station",
        "capacity": "2",
        "operator": "LichtBlick eMobility GmbH",
        "socket:type2:output": "22 kW"
      },
      "geometry": {
        "type": "Point",
        "coordinates": [
          13.5251684,
          52.4430721
        ]
      },
      "id": "node/14101620940"
    },
    {
      "type": "Feature",
      "properties": {
        "@id": "node/14101620941",
        "access": "yes",
        "amenity": "charging_station",
        "capacity": "2",
        "operator": "LichtBlick eMobility GmbH",
        "socket:type2:output": "22 kW"
      },
      "geometry": {
        "type": "Point",
        "coordinates": [
          13.5247151,
          52.4431876
        ]
      },
      "id": "node/14101620941"
    },
    {
      "type": "Feature",
      "properties": {
        "@id": "node/14101620942",
        "access": "yes",
        "amenity": "charging_station",
        "capacity": "2",
        "operator": "LichtBlick eMobility GmbH",
        "socket:type2:output": "22 kW"
      },
      "geometry": {
        "type": "Point",
        "coordinates": [
          13.5251555,
          52.4428964
        ]
      },
      "id": "node/14101620942"
    },
    {
      "type": "Feature",
      "properties": {
        "@id": "node/14101620943",
        "access": "yes",
        "amenity": "charging_station",
        "capacity": "2",
        "operator": "LichtBlick eMobility GmbH",
        "socket:type2:output": "22 kW"
      },
      "geometry": {
        "type": "Point",
        "coordinates": [
          13.5251974,
          52.4428719
        ]
      },
      "id": "node/14101620943"
    },
    {
      "type": "Feature",
      "properties": {
        "@id": "node/14101620944",
        "access": "yes",
        "amenity": "charging_station",
        "capacity": "2",
        "operator": "LichtBlick eMobility GmbH",
        "socket:type2:output": "22 kW"
      },
      "geometry": {
        "type": "Point",
        "coordinates": [
          13.5252386,
          52.4428472
        ]
      },
      "id": "node/14101620944"
    },
    {
      "type": "Feature",
      "properties": {
        "@id": "node/14101620945",
        "access": "yes",
        "amenity": "charging_station",
        "capacity": "2",
        "operator": "LichtBlick eMobility GmbH",
        "socket:type2:output": "22 kW"
      },
      "geometry": {
        "type": "Point",
        "coordinates": [
          13.5248401,
          52.4431048
        ]
      },
      "id": "node/14101620945"
    },
    {
      "type": "Feature",
      "properties": {
        "@id": "node/14101620946",
        "access": "yes",
        "amenity": "charging_station",
        "capacity": "2",
        "operator": "LichtBlick eMobility GmbH",
        "socket:type2:output": "22 kW"
      },
      "geometry": {
        "type": "Point",
        "coordinates": [
          13.5247982,
          52.4431324
        ]
      },
      "id": "node/14101620946"
    },
    {
      "type": "Feature",
      "properties": {
        "@id": "node/14101620947",
        "access": "yes",
        "amenity": "charging_station",
        "capacity": "2",
        "operator": "LichtBlick eMobility GmbH",
        "socket:type2:output": "22 kW"
      },
      "geometry": {
        "type": "Point",
        "coordinates": [
          13.5251328,
          52.443096
        ]
      },
      "id": "node/14101620947"
    },
    {
      "type": "Feature",
      "properties": {
        "@id": "node/14101620948",
        "access": "yes",
        "amenity": "charging_station",
        "capacity": "2",
        "operator": "LichtBlick eMobility GmbH",
        "socket:type2:output": "22 kW"
      },
      "geometry": {
        "type": "Point",
        "coordinates": [
          13.5252792,
          52.442821
        ]
      },
      "id": "node/14101620948"
    },
    {
      "type": "Feature",
      "properties": {
        "@id": "node/14102425381",
        "amenity": "charging_station",
        "bicycle": "no",
        "capacity": "2",
        "motorcar": "yes",
        "operator": "Berliner Stadtwerke"
      },
      "geometry": {
        "type": "Point",
        "coordinates": [
          13.4373247,
          52.5361891
        ]
      },
      "id": "node/14102425381"
    },
    {
      "type": "Feature",
      "properties": {
        "@id": "node/14105625859",
        "amenity": "charging_station",
        "bicycle": "no",
        "capacity:motorcar": "2",
        "operator": "EZE"
      },
      "geometry": {
        "type": "Point",
        "coordinates": [
          13.2102344,
          52.5324119
        ]
      },
      "id": "node/14105625859"
    },
    {
      "type": "Feature",
      "properties": {
        "@id": "node/14113581594",
        "amenity": "charging_station"
      },
      "geometry": {
        "type": "Point",
        "coordinates": [
          13.2054216,
          52.5354516
        ]
      },
      "id": "node/14113581594"
    },
    {
      "type": "Feature",
      "properties": {
        "@id": "node/14118583155",
        "amenity": "charging_station",
        "authentication:membership_card": "yes",
        "authentication:none": "yes",
        "brand": "ubitricity",
        "brand:wikidata": "Q113699692",
        "fee": "yes",
        "motorcar": "yes",
        "name": "ubitricity",
        "operator": "ubitricity",
        "operator:wikidata": "Q113699692",
        "parking:fee": "no",
        "socket:type2": "1",
        "socket:type2:current": "16 A",
        "socket:type2:output": "3,7 kW",
        "voltage": "230"
      },
      "geometry": {
        "type": "Point",
        "coordinates": [
          13.4973151,
          52.4374379
        ]
      },
      "id": "node/14118583155"
    },
    {
      "type": "Feature",
      "properties": {
        "@id": "node/14118583156",
        "amenity": "charging_station",
        "authentication:membership_card": "yes",
        "authentication:none": "yes",
        "brand": "ubitricity",
        "brand:wikidata": "Q113699692",
        "fee": "yes",
        "motorcar": "yes",
        "name": "ubitricity",
        "operator": "ubitricity",
        "operator:wikidata": "Q113699692",
        "parking:fee": "no",
        "socket:type2": "1",
        "socket:type2:current": "16 A",
        "socket:type2:output": "3,7 kW",
        "voltage": "230"
      },
      "geometry": {
        "type": "Point",
        "coordinates": [
          13.4976158,
          52.4378402
        ]
      },
      "id": "node/14118583156"
    },
    {
      "type": "Feature",
      "properties": {
        "@id": "node/14118583157",
        "amenity": "charging_station",
        "authentication:membership_card": "yes",
        "authentication:none": "yes",
        "brand": "ubitricity",
        "brand:wikidata": "Q113699692",
        "fee": "yes",
        "motorcar": "yes",
        "name": "ubitricity",
        "operator": "ubitricity",
        "operator:wikidata": "Q113699692",
        "parking:fee": "no",
        "socket:type2": "1",
        "socket:type2:current": "16 A",
        "socket:type2:output": "3,7 kW",
        "voltage": "230"
      },
      "geometry": {
        "type": "Point",
        "coordinates": [
          13.4979453,
          52.4382676
        ]
      },
      "id": "node/14118583157"
    },
    {
      "type": "Feature",
      "properties": {
        "@id": "node/14118583158",
        "amenity": "charging_station",
        "authentication:membership_card": "yes",
        "authentication:none": "yes",
        "brand": "ubitricity",
        "brand:wikidata": "Q113699692",
        "fee": "yes",
        "motorcar": "yes",
        "name": "ubitricity",
        "operator": "ubitricity",
        "operator:wikidata": "Q113699692",
        "parking:fee": "no",
        "socket:type2": "1",
        "socket:type2:current": "16 A",
        "socket:type2:output": "3,7 kW",
        "voltage": "230"
      },
      "geometry": {
        "type": "Point",
        "coordinates": [
          13.49748,
          52.4376576
        ]
      },
      "id": "node/14118583158"
    },
    {
      "type": "Feature",
      "properties": {
        "@id": "node/14118583159",
        "amenity": "charging_station",
        "authentication:membership_card": "yes",
        "authentication:none": "yes",
        "brand": "ubitricity",
        "brand:wikidata": "Q113699692",
        "fee": "yes",
        "motorcar": "yes",
        "name": "ubitricity",
        "operator": "ubitricity",
        "operator:wikidata": "Q113699692",
        "parking:fee": "no",
        "socket:type2": "1",
        "socket:type2:current": "16 A",
        "socket:type2:output": "3,7 kW",
        "voltage": "230"
      },
      "geometry": {
        "type": "Point",
        "coordinates": [
          13.4981155,
          52.4384844
        ]
      },
      "id": "node/14118583159"
    },
    {
      "type": "Feature",
      "properties": {
        "@id": "node/14122698503",
        "amenity": "charging_station",
        "capacity": "2"
      },
      "geometry": {
        "type": "Point",
        "coordinates": [
          13.2727917,
          52.5349423
        ]
      },
      "id": "node/14122698503"
    },
    {
      "type": "Feature",
      "properties": {
        "@id": "node/14125800941",
        "amenity": "charging_station",
        "bicycle": "no",
        "capacity:motorcar": "2",
        "operator": "Berliner Stadtwerke"
      },
      "geometry": {
        "type": "Point",
        "coordinates": [
          13.2061088,
          52.5335827
        ]
      },
      "id": "node/14125800941"
    },
    {
      "type": "Feature",
      "properties": {
        "@id": "node/14127171715",
        "amenity": "charging_station",
        "bicycle": "no",
        "capacity:motorcar": "2",
        "operator": "Berliner Stadtwerke"
      },
      "geometry": {
        "type": "Point",
        "coordinates": [
          13.2025498,
          52.538837
        ]
      },
      "id": "node/14127171715"
    },
    {
      "type": "Feature",
      "properties": {
        "@id": "node/14130544086",
        "access": "yes",
        "amenity": "charging_station",
        "bicycle": "no",
        "capacity": "4",
        "fee": "yes",
        "maxstay": "90 minutes",
        "motorcar": "yes",
        "network": "Shell Recharge",
        "opening_hours": "24/7",
        "panoramax": "afae9d78-7c99-43dd-a1b9-4608d171c27f",
        "parking:fee": "no",
        "payment:app": "Shell Recharge App",
        "payment:cards": "yes",
        "payment:cash": "no",
        "payment:membership_card": "yes",
        "payment:qr_code": "no",
        "phone": "+49 40 809080513",
        "socket:type2_combo": "4",
        "socket:type2_combo:output": "150kW",
        "website": "https://find.shell.com/de/fuel/12986501-ev-rewe-berlin-adlergestell-74/de_DE"
      },
      "geometry": {
        "type": "Point",
        "coordinates": [
          13.6442045,
          52.3788958
        ]
      },
      "id": "node/14130544086"
    },
    {
      "type": "Feature",
      "properties": {
        "@id": "node/14136374988",
        "amenity": "charging_station",
        "capacity": "2",
        "fee": "yes"
      },
      "geometry": {
        "type": "Point",
        "coordinates": [
          13.6298606,
          52.4488873
        ]
      },
      "id": "node/14136374988"
    },
    {
      "type": "Feature",
      "properties": {
        "@id": "node/14143438868",
        "amenity": "charging_station",
        "name": "EnBW Ladestation",
        "opening_hours": "24/7"
      },
      "geometry": {
        "type": "Point",
        "coordinates": [
          13.3845824,
          52.4803625
        ]
      },
      "id": "node/14143438868"
    },
    {
      "type": "Feature",
      "properties": {
        "@id": "node/14159209011",
        "access": "no",
        "amenity": "charging_station",
        "capacity": "2",
        "operator": "Berliner Stadtwerke",
        "operator:wikidata": "Q21969102",
        "socket:type2": "2",
        "socket:type2:output": "22 kW"
      },
      "geometry": {
        "type": "Point",
        "coordinates": [
          13.4081204,
          52.550211
        ]
      },
      "id": "node/14159209011"
    }
  ]
}